species_id,species_name,scientific_name,animal_type_name,match_method,confidence,review_status,evidence,notes
SP378,Accenteur alpin,Prunella collaris,Petits Oiseaux,candidate_taxonomy_rule,high,approved,source description exact-name membership,Phase 1 operational classification; verify domain ownership before migration.
SP379,Accenteur mouchet,Prunella modularis,Petits Oiseaux,candidate_taxonomy_rule,high,approved,source description exact-name membership,Phase 1 operational classification; verify domain ownership before migration.
SP206,Aigle botté,Hieraaetus pennatus,Rapaces,candidate_taxonomy_rule,high,approved,taxonomy: AGW Rapace,Phase 1 operational classification; verify domain ownership before migration.
SP47,Aigle criard,Aquila clanga,Rapaces,candidate_taxonomy_rule,high,approved,taxonomy: AGW Rapace,Phase 1 operational classification; verify domain ownership before migration.
SP205,Aigle de Bonelli,Hieraaetus fasciatus,Rapaces,candidate_taxonomy_rule,high,approved,taxonomy: AGW Rapace,Phase 1 operational classification; verify domain ownership before migration.
SP48,Aigle pomarin,Aquila pomarina,Rapaces,candidate_taxonomy_rule,high,approved,taxonomy: AGW Rapace,Phase 1 operational classification; verify domain ownership before migration.
SP46,Aigle royal,Aquila chrysaetos,Rapaces,candidate_taxonomy_rule,high,approved,taxonomy: AGW Rapace,Phase 1 operational classification; verify domain ownership before migration.
SP156,Aigrette garzette,Egretta garzetta,Grands Oiseaux,candidate_taxonomy_rule,high,approved,source description exact-name membership,Phase 1 operational classification; verify domain ownership before migration.
SP259,Alouette calandre,Melanocorypha calandra,Moyens Oiseaux,candidate_taxonomy_rule,high,approved,source description exact-name membership,Phase 1 operational classification; verify domain ownership before migration.
SP82,Alouette calandrelle,Calandrella brachydactyla,Moyens Oiseaux,candidate_taxonomy_rule,high,approved,source description exact-name membership,Phase 1 operational classification; verify domain ownership before migration.
SP13,Alouette des champs,Alauda arvensis,Moyens Oiseaux,candidate_taxonomy_rule,high,approved,source description exact-name membership,Phase 1 operational classification; verify domain ownership before migration.
SP171,Alouette haussecol,Eremophila alpestris,Moyens Oiseaux,candidate_taxonomy_rule,high,approved,source description exact-name membership,Phase 1 operational classification; verify domain ownership before migration.
SP260,Alouette leucoptère,Melanocorypha leucoptera,Moyens Oiseaux,candidate_taxonomy_rule,high,approved,source description exact-name membership,Phase 1 operational classification; verify domain ownership before migration.
SP248,Alouette lulu,Lullula arborea,Moyens Oiseaux,candidate_taxonomy_rule,high,approved,source description exact-name membership,Phase 1 operational classification; verify domain ownership before migration.
SP19,Alyte accoucheur,Alytes obstetricans,"Reptiles, Amphibiens",candidate_taxonomy_rule,high,approved,taxonomy: class/AGW amphibian or reptile,Phase 1 operational classification; verify domain ownership before migration.
SP1,Autour des palombes,Accipiter gentilis,Rapaces,candidate_taxonomy_rule,high,approved,taxonomy: AGW Rapace,Phase 1 operational classification; verify domain ownership before migration.
SP389,Avocette élégante,Recurvirostra avosetta,Moyens Oiseaux,candidate_taxonomy_rule,high,approved,source description exact-name membership,Phase 1 operational classification; verify domain ownership before migration.
SP322,Balbuzard pêcheur,Pandion haliaetus,Rapaces,candidate_taxonomy_rule,high,approved,taxonomy: AGW Rapace,Phase 1 operational classification; verify domain ownership before migration.
SP64,Barbastelle,Barbastella barbastellus,chauves-souris,candidate_taxonomy_rule,high,approved,taxonomy: AGW Chauve-souris,Phase 1 operational classification; verify domain ownership before migration.
SP237,Barge rousse,Limosa lapponica,Moyens Oiseaux,candidate_taxonomy_rule,high,approved,source description exact-name membership,Phase 1 operational classification; verify domain ownership before migration.
SP238,Barge à queue noire,Limosa limosa,Moyens Oiseaux,candidate_taxonomy_rule,high,approved,source description exact-name membership,Phase 1 operational classification; verify domain ownership before migration.
SP246,Bec-croisé bifascié,Loxia leucoptera,Petits Oiseaux,candidate_taxonomy_rule,high,approved,source description exact-name membership,Phase 1 operational classification; verify domain ownership before migration.
SP245,Bec-croisé des sapins,Loxia curvirostra,Petits Oiseaux,candidate_taxonomy_rule,high,approved,source description exact-name membership,Phase 1 operational classification; verify domain ownership before migration.
SP247,Bec-croisé perroquet,Loxia pityopsittacus,Petits Oiseaux,candidate_taxonomy_rule,high,approved,source description exact-name membership,Phase 1 operational classification; verify domain ownership before migration.
SP282,Belette,Mustela nivalis,Mustélidés,candidate_taxonomy_rule,high,approved,taxonomy: AGW Mustélidé,Phase 1 operational classification; verify domain ownership before migration.
SP276,Bergeronnette des ruisseaux,Motacilla cinerea,Petits Oiseaux,candidate_taxonomy_rule,high,approved,source description exact-name membership,Phase 1 operational classification; verify domain ownership before migration.
SP275,Bergeronnette grise,Motacilla alba,Petits Oiseaux,candidate_taxonomy_rule,high,approved,source description exact-name membership,Phase 1 operational classification; verify domain ownership before migration.
SP277,Bergeronnette printanière,Motacilla flava,Petits Oiseaux,candidate_taxonomy_rule,high,approved,source description exact-name membership,Phase 1 operational classification; verify domain ownership before migration.
SP69,Bernache cravant,Branta bernicla,Grands Oiseaux,candidate_taxonomy_rule,high,approved,source description exact-name membership,Phase 1 operational classification; verify domain ownership before migration.
SP70,Bernache du Canada,Branta canadensis,Grands Oiseaux,candidate_taxonomy_rule,high,approved,source description exact-name membership,Phase 1 operational classification; verify domain ownership before migration.
SP71,Bernache nonnette,Branta leucopsis,Grands Oiseaux,candidate_taxonomy_rule,high,approved,source description exact-name membership,Phase 1 operational classification; verify domain ownership before migration.
SP72,Bernache à cou roux,Branta ruficollis,Grands Oiseaux,candidate_taxonomy_rule,high,approved,source description exact-name membership,Phase 1 operational classification; verify domain ownership before migration.
SP307,Bihoreau gris,Nycticorax nycticorax,Grands Oiseaux,candidate_taxonomy_rule,high,approved,source description exact-name membership,Phase 1 operational classification; verify domain ownership before migration.
SP261,Blaireau d'Europe,Meles meles,Mustélidés,candidate_taxonomy_rule,high,approved,taxonomy: AGW Mustélidé,Phase 1 operational classification; verify domain ownership before migration.
SP215,Blongios nain,Ixobrychus minutus,Grands Oiseaux,candidate_taxonomy_rule,high,approved,source description exact-name membership,Phase 1 operational classification; verify domain ownership before migration.
SP338,Bondrée apivore,Pernis apivorus,Rapaces,candidate_taxonomy_rule,high,approved,taxonomy: AGW Rapace,Phase 1 operational classification; verify domain ownership before migration.
SP107,Bouscarle de Cetti,Cettia cetti,Petits Oiseaux,candidate_taxonomy_rule,high,approved,source description exact-name membership,Phase 1 operational classification; verify domain ownership before migration.
SP383,Bouvreuil pivoine,Pyrrhula pyrrhula,Petits Oiseaux,candidate_taxonomy_rule,high,approved,source description exact-name membership,Phase 1 operational classification; verify domain ownership before migration.
SP481,Bouvreuil ponceau,Pyrrhula pyrrhula pyrrhula,Petits Oiseaux,candidate_taxonomy_rule,high,approved,source description exact-name membership,Phase 1 operational classification; verify domain ownership before migration.
SP159,Bruant auréole,Emberiza aureola,Petits Oiseaux,candidate_taxonomy_rule,high,approved,source description exact-name membership,Phase 1 operational classification; verify domain ownership before migration.
SP365,Bruant des neiges,Plectrophenax nivalis,Petits Oiseaux,candidate_taxonomy_rule,high,approved,source description exact-name membership,Phase 1 operational classification; verify domain ownership before migration.
SP168,Bruant des roseaux,Emberiza schoeniclus,Petits Oiseaux,candidate_taxonomy_rule,high,approved,source description exact-name membership,Phase 1 operational classification; verify domain ownership before migration.
SP161,Bruant fou,Emberiza cia,Petits Oiseaux,candidate_taxonomy_rule,high,approved,source description exact-name membership,Phase 1 operational classification; verify domain ownership before migration.
SP163,Bruant jaune,Emberiza citrinella,Petits Oiseaux,candidate_taxonomy_rule,high,approved,source description exact-name membership,Phase 1 operational classification; verify domain ownership before migration.
SP83,Bruant lapon,Calcarius lapponicus,Petits Oiseaux,candidate_taxonomy_rule,high,approved,source description exact-name membership,Phase 1 operational classification; verify domain ownership before migration.
SP166,Bruant nain,Emberiza pusilla,Petits Oiseaux,candidate_taxonomy_rule,high,approved,source description exact-name membership,Phase 1 operational classification; verify domain ownership before migration.
SP164,Bruant ortolan,Emberiza hortulana,Petits Oiseaux,candidate_taxonomy_rule,high,approved,source description exact-name membership,Phase 1 operational classification; verify domain ownership before migration.
SP160,Bruant proyer,Emberiza calandra,Petits Oiseaux,candidate_taxonomy_rule,high,approved,source description exact-name membership,Phase 1 operational classification; verify domain ownership before migration.
SP167,Bruant rustique,Emberiza rustica,Petits Oiseaux,candidate_taxonomy_rule,high,approved,source description exact-name membership,Phase 1 operational classification; verify domain ownership before migration.
SP162,Bruant zizi,Emberiza cirlus,Petits Oiseaux,candidate_taxonomy_rule,high,approved,source description exact-name membership,Phase 1 operational classification; verify domain ownership before migration.
SP165,Bruant à calotte blanche,Emberiza leucocephala,Petits Oiseaux,candidate_taxonomy_rule,high,approved,source description exact-name membership,Phase 1 operational classification; verify domain ownership before migration.
SP123,Busard cendré,Circus pygargus,Rapaces,candidate_taxonomy_rule,high,approved,taxonomy: AGW Rapace,Phase 1 operational classification; verify domain ownership before migration.
SP120,Busard des roseaux,Circus aeruginosus,Rapaces,candidate_taxonomy_rule,high,approved,taxonomy: AGW Rapace,Phase 1 operational classification; verify domain ownership before migration.
SP122,Busard pâle,Circus macrourus,Rapaces,candidate_taxonomy_rule,high,approved,taxonomy: AGW Rapace,Phase 1 operational classification; verify domain ownership before migration.
SP121,Busard Saint Martin,Circus cyaneus,Rapaces,candidate_taxonomy_rule,high,approved,taxonomy: AGW Rapace,Phase 1 operational classification; verify domain ownership before migration.
SP324,Buse de harris,Parabuteo unicinctus,Rapaces,candidate_taxonomy_rule,high,approved,taxonomy: AGW Rapace,Phase 1 operational classification; verify domain ownership before migration.
SP80,Buse pattue,Buteo lagopus,Rapaces,candidate_taxonomy_rule,high,approved,taxonomy: AGW Rapace,Phase 1 operational classification; verify domain ownership before migration.
SP79,Buse variable,Buteo buteo,Rapaces,candidate_taxonomy_rule,high,approved,taxonomy: AGW Rapace,Phase 1 operational classification; verify domain ownership before migration.
SP68,Butor étoilé,Botaurus stellaris,Grands Oiseaux,candidate_taxonomy_rule,high,approved,source description exact-name membership,Phase 1 operational classification; verify domain ownership before migration.
SP400,Bécasse des bois,Scolopax rusticola,Moyens Oiseaux,candidate_taxonomy_rule,high,approved,source description exact-name membership,Phase 1 operational classification; verify domain ownership before migration.
SP88,Bécasseau cocorli,Calidris ferruginea,Moyens Oiseaux,candidate_taxonomy_rule,high,approved,source description exact-name membership,Phase 1 operational classification; verify domain ownership before migration.
SP89,Bécasseau de Bonaparte,Calidris fuscicollis,Moyens Oiseaux,candidate_taxonomy_rule,high,approved,source description exact-name membership,Phase 1 operational classification; verify domain ownership before migration.
SP92,Bécasseau de Temminck,Calidris temminckii,Moyens Oiseaux,candidate_taxonomy_rule,high,approved,source description exact-name membership,Phase 1 operational classification; verify domain ownership before migration.
SP236,Bécasseau falcinelle,Limicola falcinellus,Moyens Oiseaux,candidate_taxonomy_rule,high,approved,source description exact-name membership,Phase 1 operational classification; verify domain ownership before migration.
SP87,Bécasseau maubèche,Calidris canutus,Moyens Oiseaux,candidate_taxonomy_rule,high,approved,source description exact-name membership,Phase 1 operational classification; verify domain ownership before migration.
SP91,Bécasseau minute,Calidris minuta,Moyens Oiseaux,candidate_taxonomy_rule,high,approved,source description exact-name membership,Phase 1 operational classification; verify domain ownership before migration.
SP85,Bécasseau sanderling,Calidris alba,Moyens Oiseaux,candidate_taxonomy_rule,high,approved,source description exact-name membership,Phase 1 operational classification; verify domain ownership before migration.
SP90,Bécasseau tacheté,Calidris melanotos,Moyens Oiseaux,candidate_taxonomy_rule,high,approved,source description exact-name membership,Phase 1 operational classification; verify domain ownership before migration.
SP86,Bécasseau variable,Calidris alpina,Moyens Oiseaux,candidate_taxonomy_rule,high,approved,source description exact-name membership,Phase 1 operational classification; verify domain ownership before migration.
SP84,Bécasseau à queue pointue,Calidris acuminata,Moyens Oiseaux,candidate_taxonomy_rule,high,approved,source description exact-name membership,Phase 1 operational classification; verify domain ownership before migration.
SP190,Bécassine des marais,Gallinago gallinago,Moyens Oiseaux,candidate_taxonomy_rule,high,approved,source description exact-name membership,Phase 1 operational classification; verify domain ownership before migration.
SP191,Bécassine double,Gallinago media,Moyens Oiseaux,candidate_taxonomy_rule,high,approved,source description exact-name membership,Phase 1 operational classification; verify domain ownership before migration.
SP253,Bécassine sourde,Lymnocryptes minimus,Moyens Oiseaux,candidate_taxonomy_rule,high,approved,source description exact-name membership,Phase 1 operational classification; verify domain ownership before migration.
SP140,Caille des blés,Coturnix coturnix,Moyens Oiseaux,candidate_taxonomy_rule,high,approved,source description exact-name membership,Phase 1 operational classification; verify domain ownership before migration.
SP478,Caille du Japon,Coturnix japonica,Moyens Oiseaux,candidate_taxonomy_rule,high,approved,source description exact-name membership,Phase 1 operational classification; verify domain ownership before migration.
SP308,Calopsitte,Nymphicus hollandicus,Moyens Oiseaux,candidate_taxonomy_rule,high,approved,source description exact-name membership,Phase 1 operational classification; verify domain ownership before migration.
SP127,Campagnol,Clethrionomys glareolus,Rongeurs,candidate_taxonomy_rule,high,approved,taxonomy: AGW Micro-mammifère,Phase 1 operational classification; verify domain ownership before migration.
SP269,Campagnol,Microtus arvalis,Rongeurs,candidate_taxonomy_rule,high,approved,taxonomy: AGW Micro-mammifère,Phase 1 operational classification; verify domain ownership before migration.
SP270,Campagnol,Microtus subterraneus,Rongeurs,candidate_taxonomy_rule,high,approved,taxonomy: AGW Micro-mammifère,Phase 1 operational classification; verify domain ownership before migration.
SP268,Campagnol agreste,Microtus agrestis,Rongeurs,candidate_taxonomy_rule,high,approved,taxonomy: AGW Micro-mammifère,Phase 1 operational classification; verify domain ownership before migration.
SP54,Campagnol terrestre,Arvicola terrestris,Rongeurs,candidate_taxonomy_rule,high,approved,taxonomy: AGW Micro-mammifère,Phase 1 operational classification; verify domain ownership before migration.
SP28,Canard chipeau,Anas strepera,Grands Oiseaux,candidate_taxonomy_rule,high,approved,source description exact-name membership,Phase 1 operational classification; verify domain ownership before migration.
SP25,Canard colvert,Anas platyrhynchos,Grands Oiseaux,candidate_taxonomy_rule,high,approved,source description exact-name membership,Phase 1 operational classification; verify domain ownership before migration.
SP81,Canard de barbarie,Cairina moschata,Grands Oiseaux,candidate_taxonomy_rule,high,approved,source description exact-name membership,Phase 1 operational classification; verify domain ownership before migration.
SP12,Canard mandarin,Aix galericulata,Grands Oiseaux,candidate_taxonomy_rule,high,approved,source description exact-name membership,Phase 1 operational classification; verify domain ownership before migration.
SP20,Canard pilet,Anas acuta,Grands Oiseaux,candidate_taxonomy_rule,high,approved,source description exact-name membership,Phase 1 operational classification; verify domain ownership before migration.
SP474,Canard semi-domestique,Anas,Grands Oiseaux,candidate_taxonomy_rule,high,approved,source description exact-name membership,Phase 1 operational classification; verify domain ownership before migration.
SP24,Canard siffleur,Anas penelope,Grands Oiseaux,candidate_taxonomy_rule,high,approved,source description exact-name membership,Phase 1 operational classification; verify domain ownership before migration.
SP21,Canard souchet,Anas clypeata,Grands Oiseaux,candidate_taxonomy_rule,high,approved,source description exact-name membership,Phase 1 operational classification; verify domain ownership before migration.
SP300,Cassenoix moucheté,Nucifraga caryocatactes,Moyens Oiseaux,candidate_taxonomy_rule,high,approved,source description exact-name membership,Phase 1 operational classification; verify domain ownership before migration.
SP103,Castor d'Europe,Castor fiber,"Autres mammifères (Procyonidé, Viverridés, ...)",candidate_taxonomy_rule,high,approved,taxonomy: Mammalia residual group,Phase 1 operational classification; verify domain ownership before migration.
SP106,Cerf élaphe,Cervus elaphus,Ongulés,candidate_taxonomy_rule,high,approved,source description exact-name membership,Phase 1 operational classification; verify domain ownership before migration.
SP97,Chardonneret élégant,Carduelis carduelis,Petits Oiseaux,candidate_taxonomy_rule,high,approved,source description exact-name membership,Phase 1 operational classification; verify domain ownership before migration.
SP179,Chat haret,Felis catus,"Autres mammifères (Procyonidé, Viverridés, ...)",candidate_taxonomy_rule,high,approved,taxonomy: AGW Domestique,Phase 1 operational classification; verify domain ownership before migration.
SP180,Chat sylvestre,Felis silvestris,"Autres mammifères (Procyonidé, Viverridés, ...)",candidate_taxonomy_rule,high,approved,taxonomy: Mammalia residual group,Phase 1 operational classification; verify domain ownership before migration.
SP447,Chevalier aboyeur,Tringa nebularia,Moyens Oiseaux,candidate_taxonomy_rule,high,approved,source description exact-name membership,Phase 1 operational classification; verify domain ownership before migration.
SP445,Chevalier arlequin,Tringa erythropus,Moyens Oiseaux,candidate_taxonomy_rule,high,approved,source description exact-name membership,Phase 1 operational classification; verify domain ownership before migration.
SP444,Chevalier bargette,Tringa cinerea,Moyens Oiseaux,candidate_taxonomy_rule,high,approved,source description exact-name membership,Phase 1 operational classification; verify domain ownership before migration.
SP448,Chevalier culblanc,Tringa ochropus,Moyens Oiseaux,candidate_taxonomy_rule,high,approved,source description exact-name membership,Phase 1 operational classification; verify domain ownership before migration.
SP450,Chevalier gambette,Tringa totanus,Moyens Oiseaux,candidate_taxonomy_rule,high,approved,source description exact-name membership,Phase 1 operational classification; verify domain ownership before migration.
SP9,Chevalier guignette,Actitis hypoleucos,Moyens Oiseaux,candidate_taxonomy_rule,high,approved,source description exact-name membership,Phase 1 operational classification; verify domain ownership before migration.
SP449,Chevalier stagnatile,Tringa stagnatilis,Moyens Oiseaux,candidate_taxonomy_rule,high,approved,source description exact-name membership,Phase 1 operational classification; verify domain ownership before migration.
SP446,Chevalier sylvain,Tringa glareola,Moyens Oiseaux,candidate_taxonomy_rule,high,approved,source description exact-name membership,Phase 1 operational classification; verify domain ownership before migration.
SP94,Chevreuil,Capreolus capreolus,Ongulés,candidate_taxonomy_rule,high,approved,source description exact-name membership,Phase 1 operational classification; verify domain ownership before migration.
SP57,Chevêche d'Athena,Athene noctua,Rapaces,candidate_taxonomy_rule,high,approved,taxonomy: AGW Rapace,Phase 1 operational classification; verify domain ownership before migration.
SP199,Chevêchette d'Europe,Glaucidium passerinum,Rapaces,candidate_taxonomy_rule,high,approved,taxonomy: AGW Rapace,Phase 1 operational classification; verify domain ownership before migration.
SP306,Chien viverrin,Nyctereutes procyonoides,Canidés,candidate_taxonomy_rule,high,approved,taxonomy: family Canidae,Phase 1 operational classification; verify domain ownership before migration.
SP139,Choucas des tours,Corvus monedula,Moyens Oiseaux,candidate_taxonomy_rule,high,approved,source description exact-name membership,Phase 1 operational classification; verify domain ownership before migration.
SP11,Chouette de Tengmalm,Aegolius funereus,Rapaces,candidate_taxonomy_rule,high,approved,taxonomy: AGW Rapace,Phase 1 operational classification; verify domain ownership before migration.
SP419,Chouette hulotte,Strix aluco,Rapaces,candidate_taxonomy_rule,high,approved,taxonomy: AGW Rapace,Phase 1 operational classification; verify domain ownership before migration.
SP422,Chouette épervière,Surnia ulula,Rapaces,candidate_taxonomy_rule,high,approved,taxonomy: AGW Rapace,Phase 1 operational classification; verify domain ownership before migration.
SP116,Cigogne blanche,Ciconia ciconia,Grands Oiseaux,candidate_taxonomy_rule,high,approved,source description exact-name membership,Phase 1 operational classification; verify domain ownership before migration.
SP117,Cigogne noire,Ciconia nigra,Grands Oiseaux,candidate_taxonomy_rule,high,approved,source description exact-name membership,Phase 1 operational classification; verify domain ownership before migration.
SP118,Cincle plongeur,Cinclus cinclus,Moyens Oiseaux,candidate_taxonomy_rule,high,approved,source description exact-name membership,Phase 1 operational classification; verify domain ownership before migration.
SP119,Circaète Jean le blanc,Circaetus gallicus,Rapaces,candidate_taxonomy_rule,high,approved,taxonomy: AGW Rapace,Phase 1 operational classification; verify domain ownership before migration.
SP124,Cisticole des joncs,Cisticola juncidis,Petits Oiseaux,candidate_taxonomy_rule,high,approved,source description exact-name membership,Phase 1 operational classification; verify domain ownership before migration.
SP479,Cistude,Emys,"Reptiles, Amphibiens",candidate_taxonomy_rule,high,approved,taxonomy: class/AGW amphibian or reptile,Phase 1 operational classification; verify domain ownership before migration.
SP189,Cochevis huppé,Galerida cristata,Moyens Oiseaux,candidate_taxonomy_rule,high,approved,source description exact-name membership,Phase 1 operational classification; verify domain ownership before migration.
SP130,Colin de Virginie,Colinus virginianus,Moyens Oiseaux,candidate_taxonomy_rule,high,approved,source description exact-name membership,Phase 1 operational classification; verify domain ownership before migration.
SP26,Colvert hybride,Anas platyrhynchos domesticus CI,Grands Oiseaux,candidate_taxonomy_rule,high,approved,source description exact-name membership,Phase 1 operational classification; verify domain ownership before migration.
SP345,Combattant varié,Philomachus pugnax,Moyens Oiseaux,candidate_taxonomy_rule,high,approved,source description exact-name membership,Phase 1 operational classification; verify domain ownership before migration.
SP138,Corbeau freux,Corvus frugilegus,Moyens Oiseaux,candidate_taxonomy_rule,high,approved,source description exact-name membership,Phase 1 operational classification; verify domain ownership before migration.
SP340,Cormoran huppé,Phalacrocorax aristotelis,Grands Oiseaux,candidate_taxonomy_rule,high,approved,source description exact-name membership,Phase 1 operational classification; verify domain ownership before migration.
SP137,Corneille noire,Corvus corone,Grands Oiseaux,candidate_taxonomy_rule,high,approved,source description exact-name membership,Phase 1 operational classification; verify domain ownership before migration.
SP135,Coronelle lisse,Coronella austriaca,"Reptiles, Amphibiens",candidate_taxonomy_rule,high,approved,taxonomy: class/AGW amphibian or reptile,Phase 1 operational classification; verify domain ownership before migration.
SP125,Coucou geai,Clamator glandarius,Moyens Oiseaux,candidate_taxonomy_rule,high,approved,source description exact-name membership,Phase 1 operational classification; verify domain ownership before migration.
SP145,Coucou gris,Cuculus canorus,Moyens Oiseaux,candidate_taxonomy_rule,high,approved,source description exact-name membership,Phase 1 operational classification; verify domain ownership before migration.
SP295,Couleuvre à collier,Natrix natrix,"Reptiles, Amphibiens",candidate_taxonomy_rule,high,approved,taxonomy: class/AGW amphibian or reptile,Phase 1 operational classification; verify domain ownership before migration.
SP129,Coulicou à bec jaune,Coccyzus americanus,Moyens Oiseaux,candidate_taxonomy_rule,high,approved,source description exact-name membership,Phase 1 operational classification; verify domain ownership before migration.
SP301,Courlis cendré,Numenius arquata,Grands Oiseaux,candidate_taxonomy_rule,high,approved,source description exact-name membership,Phase 1 operational classification; verify domain ownership before migration.
SP302,Courlis corlieu,Numenius phaeopus,Grands Oiseaux,candidate_taxonomy_rule,high,approved,source description exact-name membership,Phase 1 operational classification; verify domain ownership before migration.
SP303,Courlis à bec grèle,Numenius tenuirostris,Grands Oiseaux,candidate_taxonomy_rule,high,approved,source description exact-name membership,Phase 1 operational classification; verify domain ownership before migration.
SP52,Crabier chevelu,Ardeola ralloides,Grands Oiseaux,candidate_taxonomy_rule,high,approved,source description exact-name membership,Phase 1 operational classification; verify domain ownership before migration.
SP77,Crapaud calamite,Bufo calamita,"Reptiles, Amphibiens",candidate_taxonomy_rule,high,approved,taxonomy: class/AGW amphibian or reptile,Phase 1 operational classification; verify domain ownership before migration.
SP76,Crapaud commun,Bufo bufo,"Reptiles, Amphibiens",candidate_taxonomy_rule,high,approved,taxonomy: class/AGW amphibian or reptile,Phase 1 operational classification; verify domain ownership before migration.
SP147,Cygne chanteur,Cygnus cygnus,Grands Oiseaux,candidate_taxonomy_rule,high,approved,source description exact-name membership,Phase 1 operational classification; verify domain ownership before migration.
SP146,Cygne de Bewick,Cygnus columbianus bewickii,Grands Oiseaux,candidate_taxonomy_rule,high,approved,source description exact-name membership,Phase 1 operational classification; verify domain ownership before migration.
SP148,Cygne tuberculé,Cygnus olor,Grands Oiseaux,candidate_taxonomy_rule,high,approved,source description exact-name membership,Phase 1 operational classification; verify domain ownership before migration.
SP149,Daim,Dama dama,Ongulés,candidate_taxonomy_rule,high,approved,source description exact-name membership,Phase 1 operational classification; verify domain ownership before migration.
SP207,Echasse blanche,Himantopus himantopus,Moyens Oiseaux,candidate_taxonomy_rule,high,approved,source description exact-name membership,Phase 1 operational classification; verify domain ownership before migration.
SP399,Ecureuil roux,Sciurus vulgaris,"Autres mammifères (Procyonidé, Viverridés, ...)",candidate_taxonomy_rule,high,approved,taxonomy: Mammalia residual group,Phase 1 operational classification; verify domain ownership before migration.
SP462,Effraie des clochers,Tyto alba,Rapaces,candidate_taxonomy_rule,high,approved,taxonomy: AGW Rapace,Phase 1 operational classification; verify domain ownership before migration.
SP404,Eider à duvet,Somateria mollissima,Grands Oiseaux,candidate_taxonomy_rule,high,approved,source description exact-name membership,Phase 1 operational classification; verify domain ownership before migration.
SP157,Elanion blanc,Elanus caeruleus,Rapaces,candidate_taxonomy_rule,high,approved,taxonomy: AGW Rapace,Phase 1 operational classification; verify domain ownership before migration.
SP95,Engoulevent d'Europe,Caprimulgus europaeus,Moyens Oiseaux,candidate_taxonomy_rule,high,approved,source description exact-name membership,Phase 1 operational classification; verify domain ownership before migration.
SP2,Epervier d'Europe,Accipiter nisus,Rapaces,candidate_taxonomy_rule,high,approved,taxonomy: AGW Rapace,Phase 1 operational classification; verify domain ownership before migration.
SP320,Erismature rousse,Oxyura jamaicensis,Grands Oiseaux,candidate_taxonomy_rule,high,approved,source description exact-name membership,Phase 1 operational classification; verify domain ownership before migration.
SP321,Erismature à tête blanche,Oxyura leucocephala,Grands Oiseaux,candidate_taxonomy_rule,high,approved,source description exact-name membership,Phase 1 operational classification; verify domain ownership before migration.
SP420,Etourneau roselin,Sturnus roseus,Moyens Oiseaux,candidate_taxonomy_rule,high,approved,source description exact-name membership,Phase 1 operational classification; verify domain ownership before migration.
SP421,Etourneau sansonnet,Sturnus vulgaris,Moyens Oiseaux,candidate_taxonomy_rule,high,approved,source description exact-name membership,Phase 1 operational classification; verify domain ownership before migration.
SP344,Faisan de Colchide,Phasianus colchicus,Grands Oiseaux,candidate_taxonomy_rule,high,approved,source description exact-name membership,Phase 1 operational classification; verify domain ownership before migration.
SP177,Faucon crécerelle,Falco tinnunculus,Rapaces,candidate_taxonomy_rule,high,approved,taxonomy: AGW Rapace,Phase 1 operational classification; verify domain ownership before migration.
SP176,Faucon hobereau,Falco subbuteo,Rapaces,candidate_taxonomy_rule,high,approved,taxonomy: AGW Rapace,Phase 1 operational classification; verify domain ownership before migration.
SP178,Faucon kobez,Falco vespertinus,Rapaces,candidate_taxonomy_rule,high,approved,taxonomy: AGW Rapace,Phase 1 operational classification; verify domain ownership before migration.
SP175,Faucon pèlerin,Falco peregrinus,Rapaces,candidate_taxonomy_rule,high,approved,taxonomy: AGW Rapace,Phase 1 operational classification; verify domain ownership before migration.
SP174,Faucon émerillon,Falco columbarius,Rapaces,candidate_taxonomy_rule,high,approved,taxonomy: AGW Rapace,Phase 1 operational classification; verify domain ownership before migration.
SP428,Fauvette babillarde,Sylvia curruca,Petits Oiseaux,candidate_taxonomy_rule,high,approved,source description exact-name membership,Phase 1 operational classification; verify domain ownership before migration.
SP425,Fauvette des jardins,Sylvia borin,Petits Oiseaux,candidate_taxonomy_rule,high,approved,source description exact-name membership,Phase 1 operational classification; verify domain ownership before migration.
SP427,Fauvette grisette,Sylvia communis,Petits Oiseaux,candidate_taxonomy_rule,high,approved,source description exact-name membership,Phase 1 operational classification; verify domain ownership before migration.
SP430,Fauvette mélanocéphale,Sylvia melanocephala,Petits Oiseaux,candidate_taxonomy_rule,high,approved,source description exact-name membership,Phase 1 operational classification; verify domain ownership before migration.
SP429,Fauvette orphée,Sylvia hortensis,Petits Oiseaux,candidate_taxonomy_rule,high,approved,source description exact-name membership,Phase 1 operational classification; verify domain ownership before migration.
SP426,Fauvette passerinette,Sylvia cantillans,Petits Oiseaux,candidate_taxonomy_rule,high,approved,source description exact-name membership,Phase 1 operational classification; verify domain ownership before migration.
SP432,Fauvette pitchou,Sylvia undata,Petits Oiseaux,candidate_taxonomy_rule,high,approved,source description exact-name membership,Phase 1 operational classification; verify domain ownership before migration.
SP424,Fauvette à tête noire,Sylvia atricapilla,Petits Oiseaux,candidate_taxonomy_rule,high,approved,source description exact-name membership,Phase 1 operational classification; verify domain ownership before migration.
SP431,Fauvette épervière,Sylvia nisoria,Petits Oiseaux,candidate_taxonomy_rule,high,approved,source description exact-name membership,Phase 1 operational classification; verify domain ownership before migration.
SP274,Fou de Bassan,Morus bassanus,Grands Oiseaux,candidate_taxonomy_rule,high,approved,source description exact-name membership,Phase 1 operational classification; verify domain ownership before migration.
SP255,Fouine,Martes foina,Mustélidés,candidate_taxonomy_rule,high,approved,taxonomy: AGW Mustélidé,Phase 1 operational classification; verify domain ownership before migration.
SP187,Foulque macroule,Fulica atra,Moyens Oiseaux,candidate_taxonomy_rule,high,approved,source description exact-name membership,Phase 1 operational classification; verify domain ownership before migration.
SP60,Fuligule milouin,Aythya ferina,Grands Oiseaux,candidate_taxonomy_rule,high,approved,source description exact-name membership,Phase 1 operational classification; verify domain ownership before migration.
SP62,Fuligule milouinan,Aythya marila,Grands Oiseaux,candidate_taxonomy_rule,high,approved,source description exact-name membership,Phase 1 operational classification; verify domain ownership before migration.
SP61,Fuligule morillon,Aythya fuligula,Grands Oiseaux,candidate_taxonomy_rule,high,approved,source description exact-name membership,Phase 1 operational classification; verify domain ownership before migration.
SP63,Fuligule nyroca,Aythya nyroca,Grands Oiseaux,candidate_taxonomy_rule,high,approved,source description exact-name membership,Phase 1 operational classification; verify domain ownership before migration.
SP59,Fuligule à bec cerclé,Aythya collaris,Grands Oiseaux,candidate_taxonomy_rule,high,approved,source description exact-name membership,Phase 1 operational classification; verify domain ownership before migration.
SP188,Fulmar boréal,Fulmarus glacialis,Grands Oiseaux,candidate_taxonomy_rule,high,approved,source description exact-name membership,Phase 1 operational classification; verify domain ownership before migration.
SP192,Gallinule poule d'eau,Gallinula chloropus,Moyens Oiseaux,candidate_taxonomy_rule,high,approved,source description exact-name membership,Phase 1 operational classification; verify domain ownership before migration.
SP381,Ganga unibande,Pterocles orientalis,Grands Oiseaux,candidate_taxonomy_rule,high,approved,source description exact-name membership,Phase 1 operational classification; verify domain ownership before migration.
SP75,Garrot à oeil d'or,Bucephala clangula,Grands Oiseaux,candidate_taxonomy_rule,high,approved,source description exact-name membership,Phase 1 operational classification; verify domain ownership before migration.
SP193,Geai des chênes,Garrulus glandarius,Moyens Oiseaux,candidate_taxonomy_rule,high,approved,source description exact-name membership,Phase 1 operational classification; verify domain ownership before migration.
SP197,Genette,Genetta genetta,Mustélidés,candidate_taxonomy_rule,high,approved,taxonomy: AGW Mustélidé,Phase 1 operational classification; verify domain ownership before migration.
SP198,Glaréole à collier,Glareola pratincola,Moyens Oiseaux,candidate_taxonomy_rule,high,approved,source description exact-name membership,Phase 1 operational classification; verify domain ownership before migration.
SP280,Gobemouche gris,Muscicapa striata,Petits Oiseaux,candidate_taxonomy_rule,high,approved,source description exact-name membership,Phase 1 operational classification; verify domain ownership before migration.
SP183,Gobemouche nain,Ficedula parva,Petits Oiseaux,candidate_taxonomy_rule,high,approved,source description exact-name membership,Phase 1 operational classification; verify domain ownership before migration.
SP182,Gobemouche noir,Ficedula hypoleuca,Petits Oiseaux,candidate_taxonomy_rule,high,approved,source description exact-name membership,Phase 1 operational classification; verify domain ownership before migration.
SP181,Gobemouche à collier,Ficedula albicollis,Petits Oiseaux,candidate_taxonomy_rule,high,approved,source description exact-name membership,Phase 1 operational classification; verify domain ownership before migration.
SP251,Gorgebleue à miroir,Luscinia svecica,Petits Oiseaux,candidate_taxonomy_rule,high,approved,source description exact-name membership,Phase 1 operational classification; verify domain ownership before migration.
SP223,Goéland argenté,Larus argentatus,Grands Oiseaux,candidate_taxonomy_rule,high,approved,source description exact-name membership,Phase 1 operational classification; verify domain ownership before migration.
SP228,Goéland bourgmestre,Larus hyperboreus,Grands Oiseaux,candidate_taxonomy_rule,high,approved,source description exact-name membership,Phase 1 operational classification; verify domain ownership before migration.
SP226,Goéland brun,Larus fuscus,Grands Oiseaux,candidate_taxonomy_rule,high,approved,source description exact-name membership,Phase 1 operational classification; verify domain ownership before migration.
SP225,Goéland cendré,Larus canus,Grands Oiseaux,candidate_taxonomy_rule,high,approved,source description exact-name membership,Phase 1 operational classification; verify domain ownership before migration.
SP231,Goéland leucophée,Larus michahellis,Grands Oiseaux,candidate_taxonomy_rule,high,approved,source description exact-name membership,Phase 1 operational classification; verify domain ownership before migration.
SP229,Goéland marin,Larus marinus,Grands Oiseaux,candidate_taxonomy_rule,high,approved,source description exact-name membership,Phase 1 operational classification; verify domain ownership before migration.
SP224,Goéland pontique,Larus cachinnans,Grands Oiseaux,candidate_taxonomy_rule,high,approved,source description exact-name membership,Phase 1 operational classification; verify domain ownership before migration.
SP227,Goéland à ailes blanches,Larus glaucoides,Grands Oiseaux,candidate_taxonomy_rule,high,approved,source description exact-name membership,Phase 1 operational classification; verify domain ownership before migration.
SP136,Grand Corbeau,Corvus corax,Grands Oiseaux,candidate_taxonomy_rule,high,approved,source description exact-name membership,Phase 1 operational classification; verify domain ownership before migration.
SP341,Grand Cormoran,Phalacrocorax carbo,Grands Oiseaux,candidate_taxonomy_rule,high,approved,source description exact-name membership,Phase 1 operational classification; verify domain ownership before migration.
SP142,Grand Hasmter,Cricetus cricetus,Rongeurs,candidate_taxonomy_rule,high,approved,taxonomy: AGW Micro-mammifère,Phase 1 operational classification; verify domain ownership before migration.
SP411,Grand Labbe,Stercorarius skua,Grands Oiseaux,candidate_taxonomy_rule,high,approved,source description exact-name membership,Phase 1 operational classification; verify domain ownership before migration.
SP439,Grand Tétras,Tetrao urogallus,Grands Oiseaux,candidate_taxonomy_rule,high,approved,source description exact-name membership,Phase 1 operational classification; verify domain ownership before migration.
SP73,Grand-Duc d'Europe,Bubo bubo,Rapaces,candidate_taxonomy_rule,high,approved,taxonomy: AGW Rapace,Phase 1 operational classification; verify domain ownership before migration.
SP49,Grande Aigrette,Ardea alba,Grands Oiseaux,candidate_taxonomy_rule,high,approved,source description exact-name membership,Phase 1 operational classification; verify domain ownership before migration.
SP385,Grenouille agile,Rana dalmatina,"Reptiles, Amphibiens",candidate_taxonomy_rule,high,approved,taxonomy: class/AGW amphibian or reptile,Phase 1 operational classification; verify domain ownership before migration.
SP335,Grenouille de Lessona,Pelophylax lessonae,"Reptiles, Amphibiens",candidate_taxonomy_rule,high,approved,taxonomy: class/AGW amphibian or reptile,Phase 1 operational classification; verify domain ownership before migration.
SP336,Grenouille rieuse,Pelophylax ridibundus,"Reptiles, Amphibiens",candidate_taxonomy_rule,high,approved,taxonomy: class/AGW amphibian or reptile,Phase 1 operational classification; verify domain ownership before migration.
SP386,Grenouille rousse,Rana temporaria,"Reptiles, Amphibiens",candidate_taxonomy_rule,high,approved,taxonomy: class/AGW amphibian or reptile,Phase 1 operational classification; verify domain ownership before migration.
SP241,Grenouille taureau,Lithobates catesbeianus,"Reptiles, Amphibiens",candidate_taxonomy_rule,high,approved,taxonomy: class/AGW amphibian or reptile,Phase 1 operational classification; verify domain ownership before migration.
SP334,Grenouille verte,Pelophylax kl. esculentus,"Reptiles, Amphibiens",candidate_taxonomy_rule,high,approved,taxonomy: class/AGW amphibian or reptile,Phase 1 operational classification; verify domain ownership before migration.
SP104,Grimperau des jardins,Certhia brachydactyla,Petits Oiseaux,candidate_taxonomy_rule,high,approved,taxonomy: Aves residual operational group,Phase 1 operational classification; verify domain ownership before migration.
SP105,Grimpereau des bois,Certhia familiaris,Petits Oiseaux,candidate_taxonomy_rule,high,approved,source description exact-name membership,Phase 1 operational classification; verify domain ownership before migration.
SP455,Grive de Nauman,Turdus naumanni,Moyens Oiseaux,candidate_taxonomy_rule,high,approved,source description exact-name membership,Phase 1 operational classification; verify domain ownership before migration.
SP471,Grive de Sibérie,Zoothera sibirica,Moyens Oiseaux,candidate_taxonomy_rule,high,approved,source description exact-name membership,Phase 1 operational classification; verify domain ownership before migration.
SP470,Grive dorée,Zoothera dauma,Moyens Oiseaux,candidate_taxonomy_rule,high,approved,source description exact-name membership,Phase 1 operational classification; verify domain ownership before migration.
SP461,Grive draine,Turdus viscivorus,Moyens Oiseaux,candidate_taxonomy_rule,high,approved,source description exact-name membership,Phase 1 operational classification; verify domain ownership before migration.
SP458,Grive litorne,Turdus pilaris,Moyens Oiseaux,candidate_taxonomy_rule,high,approved,source description exact-name membership,Phase 1 operational classification; verify domain ownership before migration.
SP453,Grive mauvis,Turdus iliacus,Moyens Oiseaux,candidate_taxonomy_rule,high,approved,source description exact-name membership,Phase 1 operational classification; verify domain ownership before migration.
SP457,Grive musicienne,Turdus philomelos,Moyens Oiseaux,candidate_taxonomy_rule,high,approved,source description exact-name membership,Phase 1 operational classification; verify domain ownership before migration.
SP456,Grive obscure,Turdus obscurus,Moyens Oiseaux,candidate_taxonomy_rule,high,approved,source description exact-name membership,Phase 1 operational classification; verify domain ownership before migration.
SP459,Grive à gorge rousse,Turdus ruficollis,Moyens Oiseaux,candidate_taxonomy_rule,high,approved,source description exact-name membership,Phase 1 operational classification; verify domain ownership before migration.
SP128,Grosbec casse-noyaux,Coccothraustes coccothraustes,Petits Oiseaux,candidate_taxonomy_rule,high,approved,source description exact-name membership,Phase 1 operational classification; verify domain ownership before migration.
SP201,Grue cendrée,Grus grus,Grands Oiseaux,candidate_taxonomy_rule,high,approved,source description exact-name membership,Phase 1 operational classification; verify domain ownership before migration.
SP477,Grue royale,Balearica regulorum,Grands Oiseaux,candidate_taxonomy_rule,high,approved,source description exact-name membership,Phase 1 operational classification; verify domain ownership before migration.
SP434,Grèbe castagneux,Tachybaptus ruficollis,Moyens Oiseaux,candidate_taxonomy_rule,high,approved,source description exact-name membership,Phase 1 operational classification; verify domain ownership before migration.
SP370,Grèbe esclavon,Podiceps auritus,Moyens Oiseaux,candidate_taxonomy_rule,high,approved,source description exact-name membership,Phase 1 operational classification; verify domain ownership before migration.
SP371,Grèbe huppé,Podiceps cristatus,Grands Oiseaux,candidate_taxonomy_rule,high,approved,source description exact-name membership,Phase 1 operational classification; verify domain ownership before migration.
SP372,Grèbe jougris,Podiceps grisegena,Grands Oiseaux,candidate_taxonomy_rule,high,approved,source description exact-name membership,Phase 1 operational classification; verify domain ownership before migration.
SP373,Grèbe à cou noir,Podiceps nigricollis,Moyens Oiseaux,candidate_taxonomy_rule,high,approved,source description exact-name membership,Phase 1 operational classification; verify domain ownership before migration.
SP114,Guifette leucoptère,Chlidonias leucopterus,Moyens Oiseaux,candidate_taxonomy_rule,high,approved,source description exact-name membership,Phase 1 operational classification; verify domain ownership before migration.
SP113,Guifette moustac,Chlidonias hybridus,Moyens Oiseaux,candidate_taxonomy_rule,high,approved,source description exact-name membership,Phase 1 operational classification; verify domain ownership before migration.
SP115,Guifette noire,Chlidonias niger,Moyens Oiseaux,candidate_taxonomy_rule,high,approved,source description exact-name membership,Phase 1 operational classification; verify domain ownership before migration.
SP464,Guillemot de Troïl,Uria aalge,Grands Oiseaux,candidate_taxonomy_rule,high,approved,source description exact-name membership,Phase 1 operational classification; verify domain ownership before migration.
SP266,Guêpier d'Europe,Merops apiaster,Moyens Oiseaux,candidate_taxonomy_rule,high,approved,source description exact-name membership,Phase 1 operational classification; verify domain ownership before migration.
SP67,Gélinotte des bois,Bonasa bonasia,Grands Oiseaux,candidate_taxonomy_rule,high,approved,source description exact-name membership,Phase 1 operational classification; verify domain ownership before migration.
SP126,Harelde boréale,Clangula hyemalis,Grands Oiseaux,candidate_taxonomy_rule,high,approved,source description exact-name membership,Phase 1 operational classification; verify domain ownership before migration.
SP264,Harle bièvre,Mergus merganser,Grands Oiseaux,candidate_taxonomy_rule,high,approved,source description exact-name membership,Phase 1 operational classification; verify domain ownership before migration.
SP265,Harle huppé,Mergus serrator,Grands Oiseaux,candidate_taxonomy_rule,high,approved,source description exact-name membership,Phase 1 operational classification; verify domain ownership before migration.
SP263,Harle piette,Mergus albellus,Grands Oiseaux,candidate_taxonomy_rule,high,approved,source description exact-name membership,Phase 1 operational classification; verify domain ownership before migration.
SP281,Hermine,Mustela erminea,Mustélidés,candidate_taxonomy_rule,high,approved,taxonomy: AGW Mustélidé,Phase 1 operational classification; verify domain ownership before migration.
SP55,Hibou des marais,Asio flammeus,Rapaces,candidate_taxonomy_rule,high,approved,taxonomy: AGW Rapace,Phase 1 operational classification; verify domain ownership before migration.
SP56,Hibou moyen-duc,Asio otus,Rapaces,candidate_taxonomy_rule,high,approved,taxonomy: AGW Rapace,Phase 1 operational classification; verify domain ownership before migration.
SP150,Hirondelle de fenêtre,Delichon urbica,Petits Oiseaux,candidate_taxonomy_rule,high,approved,source description exact-name membership,Phase 1 operational classification; verify domain ownership before migration.
SP394,Hirondelle de rivage,Riparia riparia,Petits Oiseaux,candidate_taxonomy_rule,high,approved,source description exact-name membership,Phase 1 operational classification; verify domain ownership before migration.
SP382,Hirondelle des rochers,Ptyonoprogne rupestris,Petits Oiseaux,candidate_taxonomy_rule,high,approved,source description exact-name membership,Phase 1 operational classification; verify domain ownership before migration.
SP210,Hirondelle rousseline,Hirundo daurica,Petits Oiseaux,candidate_taxonomy_rule,high,approved,source description exact-name membership,Phase 1 operational classification; verify domain ownership before migration.
SP211,Hirondelle rustique,Hirundo rustica,Petits Oiseaux,candidate_taxonomy_rule,high,approved,source description exact-name membership,Phase 1 operational classification; verify domain ownership before migration.
SP463,Huppe fasciée,Upupa epops,Moyens Oiseaux,candidate_taxonomy_rule,high,approved,source description exact-name membership,Phase 1 operational classification; verify domain ownership before migration.
SP203,Huîtrier pie,Haematopus ostralegus,Grands Oiseaux,candidate_taxonomy_rule,high,approved,source description exact-name membership,Phase 1 operational classification; verify domain ownership before migration.
SP208,Hypolaïs ictérine,Hippolais icterina,Petits Oiseaux,candidate_taxonomy_rule,high,approved,source description exact-name membership,Phase 1 operational classification; verify domain ownership before migration.
SP209,Hypolaïs polyglotte,Hippolais polyglotta,Petits Oiseaux,candidate_taxonomy_rule,high,approved,source description exact-name membership,Phase 1 operational classification; verify domain ownership before migration.
SP172,Hérisson,Erinaceus europaeus,Hérissons / Insectivore,candidate_taxonomy_rule,high,approved,taxonomy: insectivore family,Phase 1 operational classification; verify domain ownership before migration.
SP476,Hérisson à ventre blanc,Atelerix albiventris,Rongeurs,candidate_taxonomy_rule,high,approved,taxonomy: AGW Micro-mammifère,Phase 1 operational classification; verify domain ownership before migration.
SP50,Héron cendré,Ardea cinerea,Grands Oiseaux,candidate_taxonomy_rule,high,approved,source description exact-name membership,Phase 1 operational classification; verify domain ownership before migration.
SP74,Héron garde-boeufs,Bubulcus ibis,Grands Oiseaux,candidate_taxonomy_rule,high,approved,source description exact-name membership,Phase 1 operational classification; verify domain ownership before migration.
SP51,Héron pourpré,Ardea purpurea,Grands Oiseaux,candidate_taxonomy_rule,high,approved,source description exact-name membership,Phase 1 operational classification; verify domain ownership before migration.
SP366,Ibis falcinelle,Plegadis falcinellus,Grands Oiseaux,candidate_taxonomy_rule,high,approved,source description exact-name membership,Phase 1 operational classification; verify domain ownership before migration.
SP66,Jaseur boréal,Bombycilla garrulus,Petits Oiseaux,candidate_taxonomy_rule,high,approved,source description exact-name membership,Phase 1 operational classification; verify domain ownership before migration.
SP409,Labbe parasite,Stercorarius parasiticus,Grands Oiseaux,candidate_taxonomy_rule,high,approved,source description exact-name membership,Phase 1 operational classification; verify domain ownership before migration.
SP410,Labbe pomarin,Stercorarius pomarinus,Grands Oiseaux,candidate_taxonomy_rule,high,approved,source description exact-name membership,Phase 1 operational classification; verify domain ownership before migration.
SP408,Labbe à longue queue,Stercorarius longicaudus,Grands Oiseaux,candidate_taxonomy_rule,high,approved,source description exact-name membership,Phase 1 operational classification; verify domain ownership before migration.
SP218,Lagopède,Lagopus lagopus,Grands Oiseaux,candidate_taxonomy_rule,high,approved,source description exact-name membership,Phase 1 operational classification; verify domain ownership before migration.
SP315,Lapin de Garenne,Oryctolagus cuniculus,Lagomorphe,candidate_taxonomy_rule,high,approved,taxonomy: order Lagomorpha,Phase 1 operational classification; verify domain ownership before migration.
SP316,Lapin domestique,Oryctolagus cuniculus domesticus,"Autres mammifères (Procyonidé, Viverridés, ...)",candidate_taxonomy_rule,high,approved,taxonomy: AGW Domestique,Phase 1 operational classification; verify domain ownership before migration.
SP96,Linotte mélodieuse,Carduelis cannabina,Petits Oiseaux,candidate_taxonomy_rule,high,approved,source description exact-name membership,Phase 1 operational classification; verify domain ownership before migration.
SP100,Linotte à bec jaune,Carduelis flavirostris,Petits Oiseaux,candidate_taxonomy_rule,high,approved,source description exact-name membership,Phase 1 operational classification; verify domain ownership before migration.
SP235,Lièvre d'Europe,Lepus europaeus,Lagomorphe,candidate_taxonomy_rule,high,approved,taxonomy: order Lagomorpha,Phase 1 operational classification; verify domain ownership before migration.
SP242,Locustelle fluviatile,Locustella fluviatilis,Petits Oiseaux,candidate_taxonomy_rule,high,approved,source description exact-name membership,Phase 1 operational classification; verify domain ownership before migration.
SP243,Locustelle luscinoïde,Locustella luscinioides,Petits Oiseaux,candidate_taxonomy_rule,high,approved,source description exact-name membership,Phase 1 operational classification; verify domain ownership before migration.
SP244,Locustelle tachetée,Locustella naevia,Petits Oiseaux,candidate_taxonomy_rule,high,approved,source description exact-name membership,Phase 1 operational classification; verify domain ownership before migration.
SP200,Loir,Glis glis,Rongeurs,candidate_taxonomy_rule,high,approved,taxonomy: AGW Micro-mammifère,Phase 1 operational classification; verify domain ownership before migration.
SP314,Loriot d'Europe,Oriolus oriolus,Moyens Oiseaux,candidate_taxonomy_rule,high,approved,source description exact-name membership,Phase 1 operational classification; verify domain ownership before migration.
SP93,Loup,Canis lupus,Canidés,candidate_taxonomy_rule,high,approved,taxonomy: family Canidae,Phase 1 operational classification; verify domain ownership before migration.
SP252,Loutre,Lutra lutra,Mustélidés,candidate_taxonomy_rule,high,approved,taxonomy: AGW Mustélidé,Phase 1 operational classification; verify domain ownership before migration.
SP254,Lynx boréal,Lynx lynx,"Autres mammifères (Procyonidé, Viverridés, ...)",candidate_taxonomy_rule,high,approved,taxonomy: Mammalia residual group,Phase 1 operational classification; verify domain ownership before migration.
SP158,Lérot,Eliomys quercinus,Rongeurs,candidate_taxonomy_rule,high,approved,taxonomy: AGW Micro-mammifère,Phase 1 operational classification; verify domain ownership before migration.
SP369,Lézard des murailles,Podarcis muralis,"Reptiles, Amphibiens",candidate_taxonomy_rule,high,approved,taxonomy: class/AGW amphibian or reptile,Phase 1 operational classification; verify domain ownership before migration.
SP217,Lézard des souches,Lacerta agilis,"Reptiles, Amphibiens",candidate_taxonomy_rule,high,approved,taxonomy: class/AGW amphibian or reptile,Phase 1 operational classification; verify domain ownership before migration.
SP472,Lézard vivipare,Zootoca vivipara,"Reptiles, Amphibiens",candidate_taxonomy_rule,high,approved,taxonomy: class/AGW amphibian or reptile,Phase 1 operational classification; verify domain ownership before migration.
SP184,Macareux moine,Fratercula arctica,Grands Oiseaux,candidate_taxonomy_rule,high,approved,source description exact-name membership,Phase 1 operational classification; verify domain ownership before migration.
SP257,Macreuse brune,Melanitta fusca,Grands Oiseaux,candidate_taxonomy_rule,high,approved,source description exact-name membership,Phase 1 operational classification; verify domain ownership before migration.
SP258,Macreuse noire,Melanitta nigra,Grands Oiseaux,candidate_taxonomy_rule,high,approved,source description exact-name membership,Phase 1 operational classification; verify domain ownership before migration.
SP376,Marouette de Baillon,Porzana pusilla,Moyens Oiseaux,candidate_taxonomy_rule,high,approved,source description exact-name membership,Phase 1 operational classification; verify domain ownership before migration.
SP375,Marouette ponctuée,Porzana porzana,Moyens Oiseaux,candidate_taxonomy_rule,high,approved,source description exact-name membership,Phase 1 operational classification; verify domain ownership before migration.
SP374,Marouette poussin,Porzana parva,Moyens Oiseaux,candidate_taxonomy_rule,high,approved,source description exact-name membership,Phase 1 operational classification; verify domain ownership before migration.
SP15,Martin-pêcheur d'Europe,Alcedo atthis,Moyens Oiseaux,candidate_taxonomy_rule,high,approved,source description exact-name membership,Phase 1 operational classification; verify domain ownership before migration.
SP44,Martinet noir,Apus apus,Petits Oiseaux,candidate_taxonomy_rule,high,approved,source description exact-name membership,Phase 1 operational classification; verify domain ownership before migration.
SP45,Martinet à ventre blanc,Apus melba,Petits Oiseaux,candidate_taxonomy_rule,high,approved,source description exact-name membership,Phase 1 operational classification; verify domain ownership before migration.
SP256,Martre des pins,Martes martes,Mustélidés,candidate_taxonomy_rule,high,approved,taxonomy: AGW Mustélidé,Phase 1 operational classification; verify domain ownership before migration.
SP17,Mergule nain,Alle alle,Grands Oiseaux,candidate_taxonomy_rule,high,approved,source description exact-name membership,Phase 1 operational classification; verify domain ownership before migration.
SP454,Merle noir,Turdus merula,Moyens Oiseaux,candidate_taxonomy_rule,high,approved,source description exact-name membership,Phase 1 operational classification; verify domain ownership before migration.
SP460,Merle à plastron,Turdus torquatus,Moyens Oiseaux,candidate_taxonomy_rule,high,approved,source description exact-name membership,Phase 1 operational classification; verify domain ownership before migration.
SP271,Milan noir,Milvus migrans,Rapaces,candidate_taxonomy_rule,high,approved,taxonomy: AGW Rapace,Phase 1 operational classification; verify domain ownership before migration.
SP272,Milan royal,Milvus milvus,Rapaces,candidate_taxonomy_rule,high,approved,taxonomy: AGW Rapace,Phase 1 operational classification; verify domain ownership before migration.
SP331,Moineau domestique,Passer domesticus,Petits Oiseaux,candidate_taxonomy_rule,high,approved,source description exact-name membership,Phase 1 operational classification; verify domain ownership before migration.
SP332,Moineau friquet,Passer montanus,Petits Oiseaux,candidate_taxonomy_rule,high,approved,source description exact-name membership,Phase 1 operational classification; verify domain ownership before migration.
SP339,Moineau soulcie,Petronia petronia,Petits Oiseaux,candidate_taxonomy_rule,high,approved,source description exact-name membership,Phase 1 operational classification; verify domain ownership before migration.
SP273,Monticole de roche,Monticola saxatilis,Moyens Oiseaux,candidate_taxonomy_rule,high,approved,source description exact-name membership,Phase 1 operational classification; verify domain ownership before migration.
SP234,Mouette de Sabine,Larus sabini,Grands Oiseaux,candidate_taxonomy_rule,high,approved,source description exact-name membership,Phase 1 operational classification; verify domain ownership before migration.
SP230,Mouette mélanocéphale,Larus melanocephalus,Grands Oiseaux,candidate_taxonomy_rule,high,approved,source description exact-name membership,Phase 1 operational classification; verify domain ownership before migration.
SP232,Mouette pygmée,Larus minutus,Grands Oiseaux,candidate_taxonomy_rule,high,approved,source description exact-name membership,Phase 1 operational classification; verify domain ownership before migration.
SP233,Mouette rieuse,Larus ridibundus,Grands Oiseaux,candidate_taxonomy_rule,high,approved,source description exact-name membership,Phase 1 operational classification; verify domain ownership before migration.
SP395,Mouette tridactyle,Rissa triactyla,Grands Oiseaux,candidate_taxonomy_rule,high,approved,source description exact-name membership,Phase 1 operational classification; verify domain ownership before migration.
SP319,Mouflon x Mouton domestique,Ovis gmelini musimon x Ovis sp.,Ongulés,candidate_taxonomy_rule,high,approved,source description exact-name membership,Phase 1 operational classification; verify domain ownership before migration.
SP42,Mulot,Apodemus flavicollis,Rongeurs,candidate_taxonomy_rule,high,approved,taxonomy: AGW Micro-mammifère,Phase 1 operational classification; verify domain ownership before migration.
SP43,Mulot sylvestre,Apodemus sylvaticus,Rongeurs,candidate_taxonomy_rule,high,approved,taxonomy: AGW Micro-mammifère,Phase 1 operational classification; verify domain ownership before migration.
SP169,Murin,Eptesicus nilssonii,chauves-souris,candidate_taxonomy_rule,high,approved,taxonomy: AGW Chauve-souris,Phase 1 operational classification; verify domain ownership before migration.
SP286,Murin,Myotis alcathoe,chauves-souris,candidate_taxonomy_rule,high,approved,taxonomy: AGW Chauve-souris,Phase 1 operational classification; verify domain ownership before migration.
SP287,Murin,Myotis bechsteinii,chauves-souris,candidate_taxonomy_rule,high,approved,taxonomy: AGW Chauve-souris,Phase 1 operational classification; verify domain ownership before migration.
SP288,Murin,Myotis brandtii,chauves-souris,candidate_taxonomy_rule,high,approved,taxonomy: AGW Chauve-souris,Phase 1 operational classification; verify domain ownership before migration.
SP289,Murin,Myotis dasycneme,chauves-souris,candidate_taxonomy_rule,high,approved,taxonomy: AGW Chauve-souris,Phase 1 operational classification; verify domain ownership before migration.
SP291,Murin,Myotis emarginatus,chauves-souris,candidate_taxonomy_rule,high,approved,taxonomy: AGW Chauve-souris,Phase 1 operational classification; verify domain ownership before migration.
SP292,Murin,Myotis myotis,chauves-souris,candidate_taxonomy_rule,high,approved,taxonomy: AGW Chauve-souris,Phase 1 operational classification; verify domain ownership before migration.
SP293,Murin,Myotis mystacinus,chauves-souris,candidate_taxonomy_rule,high,approved,taxonomy: AGW Chauve-souris,Phase 1 operational classification; verify domain ownership before migration.
SP294,Murin,Myotis nattereri,chauves-souris,candidate_taxonomy_rule,high,approved,taxonomy: AGW Chauve-souris,Phase 1 operational classification; verify domain ownership before migration.
SP290,Murin de Daubenton,Myotis daubentonii,chauves-souris,candidate_taxonomy_rule,high,approved,taxonomy: AGW Chauve-souris,Phase 1 operational classification; verify domain ownership before migration.
SP296,Musaraigne,Neomys anomalus,Hérissons / Insectivore,candidate_taxonomy_rule,high,approved,taxonomy: insectivore family,Phase 1 operational classification; verify domain ownership before migration.
SP297,Musaraigne,Neomys fodiens,Hérissons / Insectivore,candidate_taxonomy_rule,high,approved,taxonomy: insectivore family,Phase 1 operational classification; verify domain ownership before migration.
SP406,Musaraigne,Sorex coronatus,Hérissons / Insectivore,candidate_taxonomy_rule,high,approved,taxonomy: insectivore family,Phase 1 operational classification; verify domain ownership before migration.
SP407,Musaraigne,Sorex minutus,Hérissons / Insectivore,candidate_taxonomy_rule,high,approved,taxonomy: insectivore family,Phase 1 operational classification; verify domain ownership before migration.
SP143,Musaraigne bicolore,Crocidura leucodon,Hérissons / Insectivore,candidate_taxonomy_rule,high,approved,taxonomy: insectivore family,Phase 1 operational classification; verify domain ownership before migration.
SP405,Musaraigne carrelet,Sorex araneus,Hérissons / Insectivore,candidate_taxonomy_rule,high,approved,taxonomy: insectivore family,Phase 1 operational classification; verify domain ownership before migration.
SP144,Musaraigne musette,Crocidura russula,Hérissons / Insectivore,candidate_taxonomy_rule,high,approved,taxonomy: insectivore family,Phase 1 operational classification; verify domain ownership before migration.
SP279,Muscardin,Muscardinus avellanarius,Rongeurs,candidate_taxonomy_rule,high,approved,taxonomy: AGW Micro-mammifère,Phase 1 operational classification; verify domain ownership before migration.
SP326,Mésange bleue,Parus caeruleus,Petits Oiseaux,candidate_taxonomy_rule,high,approved,source description exact-name membership,Phase 1 operational classification; verify domain ownership before migration.
SP329,Mésange boréale,Parus montanus,Petits Oiseaux,candidate_taxonomy_rule,high,approved,source description exact-name membership,Phase 1 operational classification; verify domain ownership before migration.
SP328,Mésange charbonnière,Parus major,Petits Oiseaux,candidate_taxonomy_rule,high,approved,source description exact-name membership,Phase 1 operational classification; verify domain ownership before migration.
SP327,Mésange huppée,Parus cristatus,Petits Oiseaux,candidate_taxonomy_rule,high,approved,source description exact-name membership,Phase 1 operational classification; verify domain ownership before migration.
SP325,Mésange noire,Parus ater,Petits Oiseaux,candidate_taxonomy_rule,high,approved,source description exact-name membership,Phase 1 operational classification; verify domain ownership before migration.
SP330,Mésange nonnette,Parus palustris,Petits Oiseaux,candidate_taxonomy_rule,high,approved,source description exact-name membership,Phase 1 operational classification; verify domain ownership before migration.
SP299,Nette rousse,Netta rufina,Grands Oiseaux,candidate_taxonomy_rule,high,approved,source description exact-name membership,Phase 1 operational classification; verify domain ownership before migration.
SP304,Noctule,Nyctalus leisleri,chauves-souris,candidate_taxonomy_rule,high,approved,taxonomy: AGW Chauve-souris,Phase 1 operational classification; verify domain ownership before migration.
SP305,Noctule commune,Nyctalus noctula,chauves-souris,candidate_taxonomy_rule,high,approved,taxonomy: AGW Chauve-souris,Phase 1 operational classification; verify domain ownership before migration.
SP309,Océanite culblanc,Oceanodroma leucorhoa,Petits Oiseaux,candidate_taxonomy_rule,high,approved,source description exact-name membership,Phase 1 operational classification; verify domain ownership before migration.
SP212,Océanite tempête,Hydrobates pelagicus,Petits Oiseaux,candidate_taxonomy_rule,high,approved,source description exact-name membership,Phase 1 operational classification; verify domain ownership before migration.
SP78,Oedicnème criard,Burhinus oedicnemus,Grands Oiseaux,candidate_taxonomy_rule,high,approved,source description exact-name membership,Phase 1 operational classification; verify domain ownership before migration.
SP32,Oie cendrée,Anser anser,Grands Oiseaux,candidate_taxonomy_rule,high,approved,source description exact-name membership,Phase 1 operational classification; verify domain ownership before migration.
SP34,Oie des moissons,Anser fabalis,Grands Oiseaux,candidate_taxonomy_rule,high,approved,source description exact-name membership,Phase 1 operational classification; verify domain ownership before migration.
SP30,Oie domestique,Anser,Grands Oiseaux,candidate_taxonomy_rule,high,approved,source description exact-name membership,Phase 1 operational classification; verify domain ownership before migration.
SP31,Oie rieuse,Anser albifrons,Grands Oiseaux,candidate_taxonomy_rule,high,approved,source description exact-name membership,Phase 1 operational classification; verify domain ownership before migration.
SP33,Oie à bec court,Anser brachyrhynchus,Grands Oiseaux,candidate_taxonomy_rule,high,approved,source description exact-name membership,Phase 1 operational classification; verify domain ownership before migration.
SP475,Oie à tête barrée,Anser indicus,Grands Oiseaux,candidate_taxonomy_rule,high,approved,source description exact-name membership,Phase 1 operational classification; verify domain ownership before migration.
SP312,Oisillon,Oisillon,Petits Oiseaux,candidate_taxonomy_rule,high,approved,source description exact-name membership,Phase 1 operational classification; verify domain ownership before migration.
SP364,Oreillard,Plecotus austriacus,Petits Oiseaux,candidate_taxonomy_rule,high,approved,source description exact-name membership,Phase 1 operational classification; verify domain ownership before migration.
SP363,Oreillard roux,Plecotus auritus,chauves-souris,candidate_taxonomy_rule,high,approved,taxonomy: AGW Chauve-souris,Phase 1 operational classification; verify domain ownership before migration.
SP10,Orite à longue queue,Aegithalos caudatus,Petits Oiseaux,candidate_taxonomy_rule,high,approved,source description exact-name membership,Phase 1 operational classification; verify domain ownership before migration.
SP29,Orvet fragile,Anguis fragilis,"Reptiles, Amphibiens",candidate_taxonomy_rule,high,approved,taxonomy: class/AGW amphibian or reptile,Phase 1 operational classification; verify domain ownership before migration.
SP18,Ouette d'Egypte,Alopochen aegyptiacus,Grands Oiseaux,candidate_taxonomy_rule,high,approved,source description exact-name membership,Phase 1 operational classification; verify domain ownership before migration.
SP317,Outarde barbue,Otis tarda,Grands Oiseaux,candidate_taxonomy_rule,high,approved,source description exact-name membership,Phase 1 operational classification; verify domain ownership before migration.
SP440,Outarde canepetière,Tetrax tetrax,Grands Oiseaux,candidate_taxonomy_rule,high,approved,source description exact-name membership,Phase 1 operational classification; verify domain ownership before migration.
SP112,Outarde houbara,Chlamydotis undulata,Grands Oiseaux,candidate_taxonomy_rule,high,approved,source description exact-name membership,Phase 1 operational classification; verify domain ownership before migration.
SP323,Panure à moustaches,Panurus biarmicus,Petits Oiseaux,candidate_taxonomy_rule,high,approved,source description exact-name membership,Phase 1 operational classification; verify domain ownership before migration.
SP480,Paon,Pavo,Grands Oiseaux,candidate_taxonomy_rule,high,approved,source description exact-name membership,Phase 1 operational classification; verify domain ownership before migration.
SP337,Perdrix grise,Perdix perdix,Grands Oiseaux,candidate_taxonomy_rule,high,approved,source description exact-name membership,Phase 1 operational classification; verify domain ownership before migration.
SP16,Perdrix rouge,Alectoris fufa,Grands Oiseaux,candidate_taxonomy_rule,high,approved,source description exact-name membership,Phase 1 operational classification; verify domain ownership before migration.
SP262,Perruche ondulée,Melopsittacus undulatus,Moyens Oiseaux,candidate_taxonomy_rule,high,approved,source description exact-name membership,Phase 1 operational classification; verify domain ownership before migration.
SP380,Perruche à collier,Psittacula krameri,Moyens Oiseaux,candidate_taxonomy_rule,high,approved,source description exact-name membership,Phase 1 operational classification; verify domain ownership before migration.
SP318,Petit-duc scops,Otus scops,Rapaces,candidate_taxonomy_rule,high,approved,taxonomy: AGW Rapace,Phase 1 operational classification; verify domain ownership before migration.
SP342,Phalarope à bec large,Phalaropus fulicarius,Moyens Oiseaux,candidate_taxonomy_rule,high,approved,source description exact-name membership,Phase 1 operational classification; verify domain ownership before migration.
SP343,Phalarope à bec étroit,Phalaropus lobatus,Moyens Oiseaux,candidate_taxonomy_rule,high,approved,source description exact-name membership,Phase 1 operational classification; verify domain ownership before migration.
SP5,Phragmite aquatique,Acrocephalus paludicola,Petits Oiseaux,candidate_taxonomy_rule,high,approved,source description exact-name membership,Phase 1 operational classification; verify domain ownership before migration.
SP7,Phragmite des joncs,Acrocephalus schoenobaenus,Petits Oiseaux,candidate_taxonomy_rule,high,approved,source description exact-name membership,Phase 1 operational classification; verify domain ownership before migration.
SP356,Pic cendré,Picus canus,Moyens Oiseaux,candidate_taxonomy_rule,high,approved,source description exact-name membership,Phase 1 operational classification; verify domain ownership before migration.
SP153,Pic mar,Dendrocopos medius,Moyens Oiseaux,candidate_taxonomy_rule,high,approved,source description exact-name membership,Phase 1 operational classification; verify domain ownership before migration.
SP155,Pic noir,Dryocopus martius,Moyens Oiseaux,candidate_taxonomy_rule,high,approved,source description exact-name membership,Phase 1 operational classification; verify domain ownership before migration.
SP357,Pic vert,Picus viridis,Moyens Oiseaux,candidate_taxonomy_rule,high,approved,source description exact-name membership,Phase 1 operational classification; verify domain ownership before migration.
SP151,Pic à dos blanc,Dendrocopos leucotos,Moyens Oiseaux,candidate_taxonomy_rule,high,approved,source description exact-name membership,Phase 1 operational classification; verify domain ownership before migration.
SP152,Pic épeiche,Dendrocopos major,Moyens Oiseaux,candidate_taxonomy_rule,high,approved,source description exact-name membership,Phase 1 operational classification; verify domain ownership before migration.
SP154,Pic épeichette,Dendrocopos minor,Moyens Oiseaux,candidate_taxonomy_rule,high,approved,source description exact-name membership,Phase 1 operational classification; verify domain ownership before migration.
SP355,Pie bavarde,Pica pica,Grands Oiseaux,candidate_taxonomy_rule,high,approved,source description exact-name membership,Phase 1 operational classification; verify domain ownership before migration.
SP220,Pie-grièche grise,Lanius excubitor,Petits Oiseaux,candidate_taxonomy_rule,high,approved,source description exact-name membership,Phase 1 operational classification; verify domain ownership before migration.
SP221,Pie-grièche à poitrine rose,Lanius minor,Petits Oiseaux,candidate_taxonomy_rule,high,approved,source description exact-name membership,Phase 1 operational classification; verify domain ownership before migration.
SP222,Pie-grièche à tête rousse,Lanius senator,Petits Oiseaux,candidate_taxonomy_rule,high,approved,source description exact-name membership,Phase 1 operational classification; verify domain ownership before migration.
SP219,Pie-grièche écorcheur,Lanius collurio,Petits Oiseaux,candidate_taxonomy_rule,high,approved,source description exact-name membership,Phase 1 operational classification; verify domain ownership before migration.
SP131,Pigeon biset féral,Columba livia,Petits Oiseaux,candidate_taxonomy_rule,high,approved,taxonomy: Aves residual operational group,Phase 1 operational classification; verify domain ownership before migration.
SP132,Pigeon colombin,Columba oenas,Petits Oiseaux,candidate_taxonomy_rule,high,approved,taxonomy: Aves residual operational group,Phase 1 operational classification; verify domain ownership before migration.
SP487,Pigeon domestique,Columba livia var. domestica,Petits Oiseaux,candidate_taxonomy_rule,high,approved,taxonomy: Aves residual operational group,Phase 1 operational classification; verify domain ownership before migration.
SP133,Pigeon ramier,Columba palumbus,Petits Oiseaux,candidate_taxonomy_rule,high,approved,taxonomy: Aves residual operational group,Phase 1 operational classification; verify domain ownership before migration.
SP14,Pingouin torda,Alca torda,Grands Oiseaux,candidate_taxonomy_rule,high,approved,source description exact-name membership,Phase 1 operational classification; verify domain ownership before migration.
SP185,Pinson des arbres,Fringilla coelebs,Petits Oiseaux,candidate_taxonomy_rule,high,approved,source description exact-name membership,Phase 1 operational classification; verify domain ownership before migration.
SP186,Pinson du Nord,Fringilla montifringilla,Petits Oiseaux,candidate_taxonomy_rule,high,approved,source description exact-name membership,Phase 1 operational classification; verify domain ownership before migration.
SP358,Pipistrelle,Pipistrellus kuhlii,chauves-souris,candidate_taxonomy_rule,high,approved,taxonomy: AGW Chauve-souris,Phase 1 operational classification; verify domain ownership before migration.
SP359,Pipistrelle,Pipistrellus nathusii,chauves-souris,candidate_taxonomy_rule,high,approved,taxonomy: AGW Chauve-souris,Phase 1 operational classification; verify domain ownership before migration.
SP360,Pipistrelle,Pipistrellus pipistrellus,chauves-souris,candidate_taxonomy_rule,high,approved,taxonomy: AGW Chauve-souris,Phase 1 operational classification; verify domain ownership before migration.
SP361,Pipistrelle,Pipistrellus pygmaeus,chauves-souris,candidate_taxonomy_rule,high,approved,taxonomy: AGW Chauve-souris,Phase 1 operational classification; verify domain ownership before migration.
SP39,Pipit de Richard,Anthus richardi,Petits Oiseaux,candidate_taxonomy_rule,high,approved,source description exact-name membership,Phase 1 operational classification; verify domain ownership before migration.
SP41,Pipit des arbres,Anthus trivialis,Petits Oiseaux,candidate_taxonomy_rule,high,approved,source description exact-name membership,Phase 1 operational classification; verify domain ownership before migration.
SP38,Pipit farlouse,Anthus pratensis,Petits Oiseaux,candidate_taxonomy_rule,high,approved,source description exact-name membership,Phase 1 operational classification; verify domain ownership before migration.
SP37,Pipit maritime,Anthus petrosus,Petits Oiseaux,candidate_taxonomy_rule,high,approved,source description exact-name membership,Phase 1 operational classification; verify domain ownership before migration.
SP35,Pipit rousseline,Anthus campestris,Petits Oiseaux,candidate_taxonomy_rule,high,approved,source description exact-name membership,Phase 1 operational classification; verify domain ownership before migration.
SP40,Pipit spioncelle,Anthus spinoletta,Petits Oiseaux,candidate_taxonomy_rule,high,approved,source description exact-name membership,Phase 1 operational classification; verify domain ownership before migration.
SP36,Pipit à gorge rousse,Anthus cervinus,Petits Oiseaux,candidate_taxonomy_rule,high,approved,source description exact-name membership,Phase 1 operational classification; verify domain ownership before migration.
SP194,Plongeon arctique,Gavia arctica,Grands Oiseaux,candidate_taxonomy_rule,high,approved,source description exact-name membership,Phase 1 operational classification; verify domain ownership before migration.
SP195,Plongeon catmarin,Gavia stellata,Grands Oiseaux,candidate_taxonomy_rule,high,approved,source description exact-name membership,Phase 1 operational classification; verify domain ownership before migration.
SP368,Pluvier argenté,Pluvialis squatarola,Moyens Oiseaux,candidate_taxonomy_rule,high,approved,source description exact-name membership,Phase 1 operational classification; verify domain ownership before migration.
SP367,Pluvier doré,Pluvialis apricaria,Moyens Oiseaux,candidate_taxonomy_rule,high,approved,source description exact-name membership,Phase 1 operational classification; verify domain ownership before migration.
SP110,Pluvier grand gravelot,Charadrius hiaticula,Moyens Oiseaux,candidate_taxonomy_rule,high,approved,source description exact-name membership,Phase 1 operational classification; verify domain ownership before migration.
SP108,Pluvier gravelot à collier interrompu,Charadrius alexandrinus,Moyens Oiseaux,candidate_taxonomy_rule,high,approved,source description exact-name membership,Phase 1 operational classification; verify domain ownership before migration.
SP111,Pluvier guignard,Charadrius morinellus,Moyens Oiseaux,candidate_taxonomy_rule,high,approved,source description exact-name membership,Phase 1 operational classification; verify domain ownership before migration.
SP109,Pluvier petit gravelot,Charadrius dubius,Moyens Oiseaux,candidate_taxonomy_rule,high,approved,source description exact-name membership,Phase 1 operational classification; verify domain ownership before migration.
SP348,Pouillot de Bonelli,Phylloscopus bonelli,Petits Oiseaux,candidate_taxonomy_rule,high,approved,source description exact-name membership,Phase 1 operational classification; verify domain ownership before migration.
SP351,Pouillot de Pallas,Phylloscopus proregulus,Petits Oiseaux,candidate_taxonomy_rule,high,approved,source description exact-name membership,Phase 1 operational classification; verify domain ownership before migration.
SP352,Pouillot de Schwarz,Phylloscopus schwarzi,Petits Oiseaux,candidate_taxonomy_rule,high,approved,source description exact-name membership,Phase 1 operational classification; verify domain ownership before migration.
SP354,Pouillot fitis,Phylloscopus trochilus,Petits Oiseaux,candidate_taxonomy_rule,high,approved,source description exact-name membership,Phase 1 operational classification; verify domain ownership before migration.
SP353,Pouillot siffleur,Phylloscopus sibilatrix,Petits Oiseaux,candidate_taxonomy_rule,high,approved,source description exact-name membership,Phase 1 operational classification; verify domain ownership before migration.
SP349,Pouillot véloce,Phylloscopus collybita,Petits Oiseaux,candidate_taxonomy_rule,high,approved,source description exact-name membership,Phase 1 operational classification; verify domain ownership before migration.
SP350,Pouillot à grands sourcils,Phylloscopus inornatus,Petits Oiseaux,candidate_taxonomy_rule,high,approved,source description exact-name membership,Phase 1 operational classification; verify domain ownership before migration.
SP283,Putois,Mustela putorius,Mustélidés,candidate_taxonomy_rule,high,approved,taxonomy: AGW Mustélidé,Phase 1 operational classification; verify domain ownership before migration.
SP204,Pygargue à queue blanche,Haliaeetus albicilla,Rapaces,candidate_taxonomy_rule,high,approved,taxonomy: AGW Rapace,Phase 1 operational classification; verify domain ownership before migration.
SP333,Pélobate brun,Pelobates fuscus,"Reptiles, Amphibiens",candidate_taxonomy_rule,high,approved,taxonomy: class/AGW amphibian or reptile,Phase 1 operational classification; verify domain ownership before migration.
SP285,Ragondin,Myocastor coypus,"Autres mammifères (Procyonidé, Viverridés, ...)",candidate_taxonomy_rule,high,approved,taxonomy: Mammalia residual group,Phase 1 operational classification; verify domain ownership before migration.
SP213,Rainette verte,Hyla arborea,"Reptiles, Amphibiens",candidate_taxonomy_rule,high,approved,taxonomy: class/AGW amphibian or reptile,Phase 1 operational classification; verify domain ownership before migration.
SP387,Rat brun,Rattus norvegicus,Rongeurs,candidate_taxonomy_rule,high,approved,taxonomy: AGW Micro-mammifère,Phase 1 operational classification; verify domain ownership before migration.
SP267,Rat des moissons,Micromys minutus,Rongeurs,candidate_taxonomy_rule,high,approved,taxonomy: AGW Micro-mammifère,Phase 1 operational classification; verify domain ownership before migration.
SP313,Rat musqué,Ondatra zibethicus,"Autres mammifères (Procyonidé, Viverridés, ...)",candidate_taxonomy_rule,high,approved,taxonomy: Mammalia residual group,Phase 1 operational classification; verify domain ownership before migration.
SP388,Rat noir,Rattus rattus,Rongeurs,candidate_taxonomy_rule,high,approved,taxonomy: AGW Micro-mammifère,Phase 1 operational classification; verify domain ownership before migration.
SP377,Raton laveur,Procyon lotor,"Autres mammifères (Procyonidé, Viverridés, ...)",candidate_taxonomy_rule,high,approved,taxonomy: Mammalia residual group,Phase 1 operational classification; verify domain ownership before migration.
SP58,Remiz penduline,Remiz pendulinus,Petits Oiseaux,candidate_taxonomy_rule,high,approved,source description exact-name membership,Phase 1 operational classification; verify domain ownership before migration.
SP468,Renard roux,Vulpes vulpes,Canidés,candidate_taxonomy_rule,high,approved,taxonomy: family Canidae,Phase 1 operational classification; verify domain ownership before migration.
SP392,Rhinolophe grand fer à cheval,Rhinolophus ferrumequinum,chauves-souris,candidate_taxonomy_rule,high,approved,taxonomy: AGW Chauve-souris,Phase 1 operational classification; verify domain ownership before migration.
SP393,Rhinolophe petit fer à cheval,Rhinolophus hipposideros,chauves-souris,candidate_taxonomy_rule,high,approved,taxonomy: AGW Chauve-souris,Phase 1 operational classification; verify domain ownership before migration.
SP391,Roitelet huppé,Regulus regulus,Petits Oiseaux,candidate_taxonomy_rule,high,approved,source description exact-name membership,Phase 1 operational classification; verify domain ownership before migration.
SP390,Roitelet à triple bandeau,Regulus ignicapillus,Petits Oiseaux,candidate_taxonomy_rule,high,approved,source description exact-name membership,Phase 1 operational classification; verify domain ownership before migration.
SP134,Rollier d'Europe,Coracias garrulus,Moyens Oiseaux,candidate_taxonomy_rule,high,approved,source description exact-name membership,Phase 1 operational classification; verify domain ownership before migration.
SP102,Roselin cramoisi,Carpodacus erythrinus,Petits Oiseaux,candidate_taxonomy_rule,high,approved,source description exact-name membership,Phase 1 operational classification; verify domain ownership before migration.
SP250,Rossignol philomèle,Luscinia megarhynchos,Petits Oiseaux,candidate_taxonomy_rule,high,approved,source description exact-name membership,Phase 1 operational classification; verify domain ownership before migration.
SP249,Rossignol progné,Luscinia luscinia,Petits Oiseaux,candidate_taxonomy_rule,high,approved,source description exact-name membership,Phase 1 operational classification; verify domain ownership before migration.
SP173,Rougegorge familier,Erithacus rubecula,Petits Oiseaux,candidate_taxonomy_rule,high,approved,source description exact-name membership,Phase 1 operational classification; verify domain ownership before migration.
SP346,Rougequeue noir,Phoenicurus ochruros,Petits Oiseaux,candidate_taxonomy_rule,high,approved,source description exact-name membership,Phase 1 operational classification; verify domain ownership before migration.
SP347,Rougequeue à front blanc,Phoenicurus phoenicurus,Petits Oiseaux,candidate_taxonomy_rule,high,approved,source description exact-name membership,Phase 1 operational classification; verify domain ownership before migration.
SP8,Rousserolle effarvatte,Acrocephalus scirpaceus,Petits Oiseaux,candidate_taxonomy_rule,high,approved,source description exact-name membership,Phase 1 operational classification; verify domain ownership before migration.
SP3,Rousserolle isabelle,Acrocephalus agricola,Petits Oiseaux,candidate_taxonomy_rule,high,approved,source description exact-name membership,Phase 1 operational classification; verify domain ownership before migration.
SP4,Rousserolle turdoïde,Acrocephalus arundinaceus,Petits Oiseaux,candidate_taxonomy_rule,high,approved,source description exact-name membership,Phase 1 operational classification; verify domain ownership before migration.
SP6,Rousserolle verderolle,Acrocephalus palustris,Petits Oiseaux,candidate_taxonomy_rule,high,approved,source description exact-name membership,Phase 1 operational classification; verify domain ownership before migration.
SP384,Râle d'eau,Rallus aquaticus,Moyens Oiseaux,candidate_taxonomy_rule,high,approved,source description exact-name membership,Phase 1 operational classification; verify domain ownership before migration.
SP141,Râle des genêts,Crex crex,Moyens Oiseaux,candidate_taxonomy_rule,high,approved,source description exact-name membership,Phase 1 operational classification; verify domain ownership before migration.
SP396,Salamandre tachetée,Salamandra salamandra,"Reptiles, Amphibiens",candidate_taxonomy_rule,high,approved,taxonomy: class/AGW amphibian or reptile,Phase 1 operational classification; verify domain ownership before migration.
SP423,Sanglier,Sus scrofa,Ongulés,candidate_taxonomy_rule,high,approved,source description exact-name membership,Phase 1 operational classification; verify domain ownership before migration.
SP22,Sarcelle d'hiver,Anas crecca,Grands Oiseaux,candidate_taxonomy_rule,high,approved,source description exact-name membership,Phase 1 operational classification; verify domain ownership before migration.
SP27,Sarcelle d'été,Anas querquedula,Grands Oiseaux,candidate_taxonomy_rule,high,approved,source description exact-name membership,Phase 1 operational classification; verify domain ownership before migration.
SP23,Sarcelle à ailes bleues,Anas discors,Grands Oiseaux,candidate_taxonomy_rule,high,approved,source description exact-name membership,Phase 1 operational classification; verify domain ownership before migration.
SP402,Serin cini,Serinus serinus,Petits Oiseaux,candidate_taxonomy_rule,high,approved,source description exact-name membership,Phase 1 operational classification; verify domain ownership before migration.
SP466,Serotine bicolore,Vespertilio murinus,chauves-souris,candidate_taxonomy_rule,high,approved,taxonomy: AGW Chauve-souris,Phase 1 operational classification; verify domain ownership before migration.
SP403,Sittelle d'Europe,Sitta europaea,Petits Oiseaux,candidate_taxonomy_rule,high,approved,source description exact-name membership,Phase 1 operational classification; verify domain ownership before migration.
SP473,Sizerin cabaret,Acanthis cabaret,Petits Oiseaux,candidate_taxonomy_rule,high,approved,source description exact-name membership,Phase 1 operational classification; verify domain ownership before migration.
SP99,Sizerin flammé,Carduelis flammea,Petits Oiseaux,candidate_taxonomy_rule,high,approved,source description exact-name membership,Phase 1 operational classification; verify domain ownership before migration.
SP65,Sonneur à ventre jaune,Bombina variegata,"Reptiles, Amphibiens",candidate_taxonomy_rule,high,approved,taxonomy: class/AGW amphibian or reptile,Phase 1 operational classification; verify domain ownership before migration.
SP278,Souris,Mus domesticus,Rongeurs,candidate_taxonomy_rule,high,approved,taxonomy: AGW Micro-mammifère,Phase 1 operational classification; verify domain ownership before migration.
SP362,Spatule blanche,Platalea leucorodia,Grands Oiseaux,candidate_taxonomy_rule,high,approved,source description exact-name membership,Phase 1 operational classification; verify domain ownership before migration.
SP415,Sterne arctique,Sterna paradisaea,Moyens Oiseaux,candidate_taxonomy_rule,high,approved,source description exact-name membership,Phase 1 operational classification; verify domain ownership before migration.
SP413,Sterne caspienne,Sterna caspia,Moyens Oiseaux,candidate_taxonomy_rule,high,approved,source description exact-name membership,Phase 1 operational classification; verify domain ownership before migration.
SP416,Sterne caugek,Sterna sandvicensis,Moyens Oiseaux,candidate_taxonomy_rule,high,approved,source description exact-name membership,Phase 1 operational classification; verify domain ownership before migration.
SP196,Sterne hansel,Gelochelidon nilotica,Moyens Oiseaux,candidate_taxonomy_rule,high,approved,source description exact-name membership,Phase 1 operational classification; verify domain ownership before migration.
SP412,Sterne naine,Sterna albifrons,Moyens Oiseaux,candidate_taxonomy_rule,high,approved,source description exact-name membership,Phase 1 operational classification; verify domain ownership before migration.
SP414,Sterne pierregarin,Sterna hirundo,Moyens Oiseaux,candidate_taxonomy_rule,high,approved,source description exact-name membership,Phase 1 operational classification; verify domain ownership before migration.
SP433,Syrrhapte paradoxal,Syrrhaptes paradoxus,Grands Oiseaux,candidate_taxonomy_rule,high,approved,source description exact-name membership,Phase 1 operational classification; verify domain ownership before migration.
SP170,Sérotine commune,Eptesicus serotinus,chauves-souris,candidate_taxonomy_rule,high,approved,taxonomy: AGW Chauve-souris,Phase 1 operational classification; verify domain ownership before migration.
SP435,Tadorne de Belon,Tadorna tadorna,Grands Oiseaux,candidate_taxonomy_rule,high,approved,source description exact-name membership,Phase 1 operational classification; verify domain ownership before migration.
SP437,Tamia de Sibérie,Tamias sibiricus,"Autres mammifères (Procyonidé, Viverridés, ...)",candidate_taxonomy_rule,high,approved,taxonomy: Mammalia residual group,Phase 1 operational classification; verify domain ownership before migration.
SP397,Tarier des prés,Saxicola rubetra,Petits Oiseaux,candidate_taxonomy_rule,high,approved,source description exact-name membership,Phase 1 operational classification; verify domain ownership before migration.
SP398,Tarier pâtre (torquatus),Saxicola rubicola,Petits Oiseaux,candidate_taxonomy_rule,high,approved,source description exact-name membership,Phase 1 operational classification; verify domain ownership before migration.
SP101,Tarin des aulnes,Carduelis spinus,Petits Oiseaux,candidate_taxonomy_rule,high,approved,source description exact-name membership,Phase 1 operational classification; verify domain ownership before migration.
SP436,Taupe,Talpa europaea,Rongeurs,candidate_taxonomy_rule,high,approved,taxonomy: AGW Micro-mammifère,Phase 1 operational classification; verify domain ownership before migration.
SP438,Tetras lyre,Tetrao tetrix,Grands Oiseaux,candidate_taxonomy_rule,high,approved,source description exact-name membership,Phase 1 operational classification; verify domain ownership before migration.
SP441,Tichodrome échelette,Tichodroma muraria,Petits Oiseaux,candidate_taxonomy_rule,high,approved,source description exact-name membership,Phase 1 operational classification; verify domain ownership before migration.
SP216,Torcol fourmilier,Jynx torquilla,Moyens Oiseaux,candidate_taxonomy_rule,high,approved,source description exact-name membership,Phase 1 operational classification; verify domain ownership before migration.
SP442,Tortue aquatique,Tortue aquatique,"Reptiles, Amphibiens",candidate_taxonomy_rule,high,approved,taxonomy: class/AGW amphibian or reptile,Phase 1 operational classification; verify domain ownership before migration.
SP484,Tortue d'Hermann,Testudo hermanni,"Reptiles, Amphibiens",candidate_taxonomy_rule,high,approved,taxonomy: class/AGW amphibian or reptile,Phase 1 operational classification; verify domain ownership before migration.
SP443,Tortue de Floride,Trachemys scripta,"Reptiles, Amphibiens",candidate_taxonomy_rule,high,approved,taxonomy: class/AGW amphibian or reptile,Phase 1 operational classification; verify domain ownership before migration.
SP483,Tortue terrestre,Testudinidae,"Reptiles, Amphibiens",candidate_taxonomy_rule,high,approved,taxonomy: class/AGW amphibian or reptile,Phase 1 operational classification; verify domain ownership before migration.
SP53,Tournepierre à collier,Arenaria interpres,Moyens Oiseaux,candidate_taxonomy_rule,high,approved,source description exact-name membership,Phase 1 operational classification; verify domain ownership before migration.
SP418,Tourterelle des bois,Streptopelia turtur,Petits Oiseaux,candidate_taxonomy_rule,high,approved,taxonomy: Aves residual operational group,Phase 1 operational classification; verify domain ownership before migration.
SP417,Tourterelle turque,Streptopelia decaocto,Petits Oiseaux,candidate_taxonomy_rule,high,approved,taxonomy: Aves residual operational group,Phase 1 operational classification; verify domain ownership before migration.
SP311,Traquet motteux,Oenanthe oenanthe,Petits Oiseaux,candidate_taxonomy_rule,high,approved,source description exact-name membership,Phase 1 operational classification; verify domain ownership before migration.
SP310,Traquet oreillard,Oenanthe hispanica,Petits Oiseaux,candidate_taxonomy_rule,high,approved,source description exact-name membership,Phase 1 operational classification; verify domain ownership before migration.
SP214,Triton alpestre,Ichthyosaura alpestris,"Reptiles, Amphibiens",candidate_taxonomy_rule,high,approved,taxonomy: class/AGW amphibian or reptile,Phase 1 operational classification; verify domain ownership before migration.
SP451,Triton crêté,Triturus cristatus,"Reptiles, Amphibiens",candidate_taxonomy_rule,high,approved,taxonomy: class/AGW amphibian or reptile,Phase 1 operational classification; verify domain ownership before migration.
SP239,Triton palmé,Lissotriton helveticus,"Reptiles, Amphibiens",candidate_taxonomy_rule,high,approved,taxonomy: class/AGW amphibian or reptile,Phase 1 operational classification; verify domain ownership before migration.
SP240,Triton ponctué,Lissotriton vulgaris,"Reptiles, Amphibiens",candidate_taxonomy_rule,high,approved,taxonomy: class/AGW amphibian or reptile,Phase 1 operational classification; verify domain ownership before migration.
SP452,Troglodyte mignon,Troglodytes troglodytes,Petits Oiseaux,candidate_taxonomy_rule,high,approved,source description exact-name membership,Phase 1 operational classification; verify domain ownership before migration.
SP465,Vanneau huppé,Vanellus vanellus,Moyens Oiseaux,candidate_taxonomy_rule,high,approved,source description exact-name membership,Phase 1 operational classification; verify domain ownership before migration.
SP202,Vautour fauve,Gyps fulvus,Rapaces,candidate_taxonomy_rule,high,approved,taxonomy: AGW Rapace,Phase 1 operational classification; verify domain ownership before migration.
SP298,Vautour percnoptère,Neophron percnopterus,Rapaces,candidate_taxonomy_rule,high,approved,taxonomy: AGW Rapace,Phase 1 operational classification; verify domain ownership before migration.
SP401,Venturon montagnard,Serinus citrinella,Petits Oiseaux,candidate_taxonomy_rule,high,approved,source description exact-name membership,Phase 1 operational classification; verify domain ownership before migration.
SP98,Verdier d'Europe,Carduelis chloris,Petits Oiseaux,candidate_taxonomy_rule,high,approved,source description exact-name membership,Phase 1 operational classification; verify domain ownership before migration.
SP467,Vipère péliade,Vipera berus,"Reptiles, Amphibiens",candidate_taxonomy_rule,high,approved,taxonomy: class/AGW amphibian or reptile,Phase 1 operational classification; verify domain ownership before migration.
SP284,Vison américain,Mustela vison (Neovison vison),Mustélidés,candidate_taxonomy_rule,high,approved,taxonomy: AGW Mustélidé,Phase 1 operational classification; verify domain ownership before migration.
SP469,Xénope lisse,Xenopus laevis,"Reptiles, Amphibiens",candidate_taxonomy_rule,high,approved,taxonomy: class/AGW amphibian or reptile,Phase 1 operational classification; verify domain ownership before migration.
