unique_id,table,record_id,field,fr_value,en-US,nl,de
fd853ac6-5624-59b7-97b1-bf9aa449da06,animalages,55e46d9c-3918-4b89-9f97-5e2534d1baca,description,Sans plumes ou sans poils,Featherless or hairless,Vederloos of haarloos,Federlos oder haarlos
248b167c-7c6c-5412-9d9d-b4ad6807e6c7,animalages,55e46d9c-3918-4b89-9f97-5e2534d1baca,name,bébé,baby,baby,Baby
18385489-e88a-5bf9-8f80-4283269095c6,animalages,666b9be9-1b39-4e85-9a8c-390a08e16b69,name,juvénile,juvenile,juvéniel,Jugendlich
2752e3f2-74bc-40ec-bc92-c35a90583e1d,animalages,684529ae-5b1c-4721-88c9-4bceab2a565f,name,juvénile,juvenile,juvéniel,Jugendlich
66a0f833-d5d6-4d31-9672-c972bae523b2,animalages,85d68c26-34f5-41ba-8a5f-3bedfe680b65,name,bébé,baby,baby,Baby
068183dd-81a5-5712-a521-0edde44b27eb,animalages,d8d41503-f5ba-422b-896c-116a4931605f,name,adulte,adult,volwassen,Erwachsen
756b4d7f-61d0-4c2c-ae6d-401a15f3c2f2,animalages,e722220d-c92c-4373-9f8a-895f5650f3fe,name,adulte,adult,volwassen,Erwachsen
a6505a87-c369-4772-b4a2-a0f9b86df2a2,animaltypes,1d2bf17b-9216-41e1-9978-89755011d773,description,"Guillemot de Troïl, ",Common Murre (Guillemot),Zeekoet,Trottellumme
e6a4c832-e356-4fdd-870d-ebacd3ecf06b,animaltypes,1d2bf17b-9216-41e1-9978-89755011d773,name,Grands oiseaux,Large birds,Grote vogels,Große Vögel
259f86c9-c4a4-4756-aee4-370215808f0e,animaltypes,2278a7b9-fa09-447d-8e5a-b345b2b6cd94,default_species,Ecureuil roux,Red squirrel,Rode eekhoorn,Rothörnchen
8cd839fb-73b3-4a6c-af1d-5acf63b4a3de,animaltypes,2278a7b9-fa09-447d-8e5a-b345b2b6cd94,description,"Castor d'Europe, ",European Beaver,Europese bever,Europäischer Biber
162884dd-b485-4da5-8004-0a80cffa3c86,animaltypes,2278a7b9-fa09-447d-8e5a-b345b2b6cd94,name,Rongeurs,Rodents,Knaagdieren,Nagetiere
0234a072-c688-4ebe-a1f8-208e303b69b4,animaltypes,5775940f-3581-403d-b403-fb96bfd176d6,default_species,Chevreuil,Roe Deer,Ree,Reh
ce4eb170-4d28-4b1d-995a-fbf3ecc01f66,animaltypes,5775940f-3581-403d-b403-fb96bfd176d6,description,"Mouflon x Mouton domestique, ",Mouflon x Domestic Sheep,Mufflon x Huisschaap,Mufflon x Hausschaf
7de7def3-b108-400f-9a51-5d3632b8f40f,animaltypes,5775940f-3581-403d-b403-fb96bfd176d6,name,Ongulés,Ungulates,Hoefdieren,Paarhufer
3e5ae0be-9e3a-4df8-807e-60dd0d70d7ed,animaltypes,5d3aecb0-7cfe-4030-a55f-f3195dd83ed9,description,"Alouette calandre, ",Calandra Lark,Kalanderleeuwerik,Kalanderlerche
1e07ca64-360b-46b2-8392-d5f80f2b75ab,animaltypes,5d3aecb0-7cfe-4030-a55f-f3195dd83ed9,name,Moyens Oiseaux,Medium birds,Middelgrote vogels,Mittelgroße Vögel
4d1a9f9d-cabf-53fe-8fa5-45e1ff9d46a9,animaltypes,6392f594-f4ad-47f5-b3af-7d4a511560df,default_species,Lièvre d\\'Europe,European Brown Hare,Europese haas,Europäischer Feldhase
186ba432-e367-416f-9e30-380a7b4cd266,animaltypes,6392f594-f4ad-47f5-b3af-7d4a511560df,description,"Lapin de Garenne, ",European Rabbit,Konijn,Wildkaninchen
cffe5bf5-7ebf-40e4-87b4-8e16c70e5685,animaltypes,6392f594-f4ad-47f5-b3af-7d4a511560df,name,Lapins et Lièvres (Lagomorphes),Rabbits and Hares (Lagomorphs),Konijnen en Hazen (Lagomorfen),Hasenartige (Lagomorphe)
7329e555-bd58-55e4-b689-0ede74e42053,animaltypes,a82ea68b-9ad5-4373-b3b8-41ca7b5df956,name,"Reptiles, Amphibiens",Reptiles, Amphibians,Reptielen
37959596-4ff2-43d9-8e20-aaf967720876,animaltypes,abcb23b2-c39e-4835-b5db-6f0ea359b562,default_species,Renard roux,Red fox,Vos,Rotfuchs
7ee0de4e-75db-40c3-a2f8-6bd5e16aba68,animaltypes,abcb23b2-c39e-4835-b5db-6f0ea359b562,description,"Chien viverrin, ",Raccoon dog,Wasbeerhond,Marderhund
0baa34a0-45c6-4dc6-9e59-f30a0f4a0dca,animaltypes,abcb23b2-c39e-4835-b5db-6f0ea359b562,name,Canidés,Canids,Hondachtigen,Hundeartige
ffb33dbc-f2ec-4ed3-9697-2d6335c7e02b,animaltypes,ad5dcb5a-d7f2-45b8-8dcb-a63722a72d27,description,"Hypolaïs ictérine, ",Icterine Warbler,Spotvogel,Gelbspötter
2c9de822-1e6f-4abe-9f74-c0fc13919945,animaltypes,ad5dcb5a-d7f2-45b8-8dcb-a63722a72d27,name,Petits Oiseaux,Small birds,Kleine vogels,Kleine Vögel
4a98090a-97f0-4921-b878-91ce08152666,animaltypes,b3e9ca56-b28e-407a-8b6d-5f39970d2a17,description,"Alyte accoucheur, ",Midwife Toad,Vroedmeesterpad,Geburtshelferkröte
b1d5a3f3-db02-4800-8097-ccde8d909145,animaltypes,b3e9ca56-b28e-407a-8b6d-5f39970d2a17,name,Reptiles et Amphibiens,Reptiles and Amphibians,Reptielen en Amfibieën,Reptilien und Amphibien
51bd7954-ca22-4f23-baf2-bfa895897fde,animaltypes,bb6d50bd-e790-4c2a-9895-6c84a2143b60,default_species,Pipistrelle,Pipistrelle bat,Forel,Zwergfledermaus
3eb545e4-ecf9-4f29-ac1f-f2f3510e125f,animaltypes,bb6d50bd-e790-4c2a-9895-6c84a2143b60,description,"Rhinolophe grand fer à cheval, ",Greater Horseshoe Bat,Grote hoefijzerneus,Große Hufeisennase
29959711-9660-49b3-955e-cec800872c39,animaltypes,bb6d50bd-e790-4c2a-9895-6c84a2143b60,name,chauves-souris,bats,vleermuizen,Fledermäuse
6874e6d6-2a0f-44ef-b905-4ea2cc869560,animaltypes,c4f8665c-a23a-46b6-93f4-5349ff16102c,default_species,Chat sylvestre,European Wildcat,Wilde kat,Wildkatze
3cdd0aa2-8030-4586-9e46-683ba04811f7,animaltypes,c4f8665c-a23a-46b6-93f4-5349ff16102c,description,"Chat sylvestre, ",European Wildcat,Wilde kat,Wildkatze
977e629e-023b-4695-b997-ee62bce4a064,animaltypes,c4f8665c-a23a-46b6-93f4-5349ff16102c,name,Félidés,Felids,katachtigen,Katzenartige
d3d3957c-9397-4233-9fee-dfd0f91d6f2c,animaltypes,d61d32ef-40f3-4910-8c24-0a62e2c8562c,description,"Pigeon biset féral, ",Feral Pigeon (Rock Dove),Stadsduif,Straßentaube
6ba817e0-ec63-4e2c-8952-adde06fe93f2,animaltypes,d61d32ef-40f3-4910-8c24-0a62e2c8562c,name,Colombidés,Pigeons and Doves,Duiven,Tauben
b4a4e2aa-7521-4b7e-b611-b07918d84c36,animaltypes,e02fc64b-7319-4c57-be03-6be34a12db28,default_species,Fouine,Beech Marten,Steenmarter,Steinmarder
13da2a2e-c345-400d-b6ad-82f0481bbe44,animaltypes,e02fc64b-7319-4c57-be03-6be34a12db28,description,"Vison américain, ",American Mink,Amerikaanse nerts,Amerikanischer Nerz
deedb331-f174-49f1-85a7-5e5356a09e03,animaltypes,e02fc64b-7319-4c57-be03-6be34a12db28,name,Mustélidés,Mustelids,Marterachtigen,Marderartige
ae2f04f9-0180-4738-ae5e-8b6e4fc481b8,animaltypes,e1b0f05f-8d97-4c93-92b9-761e23946109,description,"Buse de harris, ",Harris's Hawk,Harris' havik,Wüstenbussard
72dd40c3-d74e-4b24-8f9f-8742ddaa5d79,animaltypes,e1b0f05f-8d97-4c93-92b9-761e23946109,name,Rapaces,Birds of prey,Roofvogels,Greifvögel
28d24cef-1f25-5ff0-bef0-bb8ea3353059,animaltypes,fdaaf1bb-27ec-44ad-bf55-e74d505cd762,name,Rapaces,Birds of prey,Roofvogels,Greifvögel
1f495535-d04c-467b-85ec-734b65cf32dd,animaltypes,fea31c0c-4cb0-478e-978b-134442b3abf8,default_species,Raton laveur,Raccoon,Wasbeer,Waschbär
64b33fa1-86be-4927-b1b0-ffbeac81f164,animaltypes,fea31c0c-4cb0-478e-978b-134442b3abf8,description,"Raton laveur, Genette",Raccoon, Genet,Wasbeer
2755298c-6980-4b55-a6a7-2bf603a0a2da,animaltypes,fea31c0c-4cb0-478e-978b-134442b3abf8,name,"Autres mammifères (Procyonidé, Viverridés, ...)",Other mammals (Procyonids, Viverrids, ...)
174643b9-a958-44ed-8ac9-a11a82c39b38,animaltypes,ffbcf1ba-b993-4288-87a9-1c884d019056,default_species,Hérisson,West European Hedgehog,Egel,Igel
dc11e64f-82b4-4164-8cf5-21f624cfbfc6,animaltypes,ffbcf1ba-b993-4288-87a9-1c884d019056,description,"Hérisson, ",West European Hedgehog,Egel,Igel
d89b8d19-d6c2-43db-9da5-1c81c62093b3,animaltypes,ffbcf1ba-b993-4288-87a9-1c884d019056,name,Hérissons et mammifères insectivores,Hedgehogs and insectivorous mammals,Egels en insectivore zoogdieren,Igel und insektenfressende Säugetiere
900a9873-b1fd-458a-a660-df967e688c23,caretypes,225d196b-5d25-4b47-86fd-bf03b5b2efd7,name,Soin,Care,Verzorging,Pflege
4fb9f514-dbd2-4f67-a335-a195ecd4dc24,caretypes,657ccf71-ba77-4cdc-b2fa-a45033277025,description,Animal had care given,Animal had care given,Dier heeft zorg ontvangen,Tier erhielt Pflege
ac57a78c-0766-4193-8792-feac099ee24d,caretypes,657ccf71-ba77-4cdc-b2fa-a45033277025,name,Suivi,Monitoring,Opvolging,Nachsorge
676d4f59-38a0-492e-ae57-f69ace83ca31,caretypes,65e995a6-499e-4f11-b10a-e43f207761aa,description,Animal is fed,Animal is fed,Dier is gevoerd,Tier wurde gefüttert
b0581faf-27f7-40cf-849b-840edf34e14f,caretypes,65e995a6-499e-4f11-b10a-e43f207761aa,name,Alimentation,Feeding,Voeding,Fütterung
5ec7e555-f985-425a-9e5b-7552540631a0,caretypes,7cc7e30e-1c20-41d8-9477-a84462f5cf82,description,Response to attention,Response to attention,Reactie op aandacht,Reaktion auf Zuwendung
e0b9dff3-ba22-4362-b897-1dfc171400ce,caretypes,7cc7e30e-1c20-41d8-9477-a84462f5cf82,name,Réponse alerte,Alert response,Alert reactie,Wachsame Reaktion
8bd696cf-5cdf-492b-ac6e-25a97f4e9998,caretypes,aa33a1a8-effb-490b-a4e1-d4890c8bc469,description,Attention needed,Attention needed,Aandacht nodig,Aufmerksamkeit erforderlich
24fadfce-ead5-48c7-9584-34b7bb42f3d6,caretypes,aa33a1a8-effb-490b-a4e1-d4890c8bc469,name,Alerte,Alert,Alarm,Alarm
3073113e-84cd-4bd2-b5e6-06cc76e99224,caretypes,adf1c795-a55f-4055-9fbb-6ec0ee2e6100,description,Animal is moved,Animal is moved,Dier is verplaatst,Tier wurde verlegt
14615762-9067-4f5a-90f7-51828e7f0755,caretypes,adf1c795-a55f-4055-9fbb-6ec0ee2e6100,name,Déplacement,Relocation,Verplaatsing,Umsetzung
2664787d-971d-4b4f-b7e8-344aad4fc724,caretypes,fe439281-73dc-4e1e-9a66-9588dbab87ec,description,Animal got food,Animal got food,Dier kreeg voer,Tier erhielt Futter
2bbfb590-a0b0-4c66-a2e0-b6f14a6fe28f,caretypes,fe439281-73dc-4e1e-9a66-9588dbab87ec,name,Repas,Meal,Maaltijd,Mahlzeit
09dee67d-849d-5013-b687-a99b7381cd16,dosages,0018407d-488b-430d-afc9-56a70419de59,description,1x ./ jour pendant minimum 5 jrs,1x / day for a minimum of 5 days,1x / dag gedurende min. 5 dagen,1x / Tag für mindestens 5 Tage
979b1add-5b82-5a54-89c5-3bd44a17b983,dosages,0018407d-488b-430d-afc9-56a70419de59,dosage_per_grams_unit,ml,ml,ml,ml
98a30288-0792-59a9-b1c2-509b54eda1ab,dosages,00394037-a605-43bf-a8c7-275d470b5047,description,"pendant 3 à 4jours ; si possible avec aliments ; si durée plus grande, diminuer dose de moitié",for 3 to 4 days; with food if possible; if longer duration, halve the dose,gedurende 3 tot 4 dagen; indien mogelijk met voer; bij langere duur
32657d21-4a4c-5e5a-82f6-c4b287098546,dosages,00394037-a605-43bf-a8c7-275d470b5047,dosage_per_grams_unit,ml,ml,ml,ml
4b46bd8b-570e-42f1-8863-fa3414b6e269,dosages,00feb78b-3780-4477-b968-617573d67356,dosage_per_grams_unit,Ml,Ml,Ml,Ml
6c0bd607-f75a-4e62-a25a-fee01dbb3a35,dosages,010a7256-6f40-49c1-9d77-366f23a2c263,dosage_per_grams_unit,ml,ml,ml,ml
961920c8-42c6-5f56-a662-5aa14a876b8a,dosages,01ba390c-2e1e-4404-840d-2466cb98ffe1,description,"antibiotique et anticoccidien ; SC, 1x/j 5jrs",antibiotic and anticoccidial; SC, 1x/day for 5 days,antibioticum en anticoccidiosum; SC
a8c6e205-e17f-5f7a-94a4-4ed66d77a39b,dosages,01ba390c-2e1e-4404-840d-2466cb98ffe1,dosage_per_grams_unit,ml,ml,ml,ml
178834c8-fd91-596e-b0cb-569fc50766c9,dosages,0202f566-d758-4bb5-9b5c-12c14be074ae,description,"1x/jr 3à5 jrs, en fct cible",1x/day 3 to 5 days, depending on target,1x/dag 3 tot 5 dagen
a325b71b-7ed7-5215-93f7-b3be6078097c,dosages,0202f566-d758-4bb5-9b5c-12c14be074ae,dosage_per_grams_unit,ml,ml,ml,ml
2d49f8a2-40e1-5240-bbaf-ff43a3128382,dosages,02401faf-238f-4abc-9f8d-4aab33bba73f,dosage_per_grams_unit,ml,ml,ml,ml
3955bd4e-8db8-5efd-a0c8-e5aa0cf266b5,dosages,034bf800-6b5f-4521-9cee-ebf50fbad61f,description,antiparasitaire deposer sur peau de la nuque,antiparasitic: apply to the skin of the nape,antiparasitair: aanbrengen op de huid van de nek,Antiparasitikum: auf die Haut des Nackens auftragen
9c14a7e9-0205-55aa-98a0-83c05098c331,dosages,034bf800-6b5f-4521-9cee-ebf50fbad61f,dosage_per_grams_unit,ml,ml,ml,ml
2872deb5-a6c7-4231-8828-240eafae6663,dosages,04093a11-af4d-4e47-8904-c109213661ad,description,inject / 48h,inject every 48h,injecteren / 48u,Injektion / 48h
92e710d4-c6bf-4a0d-9aa0-cc4612316fcb,dosages,04093a11-af4d-4e47-8904-c109213661ad,dosage_per_grams_unit,ml,ml,ml,ml
8055baa9-fe2b-54c2-a691-05fd0daee69c,dosages,04976231-3d89-4834-b829-9e792b4301ed,description,anticoccidien ; diluer a tout prix,anticoccidial; must be diluted at all costs,anticoccidiosum; ten koste van alles verdunnen,Antikokzidium; unbedingt verdünnen
97835e2a-e4a7-58b0-bbe5-9fac05521ed5,dosages,04976231-3d89-4834-b829-9e792b4301ed,dosage_per_grams_unit,ml,ml,ml,ml
9d3f34e6-7b15-541e-a63f-375690a324b2,dosages,04a5acdd-ccdf-4bf4-b526-67286d03807a,description,"1x / jour pendant 3 à 4jours ; si possible avec aliments ; si durée plus grande, diminuer dose de moitié",1x / day for 3 to 4 days; with food if possible; if longer duration, halve the dose,1x / dag gedurende 3 tot 4 dagen; indien mogelijk met voer; bij langere duur
d53ea05d-ad6d-5cd9-b518-f9524ed50f1d,dosages,04a5acdd-ccdf-4bf4-b526-67286d03807a,dosage_per_grams_unit,ml,ml,ml,ml
8ab2f3ac-8ded-410e-ae99-648e54174e71,dosages,04a60df6-7931-4565-885f-d873a8017602,dosage_per_grams_unit,ml (IV),ml (IV),ml (IV),ml (IV)
f9878d6c-47cf-4514-ab21-0eecd44699a0,dosages,04b1b817-f0af-4994-855d-c60b805bb2e6,description,3 to 5 days,3 to 5 days,3 tot 5 dagen,3 bis 5 Tage
9d1a5221-ebbf-4683-9c03-dad898b0a8fb,dosages,04b1b817-f0af-4994-855d-c60b805bb2e6,dosage_per_grams_unit,ml,ml,ml,ml
70c5a14b-3783-4c08-9087-053f6b60c2e8,dosages,05177c74-d781-4537-8d2e-fc26ec700ee1,dosage_per_grams_unit,ml,ml,ml,ml
ab66be8d-117a-441e-af0f-502f14d503e9,dosages,05801a4a-aff2-4317-a421-60b6f6803a47,dosage_per_grams_unit,ml,ml,ml,ml
e8f76629-0685-5950-8eb4-7575b8329e1b,dosages,059fd160-cd8b-4bdc-a737-c7365c01bdad,description,"choisir dilution en fct poids ; en \\""pour on\\"" dans nuque","choose dilution according to weight; as a ""pour-on"" on the nape","verdunning kiezen op basis van gewicht; als ""pour-on"" op de nek","Verdünnung nach Gewicht wählen; als ""Pour-on"" auf den Nacken"
24372b16-3521-542a-88cb-984bd5080446,dosages,07ebb32c-a0bb-4bc3-a19d-950486394be2,description,"3 x/ jour, 15 \\' avant repas",3 x / day, 15 mins before meals,3 x / dag
6eb20dd6-da73-527e-927c-1ceb4ae0c954,dosages,07ebb32c-a0bb-4bc3-a19d-950486394be2,dosage_per_grams_unit,ml,ml,ml,ml
44761aba-219f-578a-80dd-651c114e5081,dosages,08179a9c-d79b-4aeb-8ed5-c206195eb96d,description,"Peut-être 0,3...chez...Blaireau ?prendre relais avec K1 labo TVM",Maybe 0.3... for ...Badger? switch to K1 from TVM lab,Misschien 0,3... bij...Das? overstappen op K1 van TVM lab
7bb3d3ef-5893-5237-9fb4-cee6dbcf09a0,dosages,08179a9c-d79b-4aeb-8ed5-c206195eb96d,dosage_per_grams_unit,ml,ml,ml,ml
9b9a19aa-69fd-4041-9ef3-4ade37935378,dosages,0a0a1e75-41ae-49ba-8fb6-b9a76a680835,dosage_per_grams_unit,ml IM,ml IM,ml IM,ml IM
1924ce31-323b-534b-a716-bb1eb3ee010e,dosages,0a3cdaa3-1140-494c-8015-8d14817fdded,description,important pour éviter stase chez le lapin ; si animal mange : avant les repas of course 3x par jour,important to avoid stasis in rabbits; if eating: before meals of course 3x/day,belangrijk om stasis bij konijnen te voorkomen; indien etend: voor de maaltijd uiteraard 3x/dag,wichtig zur Vermeidung von Stase bei Kaninchen; wenn das Tier frisst: natürlich vor den Mahlzeiten 3x/Tag
f353f565-644a-598e-9c66-58c238c43f10,dosages,0a3cdaa3-1140-494c-8015-8d14817fdded,dosage_per_grams_unit,ml,ml,ml,ml
fe3186dd-9ef4-4a95-a32d-fe7dd0ca67b3,dosages,0b25abef-37d8-487c-8514-c2954718a3ac,description,1 à 3 jours dans l'eau de boisson,1 to 3 days in drinking water,1 tot 3 dagen in drinkwater,1 bis 3 Tage im Trinkwasser
35d99483-b3a8-4061-9b3e-45f0e94b4dc8,dosages,0b25abef-37d8-487c-8514-c2954718a3ac,dosage_per_grams_unit,ml,ml,ml,ml
d3f963be-1c96-4374-93bb-20d03b638a99,dosages,0bc7bb4c-d204-48ce-a357-59f915bccaec,description,"diluate iv, im, sc",dilute iv, im, sc
8afbaee3-4d17-44a6-9f08-4e850b82c7c9,dosages,0bc7bb4c-d204-48ce-a357-59f915bccaec,dosage_per_grams_unit,ml,ml,ml,ml
6d5c1b67-1275-4bf2-aaad-f016b064c1f6,dosages,0be74369-3799-4df0-bd15-8054dc8b85ee,dosage_per_grams_unit,ml,ml,ml,ml
09261e72-0ff6-534a-883b-c83606602640,dosages,0d1ddf43-bd19-481a-bebb-6d409f4af349,description,peut aller jusqu\\'à 2ml /kg 1x par jour pendant 3 jrs,can go up to 2ml/kg 1x per day for 3 days,kan oplopen tot 2ml/kg 1x per dag gedurende 3 dagen,kann bis zu 2ml/kg 1x täglich für 3 Tage betragen
d69cdea6-9a55-55f5-89d3-24e442a21923,dosages,0d1ddf43-bd19-481a-bebb-6d409f4af349,dosage_per_grams_unit,ml,ml,ml,ml
aceb18fb-18d9-58b3-add3-b26baf98a08a,dosages,0d7b60bb-d172-4a77-9578-b493a5306cda,description,2 gelules 2 fois par jour (utilisé pour ostéomyélites),2 capsules 2 times per day (used for osteomyelitis),2 capsules 2 maal per dag (gebruikt voor osteomyelitis),2 Kapseln 2-mal täglich (bei Osteomyelitis)
d482f2f4-ad6d-5804-95e7-119afaba15f8,dosages,0d7b60bb-d172-4a77-9578-b493a5306cda,dosage_per_grams_unit,gelules,capsules,capsules,Kapseln
4efe6d99-c3c8-5992-8c24-1766c7aa954f,dosages,0d8997db-3cc8-4b67-9f71-a596744e7b44,description,toujours diluer !!! donner 1x/jr pdt 3 jrs,always dilute!!! give 1x/day for 3 days,altijd verdunnen!!! geef 1x/dag gedurende 3 dagen,immer verdünnen!!! 1x/Tag für 3 Tage geben
07267123-b9f3-5e82-913a-504c0f506d09,dosages,0d8997db-3cc8-4b67-9f71-a596744e7b44,dosage_per_grams_unit,ml,ml,ml,ml
7d7aa181-7e46-5f22-aa30-26b18b2415a0,dosages,0dba7d8b-85ce-4212-9997-0231061991f9,dosage_per_grams_unit,ml,ml,ml,ml
24cfcdce-c3de-41d1-8a03-029efcca973b,dosages,0e10b6b0-6d40-4310-9668-82e72927a461,dosage_per_grams_unit,ml (IV),ml (IV),ml (IV),ml (IV)
70aca305-0874-4890-aa3c-07edc42e75b4,dosages,0e81f696-3465-4b1f-acf5-423ba64d0a92,dosage_per_grams_unit,ml (IV),ml (IV),ml (IV),ml (IV)
cabe6f50-13fb-42a1-b1d2-a9c9e490300b,dosages,0eb96123-abee-426f-8822-bb630f300837,description,"iv, iartic",iv, intra-articular,iv
65185bd1-6ade-4c9f-bbbc-a4438e37558e,dosages,0eb96123-abee-426f-8822-bb630f300837,dosage_per_grams_unit,ml,ml,ml,ml
ab3867c4-62a2-5406-972f-34ebc887cf9c,dosages,0f09d4fc-a827-4fc1-84de-38e1770e8e28,description,.2 x  /jour  7jours minimum. Utiliser dès que administration buccale possible; dose très forte : c\\'est vérifié!,.2 x /day minimum 7 days. Use as soon as oral admin possible; very high dose: confirmed!,0.2 x /dag min. 7 dagen. Gebruik zodra orale toediening mogelijk is; zeer hoge dosis: bevestigd!,0.2 x /Tag mind. 7 Tage. Anwenden
913c3f64-3a31-5f43-a917-ba8c4e05447f,dosages,0f09d4fc-a827-4fc1-84de-38e1770e8e28,dosage_per_grams_unit,comprimé,tablet,tablet,Tablette
833c48ca-10b1-55b0-b5b6-29f45678cb8d,dosages,0f771a69-e170-474b-8767-957f11fc0974,description,"1x/jr 3à5 jrs, en fct cible",1x/day 3 to 5 days, depending on target,1x/dag 3 tot 5 dagen
f71298bd-5730-56c2-99ee-2f8cb4b9e5b7,dosages,0f771a69-e170-474b-8767-957f11fc0974,dosage_per_grams_unit,ml,ml,ml,ml
0de1a229-3643-5769-9361-e7985b48c4e3,dosages,0ffffd05-f293-4251-bf55-2f6334d3dd7a,description,2x/jr pdt 5 jrs,2x/day for 5 days,2x/dag gedurende 5 dagen,2x/Tag für 5 Tage
6c24cf94-3390-5af8-8670-f36e65eb8f7c,dosages,0ffffd05-f293-4251-bf55-2f6334d3dd7a,dosage_per_grams_unit,ml,ml,ml,ml
d93bd6c7-be72-547e-8a75-6885527ab821,dosages,10ae4184-c1ad-4d11-bb9f-7cf8ed219ae1,description,(soit 1ml pour 8à10kgs) ; éventuellement répéter après 6à12 hrs,(i.e. 1ml per 8-10kgs); possibly repeat after 6-12 hrs,(d.w.z. 1ml per 8-10kg); eventueel herhalen na 6-12 uur,(d.h. 1ml pro 8-10kg); ggf. nach 6-12 Std. wiederholen
6c8f781a-a92a-5a4b-bbaa-2a46b6e848d3,dosages,10ae4184-c1ad-4d11-bb9f-7cf8ed219ae1,dosage_per_grams_unit,ml,ml,ml,ml
da9cbf27-70f3-5f8d-b09b-ab4aa9a3ba5d,dosages,10bdd087-a391-4687-96d9-56ae7cbb849f,description,per os 2x/jr ; pdt 7 jrs ,per os 2x/day; for 7 days,per os 2x/dag; gedurende 7 dagen,per os 2x/Tag; für 7 Tage
5d4e168f-e65b-5539-bc66-3344f8118eff,dosages,10bdd087-a391-4687-96d9-56ae7cbb849f,dosage_per_grams_unit,ml,ml,ml,ml
f22445f6-966a-485e-a4e8-90216422d8b2,dosages,119cd59e-bdb2-4011-8a08-58e47638b737,dosage_per_grams_unit,ml,ml,ml,ml
afbcead2-eec0-43e0-a8b8-fd483494180e,dosages,11c66844-b3a8-49f9-af00-8fee6649e1fb,dosage_per_grams_unit,ml (IV),ml (IV),ml (IV),ml (IV)
f9ae1ec5-d075-543c-a729-43968b5f3af7,dosages,13a2229f-ff10-4d4b-b591-1b6b89e9cfdc,description,"antiparasitaire ; appliquer sur peau nuque ; dose ici= 1 goutte pour 12,5g renouveler après 7-10 jrs",antiparasitic; apply to nape skin; dose here = 1 drop per 12.5g repeat after 7-10 days,antiparasitair; aanbrengen op nekhuid; dosis hier = 1 druppel per 12,5g herhalen na 7-10 dagen
00427e04-d5c8-50e2-acee-c729db14c8bd,dosages,13a2229f-ff10-4d4b-b591-1b6b89e9cfdc,dosage_per_grams_unit,ml,ml,ml,ml
b7aa9f4b-e1fe-4069-a8d5-5324a26634b1,dosages,14c9b172-9368-44eb-ba16-131edbbee029,dosage_per_grams_unit,Ml,Ml,Ml,Ml
0ab75a56-7c40-5484-a7e7-9cbd0fe16972,dosages,14fc3778-1448-49fe-aaa4-4432cddf6fc8,description,"déposer sur encolure, endroit impossible à lécher ; (jusqu\\'à 0,2ml/kg) renouveler après 7-10 jrs",apply to the nape, an area impossible to lick; (up to 0.2ml/kg) repeat after 7-10 days,aanbrengen op de nek
9fd69bc0-1108-58fa-8059-0d1893ec14d4,dosages,14fc3778-1448-49fe-aaa4-4432cddf6fc8,dosage_per_grams_unit,ml,ml,ml,ml
99569241-e0e2-55d8-a37c-5d783628ebc5,dosages,153f78aa-2374-4d55-a34c-ec045bc0c5ac,description,Repeat after 7 days,Repeat after 7 days,Herhalen na 7 dagen,Nach 7 Tagen wiederholen
fd1a469c-3d66-5f3b-a657-f4adc68b818f,dosages,153f78aa-2374-4d55-a34c-ec045bc0c5ac,dosage_per_grams_unit,mg,mg,mg,mg
fa385307-8ee7-5132-8136-de388f4f1ddc,dosages,164622d6-69ba-472e-913c-09ffb8f95a59,description,antiparasitaire deposer sur peau de la nuque,antiparasitic: apply to the skin of the nape,antiparasitair: aanbrengen op de huid van de nek,Antiparasitikum: auf die Haut des Nackens auftragen
640216c4-4291-5d76-84ea-19e76ea74e3e,dosages,164622d6-69ba-472e-913c-09ffb8f95a59,dosage_per_grams_unit,ml,ml,ml,ml
21786c63-920e-5b65-9e8b-74f89a3c689d,dosages,16d8d5be-1c22-4f9f-910d-20a0d316a32e,description,2 fois par jour pendant 7 jrs minimum ; peut doubler cette dose,2 times per day for min. 7 days; can double this dose,2 maal per dag gedurende min. 7 dagen; kan deze dosis verdubbelen,2-mal täglich für mind. 7 Tage; kann diese Dosis verdoppeln
2643962c-495b-5216-b153-f08d285a3025,dosages,16d8d5be-1c22-4f9f-910d-20a0d316a32e,dosage_per_grams_unit,ml,ml,ml,ml
8f041b36-20b8-4e1f-94cb-5613d59f56b2,dosages,174b1f3e-3f63-4bda-a715-3a939e21cb1c,dosage_per_grams_unit,ml,ml,ml,ml
04724ca5-ffb7-52bf-990a-31e792b633b3,dosages,17eb6966-fd2e-4d8a-b82a-2af897477fb4,description,2 fois par jour pdt 7 jrs ,2 times per day for 7 days,2 maal per dag gedurende 7 dagen,2-mal täglich für 7 Tage
c004cba8-64af-5fab-8330-b1535f9d3cb4,dosages,17eb6966-fd2e-4d8a-b82a-2af897477fb4,dosage_per_grams_unit,comp,tab,tab,Tabl
280f85be-3899-4ca2-b4a1-7480f34b89d7,dosages,18450977-c854-41e0-915c-1005dbcfc2e8,dosage_per_grams_unit,ml (IV),ml (IV),ml (IV),ml (IV)
0f31c9e2-dacc-4e02-9053-7a4c99914b37,dosages,196c2b01-547f-402b-bc93-6e6696cf3d39,dosage_per_grams_unit,Ml,Ml,Ml,Ml
10d60913-d6b1-4e8d-a08f-83ace0470ece,dosages,197dd626-52d2-4009-a792-059dd7347fce,dosage_per_grams_unit,ml,ml,ml,ml
f58b38ad-36aa-5960-8fbc-9d60c39de4ef,dosages,1ab86ac9-c3cc-4392-86ec-0248d0e6445f,description,"3x par jour ! seulementEcureuil, souris et rats !!! pas gliridés, ni lagomorphes !",3x per day! Only for Squirrel, mice and rats!!! not for dormice, nor lagomorphs!
1b505c38-2f04-5a6f-965c-29070f7c681a,dosages,1ab86ac9-c3cc-4392-86ec-0248d0e6445f,dosage_per_grams_unit,comp,tab,tab,Tabl
420e1137-f7df-5074-950e-4d9fe688d8f8,dosages,1b0b6ecb-13a7-47ec-bd35-80330bc8453c,description,1x par semaine,1x per week,1x per week,1x pro Woche
4a6fed46-7059-5728-8c2c-5dfb97f56a13,dosages,1b0b6ecb-13a7-47ec-bd35-80330bc8453c,dosage_per_grams_unit,ml,ml,ml,ml
5184cf82-e27c-40b7-8977-c4148eb3e76c,dosages,1b933636-9108-4e6c-ad85-381ce1cce4ec,dosage_per_grams_unit,ml,ml,ml,ml
9f9d13b5-1755-5b79-af72-daa9b0c36263,dosages,1b97e2e4-4850-4261-9a5d-a92414d86532,description,(soit 1ml pour 8à10kgs) ; éventuellement répéter après 6à12 hrs,(i.e. 1ml per 8-10kgs); possibly repeat after 6-12 hrs,(d.w.z. 1ml per 8-10kg); eventueel herhalen na 6-12 uur,(d.h. 1ml pro 8-10kg); ggf. nach 6-12 Std. wiederholen
39b00c3d-45ae-51fa-9080-d62ee2fb2b8c,dosages,1b97e2e4-4850-4261-9a5d-a92414d86532,dosage_per_grams_unit,ml,ml,ml,ml
e9e0fe1a-7266-5089-a17e-19b169f2f454,dosages,1bf69b61-3f83-4079-a92d-68a8c4407d4c,description,1 seule prise,Single dose,Enkele dosis,Einmalige Gabe
ad893f46-a59d-5c45-a8c1-4ab2f1b81b83,dosages,1bf69b61-3f83-4079-a92d-68a8c4407d4c,dosage_per_grams_unit,comp,tab,tab,Tabl
17f54a21-1482-428a-835f-cca8d3be8bd9,dosages,1d1569f8-20f8-4d11-acad-40d825952c81,description,"iv, iartic",iv, intra-articular,iv
bdae22d7-b5f0-4a29-9c84-d11bfc28ad64,dosages,1d1569f8-20f8-4d11-acad-40d825952c81,dosage_per_grams_unit,ml,ml,ml,ml
fe9af8ce-5b25-50d7-946b-9bea992eba85,dosages,1d2b2033-7180-44c1-abf1-7063225ac486,description,"déposer sur encolure, endroit impossible à lécher ; certains vont jusqu\\'à 0,4ml /kgrenouveler après 7-10 jrs",apply to the nape, an area impossible to lick; some go up to 0.4ml/kg repeat after 7-10 days,aanbrengen op de nek
d48e1965-c339-51db-8662-368a2c061921,dosages,1d2b2033-7180-44c1-abf1-7063225ac486,dosage_per_grams_unit,ml,ml,ml,ml
a2b25e0d-58de-5ce2-af84-fa663730dc29,dosages,1dfd18c0-25a3-42c9-8a8b-e75069f32af4,description,"= dose jour 1 ! ATTENTION ! diviser par 2 (cad 0,075ml / kg)  les 3 jrs suivants ! essayer de prendre relais après j 1, avec meloxicam voie orale si mange",= Day 1 dose! CAUTION! Divide by 2 (i.e. 0.075ml/kg) for the next 3 days! Try to switch after day 1 to oral meloxicam if eating,= Dag 1 dosis! LET OP! Halveer (d.w.z. 0,075ml/kg) de volgende 3 dagen! Probeer na dag 1 over te stappen op oraal meloxicam indien etend
5cd5feda-b436-574b-b28d-85377329961f,dosages,1dfd18c0-25a3-42c9-8a8b-e75069f32af4,dosage_per_grams_unit,ml,ml,ml,ml
92d952d8-662a-531c-8f01-f8cc45cbfae4,dosages,1f15e6f3-5c47-4d21-8ad8-77057513abe2,description,"3 x/ jour, 15 \\' avant repas ; ceci (2mg/kg) est une dose moyenne : peut aller jusqu\\'à 0,8ml par kg chez rapaces",3 x / day, 15 mins before meals; this (2mg/kg) is an average dose: can go up to 0.8ml/kg in birds of prey,3 x / dag
0fc090ea-2681-51f7-a291-817d67f93c85,dosages,1f15e6f3-5c47-4d21-8ad8-77057513abe2,dosage_per_grams_unit,ml,ml,ml,ml
0af1e11f-ce96-595d-8c9b-6b2267a427f9,dosages,1f2d97e0-1ae8-4d38-be0b-fd5ab481a3dc,description,AINS . 1x/ 24 hr ; relais per os avec meloxicam les 2 jrs suivants quand absolument nécessaire,NSAID. 1x/24h; switch to oral meloxicam for the next 2 days if absolutely necessary,NSAID. 1x/24u; overstap naar oraal meloxicam de volgende 2 dagen indien absoluut noodzakelijk,NSAID. 1x/24h; Umstellung auf orales Meloxicam für die nächsten 2 Tage wenn unbedingt nötig
3a0c3687-d849-5bc7-a5ec-af4f0e80d19c,dosages,1f2d97e0-1ae8-4d38-be0b-fd5ab481a3dc,dosage_per_grams_unit,ml,ml,ml,ml
1faaa9ef-c8c8-540f-b3c9-ea83d9552607,dosages,1fbf843d-c909-41f3-88b8-8db2d36f4d90,description,"ATTENTION : ceci= jour 1 ! diviser par 2 càd 0,2ml 1x/jour les 2-4  jours suivants",CAUTION: this = day 1! divide by 2 i.e. 0.2ml 1x/day for the next 2-4 days,ATTENTIE: dit = dag 1! halveer d.w.z. 0,2ml 1x/dag voor de volgende 2-4 dagen
d8cd8f4c-b309-5c8b-9dd1-6f03120c03b9,dosages,1fbf843d-c909-41f3-88b8-8db2d36f4d90,dosage_per_grams_unit,ml,ml,ml,ml
e680a7e1-fb94-474c-83bc-ffbc56cbce93,dosages,20a03706-6154-43c1-a8f4-c05aa50653a3,dosage_per_grams_unit,ml,ml,ml,ml
f2c6e79f-50da-4c2b-a13d-9353c8808944,dosages,215bb42c-d641-4cf8-93db-147e3bfd99b0,dosage_per_grams_unit,Ml,Ml,Ml,Ml
466ffa09-7eb5-49a7-90c3-7bbe3139433e,dosages,216d554b-fbea-4d13-8fec-5119c0f14fc2,description, 2xdays  5 to 7 - 10 jours,2x/day 5 to 7 - 10 days,2x/dag 5 tot 7 - 10 dagen,2x/Tag 5 bis 7 - 10 Tage
f61c4c13-ff53-4676-84da-eee23c269f18,dosages,216d554b-fbea-4d13-8fec-5119c0f14fc2,dosage_per_grams_unit,ml,ml,ml,ml
a5d07124-ba70-5252-9da8-2a02d3fb2bec,dosages,217e9d48-0f9a-44a9-9f69-9c57d3b36971,description,2 x / jour pdt 5 jrs,2 x / day for 5 days,2 x / dag gedurende 5 dagen,2 x / Tag für 5 Tage
f5351f0e-1743-538e-8876-0562a29f2da2,dosages,217e9d48-0f9a-44a9-9f69-9c57d3b36971,dosage_per_grams_unit,comp,tab,tab,Tabl
b731f4d9-c4d8-4ae9-bae7-36fb21398470,dosages,21adf2ff-363d-4bec-a69f-20daa67e967b,dosage_per_grams_unit,ml,ml,ml,ml
237ccdb4-7f0d-4d68-8999-8292eae9dab8,dosages,221c7e80-99f6-4898-b386-e376916a47e6,dosage_per_grams_unit,ml (IM) ,ml (IM) ,ml (IM) ,ml (IM) 
3b0fb363-7ecc-5c29-b0a9-a6befb5b372e,dosages,22d1a4c9-8b84-492a-9c83-490a24aa8b90,description,"pendant 3 jrs essayer de prendre relais après j 1, avec voie meloxicam voie orale si mange",for 3 days, try to switch after day 1 to oral meloxicam if eating,gedurende 3 dagen
c3efe4ea-1485-5f2b-9715-284e77ee3855,dosages,22d1a4c9-8b84-492a-9c83-490a24aa8b90,dosage_per_grams_unit,ml,ml,ml,ml
399fc810-8db0-55bf-bce5-903934b1559e,dosages,232cf525-d791-4cb4-ad95-f713a7c7e143,description,"!ATTENTION !!= dose du jour 1 ! diviser par 4 (càd 0,1ml/kg) les 3 jours suivants !",!CAUTION!! = Day 1 dose! Divide by 4 (i.e. 0.1ml/kg) for the next 3 days!,!LET OP!! = Dag 1 dosis! Deel door 4 (d.w.z. 0,1ml/kg) voor de volgende 3 dagen!
593bea68-be64-5f30-8c47-b1bc17f69ef3,dosages,232cf525-d791-4cb4-ad95-f713a7c7e143,dosage_per_grams_unit,ml,ml,ml,ml
3552ded5-173c-5fe8-bc19-fb5830577542,dosages,24306f3c-72eb-4b76-85fe-434178ca9803,description,"indication : plaies, postop\\', problèmes urinaires, génitaux, respiratoires (vu réticence usage fluoroquinolones)etc...",indication: wounds, post-op, urinary
5637be55-6f6f-520f-b39c-8c40e5066df4,dosages,24306f3c-72eb-4b76-85fe-434178ca9803,dosage_per_grams_unit,ml,ml,ml,ml
8fe6e1a5-e965-4ca7-a486-b25c76e111ea,dosages,2436d985-9de0-4a08-bdd4-c17b184f3f80,description,"dans le bec 5/7 jours, 1ml kg si diluer à 4gr/20ml",in the beak 5/7 days, 1ml/kg if diluted to 4gr/20ml,in de bek 5/7 dagen
c1a8c505-a75a-4aac-8f17-1c793b83fe79,dosages,2436d985-9de0-4a08-bdd4-c17b184f3f80,dosage_per_grams_unit,ml,ml,ml,ml
04254f44-14e3-4863-ba14-7c820036018e,dosages,246403d6-1719-4dd8-8b0f-07c26b61f90b,description,sur la peau,on the skin,op de huid,auf die Haut
222cb80e-a8cf-4f18-b492-3fcc8b00c60b,dosages,246403d6-1719-4dd8-8b0f-07c26b61f90b,dosage_per_grams_unit,ml,ml,ml,ml
5d92f8a1-17d6-499b-ae10-a585c0d79fff,dosages,249b6d98-751b-41be-a29f-cc8aeb0f197b,dosage_per_grams_unit,ml IM,ml IM,ml IM,ml IM
e4accc0a-7bc1-5e1b-9f40-b728ce01a6d2,dosages,24cec19a-200f-40b1-8192-15fa815ea9d9,description,  giardia 2x/ jour pdt  7  jours (durée minimum), giardia 2x/day for 7 days (minimum duration), giardia 2x/dag gedurende 7 dagen (minimumduur), Giardiasis 2x/Tag für 7 Tage (Mindestdauer)
6855ff2c-6bc2-5792-8aac-ab447b6ee43f,dosages,24cec19a-200f-40b1-8192-15fa815ea9d9,dosage_per_grams_unit,ml,ml,ml,ml
32a450b4-192c-55c3-b875-68d5a94d8f16,dosages,24fcdea5-78e1-4cc3-a598-21cbc6be58ca,description,si per os 2x/jr ; pdt 7 jrs,if per os 2x/day; for 7 days,indien per os 2x/dag; gedurende 7 dagen,wenn per os 2x/Tag; für 7 Tage
a6a00f8c-4ee1-5ff6-8e30-7a50cca8dc59,dosages,24fcdea5-78e1-4cc3-a598-21cbc6be58ca,dosage_per_grams_unit,mll,ml,ml,ml
3e54fcbf-7b19-5fff-834b-f2517bdccc26,dosages,25b92205-1e5f-435e-92bc-91dd627c309a,description,":= dose jour 1 ! ATTENTION !! les 2 jrs suivants : diviser dose par 2, cad donner 0,2ml 1x par jour puis stop",:= Day 1 dose! CAUTION!! The next 2 days: divide dose by 2, i.e. give 0.2ml 1x per day then stop,:= Dag 1 dosis! LET OP!! De volgende 2 dagen: dosis halveren
82a58910-108e-5384-b88b-130b18206832,dosages,25b92205-1e5f-435e-92bc-91dd627c309a,dosage_per_grams_unit,ml,ml,ml,ml
fe911afd-7ef2-485b-aa5a-846ecbfd6026,dosages,25e2b5f1-36ed-42ff-88f7-2c523b5b8c3b,dosage_per_grams_unit,ml,ml,ml,ml
3bb4cc6a-b0fe-408e-a5b0-919e0f236ddb,dosages,26122159-4502-476b-aadd-08a4a8894087,dosage_per_grams_unit,Ml,Ml,Ml,Ml
29271597-db08-57a4-83df-ea425203e3a3,dosages,2637f96a-3acb-4830-8cf9-390e69e09500,description,"2 à 3 fois par jour, 15-20\\' avant repas",2 to 3 times per day, 15-20 mins before meals,2 tot 3 maal per dag
fefc0c8d-b7d0-55d8-bbfe-b8a305353d4c,dosages,2637f96a-3acb-4830-8cf9-390e69e09500,dosage_per_grams_unit,ml,ml,ml,ml
8497ec38-a315-5c31-b01b-cd2f852a906d,dosages,26796387-b824-4699-aa5c-eb6a553e08c9,description,prendre relais avec K1 labo TVM,switch to K1 from TVM lab,overstappen op K1 van TVM lab,auf K1 von TVM Labor umstellen
caa18804-02e4-51c1-bf54-67a3ec94cbe7,dosages,26796387-b824-4699-aa5c-eb6a553e08c9,dosage_per_grams_unit,ml,ml,ml,ml
0a8ebc6a-de6a-49af-aefd-a5fb28173455,dosages,26e97d20-ecd9-436a-bbac-2e6203a69125,dosage_per_grams_unit,Ml,Ml,Ml,Ml
7c0060cf-7246-5ae4-b205-6e43b8cb8141,dosages,273e8cf2-41fd-4faa-93a7-73a506ea9b96,description,"1 seule fois, en SC ou IV",Single dose, SC or IV,Enkele dosis
8eef1821-5152-5b59-92ab-7ddf326bbfd7,dosages,273e8cf2-41fd-4faa-93a7-73a506ea9b96,dosage_per_grams_unit,ml,ml,ml,ml
25533df8-0bac-5c69-a04b-37429acc051c,dosages,27a87c5f-bc96-402f-84b7-4eb1f020ac61,dosage_per_grams_unit,ml,ml,ml,ml
f59676f8-38b4-453a-8dd7-365893af2405,dosages,2816fb47-14ad-4e63-bdb7-3e4531e721d2,dosage_per_grams_unit,Ml,Ml,Ml,Ml
d0191e14-e477-41fe-b1d4-6092c24687a6,dosages,29b202ea-2cca-44c0-b6e1-d43c165c52ec,description, 2xdays  7 - 10 jours,2x/day 7 - 10 days,2x/dag 7 - 10 dagen,2x/Tag 7 - 10 Tage
7a491d3f-60db-4b32-8411-a9893a2259fa,dosages,29b202ea-2cca-44c0-b6e1-d43c165c52ec,dosage_per_grams_unit,ml,ml,ml,ml
42befa79-61c2-4a81-b99a-3b58260a81fc,dosages,2a47328a-c864-452c-8220-9016c1a43d1e,description,"IM 5 jours, 2X / Jours",IM 5 days, 2X / Day,IM 5 dagen
7ab191c8-15c8-4778-8982-764af3fb4d6b,dosages,2a47328a-c864-452c-8220-9016c1a43d1e,dosage_per_grams_unit,ml,ml,ml,ml
c3c87f2e-d35b-56df-84c4-d83952fee3a9,dosages,2aa50ace-05d1-4b6f-8ea1-8b68ea0b6742,description,antiparasitaire deposer sur peau de la nuque,antiparasitic: apply to the skin of the nape,antiparasitair: aanbrengen op de huid van de nek,Antiparasitikum: auf die Haut des Nackens auftragen
82adfa10-a11b-573a-b1a2-d50c0f256647,dosages,2aa50ace-05d1-4b6f-8ea1-8b68ea0b6742,dosage_per_grams_unit,ml,ml,ml,ml
bedcaaa3-3c9b-436f-ac92-6dd2ab83007b,dosages,2accf9a3-a652-4e16-94a5-326991eacc79,dosage_per_grams_unit,ml,ml,ml,ml
aed2db5a-7d26-4c91-ac1c-5bcfd58bc595,dosages,2b11917f-2d48-46a7-b6c5-72deba21fe30,dosage_per_grams_unit,ml,ml,ml,ml
dccc02a0-0729-59dd-a0fc-9e00419a98ef,dosages,2b535129-7349-4863-8eb5-35827c705ba6,description,pour on ; renouveler après 7-10 jrs,pour-on; repeat after 7-10 days,pour-on; herhalen na 7-10 dagen,Pour-on; nach 7-10 Tagen wiederholen
72e38e14-52c4-57f2-9865-2dcedefb20cc,dosages,2b535129-7349-4863-8eb5-35827c705ba6,dosage_per_grams_unit,ml,ml,ml,ml
87e38196-347d-5ae3-ab37-669c505bde64,dosages,2b61af25-a8b9-46af-846c-3806ead2260b,description,  dose verifiée //Trichomonias . 2x/jour pdt 3 , verified dose //Trichomoniasis. 2x/day for 3 days, geverifieerde dosis //Trichomoniasis. 2x/dag gedurende 3 dagen, verifizierte Dosis //Trichomoniasis. 2x/Tag für 3 Tage
002bd23b-66dc-5baf-869f-9df19c5acf09,dosages,2b61af25-a8b9-46af-846c-3806ead2260b,dosage_per_grams_unit,ml,ml,ml,ml
363698e5-af22-4caf-ae2b-9698293de634,dosages,2bbb5a47-e777-4820-bc5a-b5d413363101,description,spot- on sur la peau,spot-on on the skin,spot-on op de huid,Spot-on auf die Haut
1db7a771-aae4-4989-afdf-4361738cc77a,dosages,2c4608ad-0ec1-43de-a37a-96ea3699faaf,description,"indication : plaies, postop', problèmes urinaires, génitaux, respiratoires (vu réticence usage fluoroquinolones)etc... injectable :1x/jour ; prendre relais avec forme orale même dose mais EN 2 prises quotidiennes (cf spécialités) durée : 7jours minimum",indication: wounds, post-op, urinary
f805154d-827d-48c4-83b1-b776c3173291,dosages,2c4608ad-0ec1-43de-a37a-96ea3699faaf,dosage_per_grams_unit,ml,ml,ml,ml
86173ae1-9c7a-4dad-abfb-23e48bd6d2d7,dosages,2c639c3e-2eca-48d2-a945-ccbb56050b47,dosage_per_grams_unit,Ml,Ml,Ml,Ml
bc8eebd3-0f07-5fe6-b9e2-6bc51efb6845,dosages,2c7d6473-fe05-4a4d-86f6-25fc061399da,description,1/5ème de sachet par 800ml d\\'eau pendant 5 jours,1/5th sachet per 800ml water for 5 days,1/5e zakje per 800ml water gedurende 5 dagen,1/5 des Beutels pro 800ml Wasser für 5 Tage
b9fd8e6e-889b-4705-afb0-17eb0af71027,dosages,2d0ed9c9-4fad-4c8d-bcf2-6bdbb14287ea,dosage_per_grams_unit,ml,ml,ml,ml
7cb63675-58d2-5b04-9c24-e59c23af3f06,dosages,2e119bb5-17fb-4b90-bb7c-98c2ab8def2c,description,per os 2x/jr ; pdt 7 jrs ;,per os 2x/day; for 7 days;,per os 2x/dag; gedurende 7 dagen;,per os 2x/Tag; für 7 Tage;
64d2de55-e803-5b64-a3cd-75f7989d980a,dosages,2e119bb5-17fb-4b90-bb7c-98c2ab8def2c,dosage_per_grams_unit,ml,ml,ml,ml
1806ee9e-db8d-5d43-807e-a102ef4bbcce,dosages,3294da9e-f242-45a0-8d5f-b268d652745d,description,"; 1x/ jour  jour 1 ! ATTENTION, diviser par 2 les 4 jrs suivants (càd 0,2ml /kg) ",; 1x/day Day 1! CAUTION, divide by 2 for the next 4 days (i.e. 0.2ml/kg),; 1x/dag Dag 1! LET OP
1b7e2459-d803-5c19-a3c0-190bfa2cfb9c,dosages,3294da9e-f242-45a0-8d5f-b268d652745d,dosage_per_grams_unit,ml,ml,ml,ml
a3e41e45-2acc-4054-866e-74c37126f696,dosages,3357b5a2-a275-4283-a691-a26af02cdb8b,dosage_per_grams_unit,ml,ml,ml,ml
e08ece06-52b7-4065-aac5-9ea3650cc4f1,dosages,336471fb-b4eb-40be-9488-996aa07f2b99,dosage_per_grams_unit,Ml  per os,Ml per os,Ml per os,Ml per os
6e9c333e-b9a5-550d-8ded-df780df48562,dosages,33b22135-95d0-46c6-96e0-529b669da3d6,description,1 sachet par demi litre d\\'eau de boisson pendant 7-14 jours,1 sachet per half liter of drinking water for 7-14 days,1 zakje per halve liter drinkwater gedurende 7-14 dagen,1 Beutel pro halben Liter Trinkwasser für 7-14 Tage
8759167d-badd-5818-a7e7-ffc72c0c8029,dosages,33bb3cf9-82a6-4eb6-a7b1-9b615eb08edc,description,"ATTENTION !!! = dose du jour 1 !!!dose divisée par 4 les 2à 3 jours suivants ! (càd 0,1ml 1xpar jour)",CAUTION!!! = Day 1 dose!!! dose divided by 4 for the next 2-3 days! (i.e. 0.1ml 1x per day),LET OP!!! = Dag 1 dosis!!! dosis gedeeld door 4 voor de volgende 2-3 dagen! (d.w.z. 0,1ml 1x per dag)
a1e87cab-a234-5e9a-966b-66eaafcd0412,dosages,33bb3cf9-82a6-4eb6-a7b1-9b615eb08edc,dosage_per_grams_unit,ml,ml,ml,ml
a81ed947-4b9e-5e1a-8adf-208cf05ec9f4,dosages,3472c9eb-e544-4fdc-bd81-35865a4ae513,description,toujours diluer !!!1x/jour pdt 3 jours ; ,always dilute!!! 1x/day for 3 days;,altijd verdunnen!!! 1x/dag gedurende 3 dagen;,immer verdünnen!!! 1x/Tag für 3 Tage;
df32ff88-0646-5980-aaf6-c2892972d3c8,dosages,3472c9eb-e544-4fdc-bd81-35865a4ae513,dosage_per_grams_unit,ml,ml,ml,ml
69e67790-bd20-5a49-beff-a9fe7824237c,dosages,349e80ed-970b-41ed-b3eb-9c9f6876b526,description,2 gelules 2 fois par jour,2 capsules 2 times per day,2 capsules 2 maal per dag,2 Kapseln 2-mal täglich
041160c6-54f8-5927-bd8a-2698b1e2de3d,dosages,349e80ed-970b-41ed-b3eb-9c9f6876b526,dosage_per_grams_unit,gelule,capsule,capsule,Kapsel
986aba55-256d-5251-bc96-cc6ae0f91c86,dosages,351c0619-ab28-4b73-810d-05baea64bd18,description,antiparasitaire deposer sur peau de la nuque,antiparasitic: apply to the skin of the nape,antiparasitair: aanbrengen op de huid van de nek,Antiparasitikum: auf die Haut des Nackens auftragen
6c3a3cc2-eb2a-5a2b-a88c-9c77b064a0cb,dosages,351c0619-ab28-4b73-810d-05baea64bd18,dosage_per_grams_unit,ml,ml,ml,ml
aee16e24-ab3f-4a82-9150-96950ea74e4e,dosages,358079e4-3d82-4b0b-9324-7492d71a2f28,dosage_per_grams_unit,Ml,Ml,Ml,Ml
b3817f8b-2f86-5fee-a3d3-74b125851417,dosages,35cfc936-884d-4e56-ac4b-4d0aff078ff1,description,"déposer sur encolure, endroit impossible à lécher ; certains vont jusqu\\'à 0,4ml/kg; renouveler après 7-10jrs",apply to the nape, an area impossible to lick; some go up to 0.4ml/kg; repeat after 7-10 days,aanbrengen op de nek
97204268-460b-54ed-915e-95c66b0fe965,dosages,35cfc936-884d-4e56-ac4b-4d0aff078ff1,dosage_per_grams_unit,mlk,ml,ml,ml
f5fc8d0d-6623-490f-80d8-8f76f35e10fa,dosages,368dc0ed-3351-4a73-bf4e-65fa9a408f54,dosage_per_grams_unit,ml,ml,ml,ml
6862cf55-20c3-5af0-bf62-6b7cb1d9ba0d,dosages,381e3838-2da1-4196-9d8b-46cc77273963,description,1x parjour pdt 7 jrs minim,1x/day for min. 7 days,1x/dag gedurende min. 7 dagen,1x/Tag für mind. 7 Tage
ffd42ad1-e261-53d0-9abf-2417e0e3f9af,dosages,381e3838-2da1-4196-9d8b-46cc77273963,dosage_per_grams_unit,ml,ml,ml,ml
e6501a1d-c98d-49e2-98af-adcf7fa96c15,dosages,397cd9ce-6f16-4a66-9a57-67b472a1f6da,description,SC 3 à 5 jours 1X / Jours,SC 3 to 5 days 1X / Day,SC 3 tot 5 dagen 1X / Dag,SC 3 bis 5 Tage 1X / Tag
b7962e9f-f19c-4cb5-8797-a28a7ce1aed3,dosages,397cd9ce-6f16-4a66-9a57-67b472a1f6da,dosage_per_grams_unit,ml,ml,ml,ml
9a8bd320-fc17-58e9-aed5-943dd970f8ec,dosages,3a1f85ea-f7ea-4e60-9ca3-ca0c35016101,description,1x parjour pdt 7 jrs minim,1x/day for min. 7 days,1x/dag gedurende min. 7 dagen,1x/Tag für mind. 7 Tage
318f23f3-55d2-505d-8c95-e1b474f152de,dosages,3a1f85ea-f7ea-4e60-9ca3-ca0c35016101,dosage_per_grams_unit,ml,ml,ml,ml
34fec23f-fa9a-57a4-9f8d-095278c53575,dosages,3a42b251-6142-4936-9913-2d5ddc0f6921,description,"= 15mg/kg // 0,00015 ml/g = 7mg/kg = dose préconisée pr carnivores par Barron (= dose moyenne) // un auteur (\\""veterian key) avance pr le Hérisson 20mg/kg  soit 0,4 ml par kg ; Thèse Ramseyer donne 2-4mg/kg pour chien","= 15mg/kg // 0.00015 ml/g = 7mg/kg = recommended dose for carnivores by Barron (= average dose) // one author (""veterian key"") suggests for Hedgehog 20mg/kg i.e. 0.4 ml/kg; Ramseyer thesis gives 2-4mg/kg for dogs",= 15mg/kg // 0,"00015 ml/g = 7mg/kg = aanbevolen dosis voor carnivoren door Barron (= gemiddelde dosis) // een auteur (""veterian key"") stelt voor Egel 20mg/kg d.w.z. 0"
58fbff7e-1187-5a5b-b71d-1920c72f9501,dosages,3a42b251-6142-4936-9913-2d5ddc0f6921,dosage_per_grams_unit,ml,ml,ml,ml
cf78c744-2e6c-57b5-b47d-3075b0dd7b65,dosages,3ae39e00-412b-4dab-898c-0fb0fa2c2406,description,pour on ; renouveler après 7-10 jours,pour-on; repeat after 7-10 days,pour-on; herhalen na 7-10 dagen,Pour-on; nach 7-10 Tagen wiederholen
7f684f9d-442d-5de2-8a1a-876072e0c8c3,dosages,3ae39e00-412b-4dab-898c-0fb0fa2c2406,dosage_per_grams_unit,ml,ml,ml,ml
73ee4b92-0ffa-4b6c-a044-e6954dbb92da,dosages,3b076a15-9b07-482b-ac1e-c9bac6e5355a,description,SC 3 à 5 jours 1X / Jours,SC 3 to 5 days 1X / Day,SC 3 tot 5 dagen 1X / Dag,SC 3 bis 5 Tage 1X / Tag
b631b672-d35c-4743-9524-d0044885bab5,dosages,3b076a15-9b07-482b-ac1e-c9bac6e5355a,dosage_per_grams_unit,ml,ml,ml,ml
5ab6f95e-05b3-5dd7-ac1c-80392813af73,dosages,3b93de75-e194-4441-98d6-b61f1c6d26ae,description,1x/jr pendant 3 jrs,1x/day for 3 days,1x/dag gedurende 3 dagen,1x/Tag für 3 Tage
3432b17b-3c57-57b2-a962-7ff39c654154,dosages,3b93de75-e194-4441-98d6-b61f1c6d26ae,dosage_per_grams_unit,comp,tab,tab,Tabl
5bdef8ca-d899-5ae9-aa6b-6d38d88f17ac,dosages,3c46d72c-24cd-4a76-b671-971befe0185c,description,1 x par jour pendant 3 jours si pas d\\'autre medoc a dispo,1x per day for 3 days if no other meds available,1x per dag gedurende 3 dagen indien geen andere medicatie beschikbaar,1x täglich für 3 Tage
923f1267-5a53-524a-9159-77e908211489,dosages,3c46d72c-24cd-4a76-b671-971befe0185c,dosage_per_grams_unit,ml,ml,ml,ml
cab5d109-7d06-5618-bd1e-188084272f75,dosages,3c822da9-9be2-4efa-85f9-3f5d1218db01,description,"S.C., 2x /jr 7 jrs (ceci = dose maxi: 0,4-0,8ml/kg",S.C., 2x/day 7 days (this = max dose: 0.4-0.8ml/kg),S.C.
fbfbf5d7-d6b1-5c5e-9040-a82affa47f7a,dosages,3c822da9-9be2-4efa-85f9-3f5d1218db01,dosage_per_grams_unit,ml,ml,ml,ml
2360f016-0b98-4796-be91-272833907c17,dosages,3d21241b-387c-4766-919c-04d59ec734bd,dosage_per_grams_unit,mg,mg,mg,mg
fa60d122-2261-52be-b968-e047684d4334,dosages,3d704c3c-f76d-467b-9697-3d0806872781,dosage_per_grams_unit,ml,ml,ml,ml
b4e05acf-234e-5d10-9284-5e566b7e2a2b,dosages,3ed4beac-91b3-475a-a754-25e8358271c0,description,20\\' avant repas ; ceci = dose maximum par prise ; éventuellement 3 prises/24 hrs,20 mins before meals; this = maximum dose per intake; possibly 3 intakes/24 hrs,20 min voor maaltijd; dit = maximale dosis per inname; eventueel 3 innames/24u,20 min vor dem Futter; dies = maximale Dosis pro Gabe; ggf. 3 Gaben/24h
8cd63d08-8a39-5cfc-9a78-64b13ac9445d,dosages,3ed4beac-91b3-475a-a754-25e8358271c0,dosage_per_grams_unit,ml,ml,ml,ml
66765c85-a2bf-4c91-86ee-2e6b1d8b69b3,dosages,3ef0ec4f-1634-4ae5-a88e-e0ebf1e15e75,description,IM,IM,IM,IM
8fcd9749-34a6-4c1f-abb6-eda514dc7596,dosages,3ef0ec4f-1634-4ae5-a88e-e0ebf1e15e75,dosage_per_grams_unit,ml,ml,ml,ml
b5d5bd31-5151-4a08-aa0b-e962aaf026ff,dosages,3f15c586-b1a9-4ee4-b115-fd765819e8d7,description,repeter après 7 jours,repeat after 7 days,herhalen na 7 dagen,nach 7 Tagen wiederholen
c02ce236-3571-4945-97c4-01915a1ccd32,dosages,3f15c586-b1a9-4ee4-b115-fd765819e8d7,dosage_per_grams_unit,ml,ml,ml,ml
10dffbbf-a7e1-4f21-9b07-573a00436f36,dosages,3f713b2c-40fc-4bb8-ac4c-0c7a8474affd,description,repeter après 7 jours,repeat after 7 days,herhalen na 7 dagen,nach 7 Tagen wiederholen
e4c16251-90f6-4e87-ac31-8a272c3cc51e,dosages,3f713b2c-40fc-4bb8-ac4c-0c7a8474affd,dosage_per_grams_unit,ml,ml,ml,ml
093fba2e-7e33-49be-aa25-72fd3f6be614,dosages,40d87010-0f8e-4441-b683-e4a9085d84bb,description,(spot- on sur la peau) 1X par mois,(spot-on on the skin) 1X per month,(spot-on op de huid) 1X per maand,(Spot-on auf die Haut) 1X pro Monat
7320d25b-05d4-4851-9682-29af7a7ada6d,dosages,40d87010-0f8e-4441-b683-e4a9085d84bb,dosage_per_grams_unit,unité,unit,eenheid,Einheit
366d8ca9-78f4-581f-a0b9-ea2421e73765,dosages,40f3a3ab-5d67-4728-9397-e8044a79ff74,description,1ml pour 50 kgs de poids pour la plupart des espèces !,1ml per 50 kgs of body weight for most species!,1ml per 50 kg lichaamsgewicht voor de meeste soorten!,1ml pro 50 kg Körpergewicht für die meisten Arten!
80a859e4-7380-4c5d-9e35-8a2c7266aab1,dosages,412410f0-0b74-4de7-ac42-b1ca3eaf0e77,dosage_per_grams_unit,ml,ml,ml,ml
dc04dbab-9b58-4ce9-a387-0cd47f4a8ffd,dosages,42692a09-45d4-4c9f-bbd1-959e2bda689b,description,"Indication : plaies, postop', problèmes urinaires, génitaux, respiratoires (vu réticence usage fluoroquinolones)etc... 1x/jour durée : 7jours minimum utiliser quand forme buccale impossible",Indication: wounds, post-op, urinary
b6f781c3-9080-4297-9647-6b9aa15375e5,dosages,42692a09-45d4-4c9f-bbd1-959e2bda689b,dosage_per_grams_unit,ml,ml,ml,ml
16e7ce7f-222f-522a-8572-6e912f9b0d44,dosages,43e602c1-5bb6-493f-82c9-bc99f3cf0225,description,pour on ; renouveler après 7-10 jrs,pour-on; repeat after 7-10 days,pour-on; herhalen na 7-10 dagen,Pour-on; nach 7-10 Tagen wiederholen
62b7fb64-35c8-53c7-b2e4-08274d1ab138,dosages,43e602c1-5bb6-493f-82c9-bc99f3cf0225,dosage_per_grams_unit,ml,ml,ml,ml
b82fcb50-c4fb-5505-808a-14ae15742883,dosages,441f94e7-95b4-42d6-b583-4b065bc6484e,description,"maintenir CS à t° d\\'activité pdt tte durée R/ de 3à5jrs en fct de cible ; ça fait 0,0005ml par gramme ! ",keep CS at room temperature for entire duration of treatment 3-5 days depending on target; that's 0.0005ml per gram!,CS bewaren bij kamertemperatuur gedurende hele behandelingsduur 3-5 dagen afhankelijk van doel; dat is 0,0005ml per gram!
cf2fe85f-012e-566a-8674-24872a655e6e,dosages,441f94e7-95b4-42d6-b583-4b065bc6484e,dosage_per_grams_unit,ml,ml,ml,ml
f4fc3d6b-1320-5571-9ccd-1e6725b82ab9,dosages,44793e5c-e348-4e5a-b0ed-0364df69f4f8,description,2x / jour pdt 3 jrs,2x / day for 3 days,2x / dag gedurende 3 dagen,2x / Tag für 3 Tage
1882d91f-55f9-59d1-94ad-8cf17ea85350,dosages,44793e5c-e348-4e5a-b0ed-0364df69f4f8,dosage_per_grams_unit,ml,ml,ml,ml
6001526a-ed11-52d1-b085-cc1931ee28f7,dosages,44aaad62-fbfb-4c38-8607-6897538809ae,description,2 gelules 2 fois par jour (utilisé pour ostéomyélites),2 capsules 2 times per day (used for osteomyelitis),2 capsules 2 maal per dag (gebruikt voor osteomyelitis),2 Kapseln 2-mal täglich (bei Osteomyelitis)
ae4e9519-593f-5928-bd4d-6969ef3af910,dosages,44aaad62-fbfb-4c38-8607-6897538809ae,dosage_per_grams_unit,gelules,capsules,capsules,Kapseln
2c41cafb-e236-482a-9ecb-a1813f9229ff,dosages,44c6573a-ef96-41cb-9b23-93d9a5deaead,dosage_per_grams_unit,ml (IV),ml (IV),ml (IV),ml (IV)
299063bd-0458-40b2-892e-d96eb6f91a38,dosages,44d9f5cd-b8ce-4132-bef2-a583eb4d6198,dosage_per_grams_unit,ml,ml,ml,ml
35a05dab-f12e-41f5-ad05-c4b5ec20e1d2,dosages,454ccedf-6b09-497c-9f36-8fa7abb8660b,dosage_per_grams_unit,ml,ml,ml,ml
65a2ab2f-8f4e-51ce-bc78-404632c939c1,dosages,459986ef-90b2-43d3-911c-97e0329e7b16,description,2 fois par jour 3-4 jrs (à 5 jrs si animal en bonne condition physique),2 times per day 3-4 days (up to 5 days if animal in good physical condition),2 maal per dag 3-4 dagen (tot 5 dagen indien dier in goede fysieke conditie),2-mal täglich 3-4 Tage (bis zu 5 Tage wenn Tier in gutem körperlichem Zustand)
8d1e93e6-19bd-587a-982b-5691c7d04fe2,dosages,459986ef-90b2-43d3-911c-97e0329e7b16,dosage_per_grams_unit,ml,ml,ml,ml
36680e2c-e381-52a5-a84c-2cbbe2f7ccc8,dosages,46722fe3-d4c4-43d0-adb0-b4f6ee9c915d,description,déposer sur la peau de la nuque,apply to the skin of the nape,aanbrengen op de huid van de nek,auf die Haut des Nackens auftragen
e6c8ea95-3188-52b7-ac63-b61802c943f1,dosages,46722fe3-d4c4-43d0-adb0-b4f6ee9c915d,dosage_per_grams_unit,ml,ml,ml,ml
788bb4cd-3b1f-432f-8dc4-19448d876952,dosages,4677fa2a-f5e0-45b8-9497-6fe3a0206b32,description,sur la peau,on the skin,op de huid,auf die Haut
9be6a3ae-f253-485d-a797-9e966c9e5556,dosages,4677fa2a-f5e0-45b8-9497-6fe3a0206b32,dosage_per_grams_unit,ml,ml,ml,ml
dc8a60ba-6c00-554e-8051-ae457778899d,dosages,46a5c3f2-9496-469b-ab80-54ff73196bea,description,antiparasitaire deposer sur peau de la nuque,antiparasitic: apply to the skin of the nape,antiparasitair: aanbrengen op de huid van de nek,Antiparasitikum: auf die Haut des Nackens auftragen
617462a7-f853-573e-a9dc-31af3303f3d5,dosages,46a5c3f2-9496-469b-ab80-54ff73196bea,dosage_per_grams_unit,ml,ml,ml,ml
982cae28-c085-4378-b8f3-ba26a4d27d69,dosages,46b2aeb7-82f2-41f0-bb4b-6df88f05ed1c,dosage_per_grams_unit,ml,ml,ml,ml
054d060d-7ed3-5af3-b3af-37d66fb43d4d,dosages,475f041b-cb9b-4cbd-8fe2-05191436136b,description,1x/jr en 1 prise ...(?) difficulté à doser,1x/day in 1 dose ...(?) difficulty dosing,1x/dag in 1 dosis ...(?) moeilijk te doseren,1x/Tag in 1 Gabe ...(?) Schwierigkeiten bei der Dosierung
49a6d04b-9051-50fc-bbd6-ad0283b15f98,dosages,475f041b-cb9b-4cbd-8fe2-05191436136b,dosage_per_grams_unit,ml,ml,ml,ml
6d2c0cb6-f9c9-45aa-9a11-e40347634791,dosages,47b4673d-47cf-4da6-acb7-35e33006836c,dosage_per_grams_unit,ml,ml,ml,ml
949389cc-1510-49a1-a81a-19e941e3997b,dosages,48e0ab18-916f-4889-922d-0186bf25c30a,dosage_per_grams_unit,ml,ml,ml,ml
dceb324b-b12c-5a47-9e57-db53d6a348c5,dosages,4965c79b-fbfe-4dff-a170-1c1151b998c4,description,syngamus : 1 x/jr pendant 3-5jrs ,syngamus: 1x/day for 3-5 days,syngamus: 1x/dag gedurende 3-5 dagen,Syngamus: 1x/Tag für 3-5 Tage
d65898ef-074a-5749-a315-d4e59851ce65,dosages,498bacc6-8f21-4bdc-b48a-57b2b1d21ffc,description, 2 x par jour pendant min 5 jours,2x per day for min. 5 days,2x per dag gedurende min. 5 dagen,2x täglich für mind. 5 Tage
441d3fda-a507-58e9-b264-7bfae69ae126,dosages,498bacc6-8f21-4bdc-b48a-57b2b1d21ffc,dosage_per_grams_unit,comp,tab,tab,Tabl
b60af046-9611-585d-aa4c-cbd1c321d437,dosages,4ae13e13-b6a4-437f-a6b2-e7b76186976b,description,voie orale (..!) 15\\' avant repas 3 prises/24 hrs doses extrapolées,oral route (..!) 15 mins before meals 3 doses/24 hrs extrapolated doses,orale weg (..!) 15 min voor maaltijd 3 doses/24u geëxtrapoleerde doses,orale Verabreichung (..!) 15 min vor dem Futter 3 Gaben/24h extrapolierte Dosen
3d1b733a-2e49-5d77-97a2-d62758badad4,dosages,4ae13e13-b6a4-437f-a6b2-e7b76186976b,dosage_per_grams_unit,ml,ml,ml,ml
78cd537c-977f-4156-adef-afefd18bcf52,dosages,4b5bb030-29aa-4b1f-b880-2bc44e3ca755,dosage_per_grams_unit,ml,ml,ml,ml
3a4cd100-009f-5f82-bf10-0758bf64d991,dosages,4bc3711f-03be-478e-8622-2b451296e51c,description,2 gelules 2 fois par jour (utilisé pour ostéomyélites),2 capsules 2 times per day (used for osteomyelitis),2 capsules 2 maal per dag (gebruikt voor osteomyelitis),2 Kapseln 2-mal täglich (bei Osteomyelitis)
660be104-7825-5720-bdcd-dde5fef2ff04,dosages,4bc3711f-03be-478e-8622-2b451296e51c,dosage_per_grams_unit,gelules,capsules,capsules,Kapseln
18473fea-0be3-527b-93e1-10462c1204c5,dosages,4c4d54dd-f514-4513-942e-225682e0ff00,description,1x par jour : aspergillose : 8 semaines ; candidose : 14 jrs,1x per day: aspergillosis: 8 weeks; candidiasis: 14 days,1x per dag: aspergillose: 8 weken; candidiasis: 14 dagen,1x täglich: Aspergillose: 8 Wochen; Candidose: 14 Tage
1c81ae75-fddf-5463-9a7b-284750a4b00f,dosages,4c4d54dd-f514-4513-942e-225682e0ff00,dosage_per_grams_unit,ml,ml,ml,ml
a620b189-b06a-446c-aa40-55f18c92f913,dosages,4d26e22b-fa84-42dc-af93-18ad1d4c3957,dosage_per_grams_unit,ml (IM),ml (IM),ml (IM),ml (IM)
6e0f68df-8819-549d-8c22-808c89e7056b,dosages,4f051981-2c41-4eed-8d3f-84d03a4c5fa7,description,.2 x  /jour  7jours minimum. Utiliser dès que administration buccale possible; dose très forte : c\\'est vérifié!,.2 x /day minimum 7 days. Use as soon as oral admin possible; very high dose: confirmed!,0.2 x /dag min. 7 dagen. Gebruik zodra orale toediening mogelijk is; zeer hoge dosis: bevestigd!,0.2 x /Tag mind. 7 Tage. Anwenden
25ecbc3b-16a7-5db9-ab7a-59c068e502d7,dosages,4f051981-2c41-4eed-8d3f-84d03a4c5fa7,dosage_per_grams_unit,comprimé,tablet,tablet,Tablette
eb023d7c-01f8-4705-a39c-f6e01b383faf,dosages,4f5fd8e4-2369-4523-b7c0-73a431915bcc,dosage_per_grams_unit,ml,ml,ml,ml
180999ab-3a06-4b59-9090-435b4a6b0008,dosages,50564462-a820-4578-9616-c565ae43c79e,dosage_per_grams_unit,Mn,Mn,Mn,Mn
740117bc-a7d0-5705-b914-19340870e147,dosages,50b5be9b-10cb-4c3a-bf05-d59e658e952a,description,1x/jr pdt 3 jrs,1x/day for 3 days,1x/dag gedurende 3 dagen,1x/Tag für 3 Tage
4f5a6747-6361-5bac-b48b-9aea64e6f0b3,dosages,50b5be9b-10cb-4c3a-bf05-d59e658e952a,dosage_per_grams_unit,comp,tab,tab,Tabl
a437f948-c0f0-5128-81c0-a29585337af6,dosages,50bed0e1-3e12-4b3b-a093-372254f02557,description,traitement systématique à arrivée colombidés : 1 comp/Pigeon ; 1/2 comp pour légers et Tourterelles ; 1 seule prise. Histomonose : :durée  10 jours !,systematic treatment on arrival for pigeons: 1 tab/Pigeon; 1/2 tab for light ones and Turtledoves; single dose. Histomonosis: duration 10 days!,systematische behandeling bij aankomst voor duiven: 1 tab/Duif; 1/2 tab voor lichte en Tortels; eenmalige dosis. Histomonose: duur 10 dagen!,systematische Behandlung bei Ankunft für Tauben: 1 Tab/Taube; 1/2 Tab für leichte und Turteltauben; einmalige Gabe. Histomonose: Dauer 10 Tage!
534ae28c-2c5f-58b8-83b0-405e4ebb5808,dosages,50bed0e1-3e12-4b3b-a093-372254f02557,dosage_per_grams_unit,comp,tab,tab,Tabl
b0d96fa1-59d3-408d-b9ea-ceb7512289ce,dosages,5149673e-346f-422c-bcbd-18bc5701a10e,dosage_per_grams_unit,ml,ml,ml,ml
99a56ed9-2144-50cd-981c-a04a0828c967,dosages,51eb45b8-bf1f-4c3e-8056-d11b8984e265,description,interdit chez lagomorphes et rongeurs,forbidden in lagomorphs and rodents,verboden bij lagomorfen en knaagdieren,verboten bei Lagomorphen und Nagetieren
a9f778a2-40a6-5ab8-962d-87e287c43191,dosages,524b32e8-9acb-4ab1-bab1-74acf54f2413,description,ce qui fait 4 gouttes pour 14ml d\\'eau de boisson  ,which is 4 drops per 14ml of drinking water,wat neerkomt op 4 druppels per 14ml drinkwater,was 4 Tropfen pro 14ml Trinkwasser entspricht
1278b344-24d4-5e13-be90-1ecacfd6ae99,dosages,524b32e8-9acb-4ab1-bab1-74acf54f2413,dosage_per_grams_unit,gouttes,drops,druppels,Tropfen
fcdbcf0c-4070-4986-ad46-75f29a7cb976,dosages,52a292d6-4278-432e-b348-d005bb44e90b,dosage_per_grams_unit,ml (IV),ml (IV),ml (IV),ml (IV)
b47dd655-6784-5708-8165-d0f990627b23,dosages,52c96cd0-dbd0-4d7f-b7f4-6d479b14ff68,description,.2 x  /jour  7jours minimum. Utiliser dès que administration buccale possible; dose très forte : c\\'est vérifié!,.2 x /day minimum 7 days. Use as soon as oral admin possible; very high dose: confirmed!,0.2 x /dag min. 7 dagen. Gebruik zodra orale toediening mogelijk is; zeer hoge dosis: bevestigd!,0.2 x /Tag mind. 7 Tage. Anwenden
e5b3aaad-6615-55e9-be17-532b12706368,dosages,52c96cd0-dbd0-4d7f-b7f4-6d479b14ff68,dosage_per_grams_unit,comprimé,tablet,tablet,Tablette
e4a4a622-a22b-49c5-860b-1d98b1fa6e37,dosages,52d3194f-53c1-40bb-bf94-b9f884a01843,dosage_per_grams_unit,ml,ml,ml,ml
bd295c60-358b-5356-8a6c-02944eb81df4,dosages,53644f65-ca22-41cc-a765-eb08bc6e67ff,description,peut aller jusqu\\'à 2ml /kg 1x par jour pendant 3 jrs,can go up to 2ml/kg 1x per day for 3 days,kan oplopen tot 2ml/kg 1x per dag gedurende 3 dagen,kann bis zu 2ml/kg 1x täglich für 3 Tage betragen
93fd6d32-9538-560c-aa14-935654ea0c74,dosages,53644f65-ca22-41cc-a765-eb08bc6e67ff,dosage_per_grams_unit,ml,ml,ml,ml
d6ae2cce-39cf-42c4-89bd-5583611534db,dosages,53a8cdc2-d343-49b5-9694-6c44cbe170be,description,"dans le bec, 5/7 jours, 1ml kg si diluer à 4gr/20ml ",in the beak, 5/7 days, 1ml/kg if diluted to 4gr/20ml
f40cdb0a-62ef-4782-81a2-53013272b960,dosages,53a8cdc2-d343-49b5-9694-6c44cbe170be,dosage_per_grams_unit,ml,ml,ml,ml
4951e38a-9a3a-46a9-bef0-75bdf57f2c40,dosages,53d5a36e-9cff-44bc-94fe-524ce366af60,description,"iv, iartic",iv, intra-articular,iv
dfb1c6a7-527e-45f6-9277-965d61a2f273,dosages,53d5a36e-9cff-44bc-94fe-524ce366af60,dosage_per_grams_unit,ml,ml,ml,ml
ce6ce0ad-f8be-5f50-abbc-db4ea263aa67,dosages,55f0bedc-5678-45a5-a42f-f88589cef495,description,ne pas fractionner ces comprimés ; répéter traitement ,do not split these tablets; repeat treatment,niet splitsen deze tabletten; behandeling herhalen,diese Tabletten nicht teilen; Behandlung wiederholen
167dbba8-8a2a-5375-9986-59fdd3ddcdd1,dosages,55f0bedc-5678-45a5-a42f-f88589cef495,dosage_per_grams_unit,comp,tab,tab,Tabl
a416dd7d-d0a4-45b2-9703-1b265f7a46d9,dosages,56bbf3ca-d265-4d26-9909-922ef51c770c,description,2 mg kilo,2 mg/kg,2 mg/kg,2 mg/kg
e5864a2d-4656-4792-99e9-4e7ae8369a9a,dosages,56bbf3ca-d265-4d26-9909-922ef51c770c,dosage_per_grams_unit,ml,ml,ml,ml
40a088ca-cb2f-48e2-88a6-4d18aa928cb5,dosages,56f03938-7927-42a7-ad59-d64a102a1bec,dosage_per_grams_unit,ml,ml,ml,ml
0afe7938-ceea-499b-8446-d096e16e5291,dosages,572749a5-a2db-402a-9732-a861b670b026,description,IM,IM,IM,IM
39e9dd33-a988-4ac0-91b0-fd43ccb7332d,dosages,572749a5-a2db-402a-9732-a861b670b026,dosage_per_grams_unit,ml,ml,ml,ml
1b6fcefc-4aa9-426d-8496-5e9600b680d5,dosages,5783688f-aa1d-4f62-beb0-9da5a1cfa198,description,4 x à 3-4 j d'intervalle,4 times at 3-4 day intervals,4 maal met 3-4 dagen tussentijd,4 mal im Abstand von 3-4 Tagen
8a3bd989-6d61-4d32-8534-22b5a647935b,dosages,5783688f-aa1d-4f62-beb0-9da5a1cfa198,dosage_per_grams_unit,ml,ml,ml,ml
0af1107c-3c55-4c49-acc7-7b1d995031de,dosages,57a87439-6e1b-4cf7-a415-8eb60e223a9f,description, 2xdays  5 to 7 ,2x/day 5 to 7,2x/dag 5 tot 7,2x/Tag 5 bis 7
4aab0f01-76c8-47b6-baec-fc2095cebcbf,dosages,57a87439-6e1b-4cf7-a415-8eb60e223a9f,dosage_per_grams_unit,ml,ml,ml,ml
df97bd49-05cd-49a1-9e5c-758c4ace0b43,dosages,57d14b45-0cc6-4084-8a03-b3920e531de7,dosage_per_grams_unit,Ml,Ml,Ml,Ml
01f33288-98b7-5db7-9903-6bbebe152783,dosages,58a8c841-398b-44ad-9ba4-e9cc152dc7a4,description,per os 2x/jr ; pdt 7 jrs,per os 2x/day; for 7 days,per os 2x/dag; gedurende 7 dagen,per os 2x/Tag; für 7 Tage
b3c37f85-ccfd-5c9b-81b1-97d1c024639b,dosages,58a8c841-398b-44ad-9ba4-e9cc152dc7a4,dosage_per_grams_unit,ml,ml,ml,ml
8f84a964-e97c-538b-946b-8051f5c161aa,dosages,58a8e14c-1f0a-4fc8-af73-2fbf37e0a0ac,description," SC 1x par jour , durée : 2 jrs après fin des symptomes", SC 1x per day, duration: 2 days after symptoms end, SC 1x per dag
60a955b2-3fa6-5a41-996f-6ed1182087a6,dosages,58a8e14c-1f0a-4fc8-af73-2fbf37e0a0ac,dosage_per_grams_unit,ml,ml,ml,ml
744b87d7-39e6-52bf-a3f2-378740e1f55f,dosages,5a07f402-d572-4ae7-b104-94837b64decb,description,"s/peau encolure, à endroit impossible à lécher ; répéter au - 1x  après7-10 jrs ; ceci est la dose de 1mg/kg (Caroline Gould donne 2,5 mg en 2025!)",s/c on nape, in an area impossible to lick; repeat at least 1x after 7-10 days; this is the 1mg/kg dose (Caroline Gould gives 2.5 mg in 2025!),s/c op nek
acae65b8-1dab-5ab2-8cef-d7d102da05a7,dosages,5a07f402-d572-4ae7-b104-94837b64decb,dosage_per_grams_unit,ml,ml,ml,ml
c62d6cc5-e5bd-59ad-ba5d-01b9d9ce2995,dosages,5a138415-39bc-4513-90c8-bd559607e090,description,J1 diluer 1/5sachet dans 320ml d\\'eau de boisson; ne pas donner d\\'aliments humides: seulement croquettes,D1 dilute 1/5 sachet in 320ml drinking water; do not give wet food: only kibble,D1 verdun 1/5 zakje in 320ml drinkwater; geef geen natvoer: alleen brokjes,Tag 1: 1/5 Beutel in 320ml Trinkwasser verdünnen; kein Nassfutter geben: nur Trockenfutter
9be9d93e-1d55-5e33-9650-4b8964e25ecd,dosages,5a138415-39bc-4513-90c8-bd559607e090,dosage_per_grams_unit,g,g,g,g
be31da72-b7e6-50fc-befb-3714418bb9c3,dosages,5a3c9739-7f3e-443a-97b0-2d8342ba3ca2,description,"3 x/ jour, 15 \\' avant repas",3 x / day, 15 mins before meals,3 x / dag
45bf651b-1365-5693-90c5-2db9307d6668,dosages,5a3c9739-7f3e-443a-97b0-2d8342ba3ca2,dosage_per_grams_unit,ml,ml,ml,ml
f918e8b7-f1e0-5497-8478-af7233b9166c,dosages,5a87654f-fc49-4ce7-84f0-68d493563550,description,1x ./ jour pendant minimum 5 jrs,1x / day for a minimum of 5 days,1x / dag gedurende min. 5 dagen,1x / Tag für mindestens 5 Tage
5dd7183a-bb3e-5461-af10-01a98412120a,dosages,5a87654f-fc49-4ce7-84f0-68d493563550,dosage_per_grams_unit,ml,ml,ml,ml
d0aa2b55-3f50-5ffd-95a9-19aacf059515,dosages,5aa34731-76cc-45dc-80b6-c92e12a7a553,description,per os 2x/jr ; pdt 7 jrs ,per os 2x/day; for 7 days,per os 2x/dag; gedurende 7 dagen,per os 2x/Tag; für 7 Tage
8fb6af8e-3b04-5836-836a-c44d9bd9dc2c,dosages,5aa34731-76cc-45dc-80b6-c92e12a7a553,dosage_per_grams_unit,ml,ml,ml,ml
d3fef91b-3e51-4f85-bf63-761412fbc652,dosages,5b30cf2d-9ba6-4c7c-afe1-424d65268275,dosage_per_grams_unit,ml,ml,ml,ml
e38b8e05-0e81-54f6-b8ff-02c0a35cef5f,dosages,5bcbce6b-2598-40cf-accd-4b208f33cc5a,description,1 x par jour pdt 7 jrs,1x per day for 7 days,1x per dag gedurende 7 dagen,1x täglich für 7 Tage
70a12232-267c-5a72-a923-8416d26de049,dosages,5bcbce6b-2598-40cf-accd-4b208f33cc5a,dosage_per_grams_unit,comp,tab,tab,Tabl
adf68a0d-9ce6-5ee8-a16e-94e6ff4b8754,dosages,5bce8ac2-34bd-49dc-9938-0b16e9c04f08,description,interdit,forbidden,verboden,verboten
18a79e2f-e11b-4b55-ac41-ebfa3b4a0b45,dosages,5c069148-4226-46ec-b552-cc85cd4de8dd,dosage_per_grams_unit,ml,ml,ml,ml
405c42e6-3f0c-425a-b70a-9f236edde7a6,dosages,5c100543-4960-431b-b9a7-819da59929aa,dosage_per_grams_unit,ml,ml,ml,ml
593af324-cf31-53cf-b550-59802dbdbba7,dosages,5c76a46b-b1d7-452c-be21-dbbc7e0ff80a,description,1 sachet /demi litre eau de boisson pendant 10-14 jrs,1 sachet / half liter drinking water for 10-14 days,1 zakje / halve liter drinkwater gedurende 10-14 dagen,1 Beutel / halber Liter Trinkwasser für 10-14 Tage
30b2ec60-1007-4cd5-8d39-58b5ffc2f7c3,dosages,5cc4065e-68ef-4d41-8f62-5eb46cc26b7c,dosage_per_grams_unit,g,g,g,g
00664e94-cc99-5d58-9052-a31dec13c51e,dosages,5ded84d4-f310-4b97-aee9-cc23b657dfd7,description,"indication : plaies, postop\\', problèmes urinaires, génitaux, respiratoires (vu réticence usage fluoroquinolones)etc...",indication: wounds, post-op, urinary
fbb43a6b-f711-5758-bef9-992d0b09ee7c,dosages,5ded84d4-f310-4b97-aee9-cc23b657dfd7,dosage_per_grams_unit,ml,ml,ml,ml
5bf4f265-e067-5597-9a65-b4dd7fb9256d,dosages,5e66f24b-0cef-4901-a716-612d44589672,description,càd 1 petit demi comprimé 2x /jr pdt 7 jrs minimum,i.e. 1 small half tablet 2x/day for min. 7 days,d.w.z. 1 klein half tablet 2x/dag gedurende min. 7 dagen,d.h. 1 kleine halbe Tablette 2x/Tag für mind. 7 Tage
0a0ada86-2075-5468-9354-f96e9d2a4d21,dosages,5e66f24b-0cef-4901-a716-612d44589672,dosage_per_grams_unit,comp,tab,tab,Tabl
b7db8657-39e3-478b-9e31-16d7cce296d7,dosages,5f043dad-cf59-4ca3-89a2-eb7e8fb3d4b1,description,"oral, doubler le premier jour",oral, double the first day,oraal
92f0a239-b422-490a-b0a1-9f0987926e22,dosages,5f043dad-cf59-4ca3-89a2-eb7e8fb3d4b1,dosage_per_grams_unit,ml,ml,ml,ml
0d8a8028-352b-553a-84c8-3f1ff7916263,dosages,5f11b464-555b-4213-8295-9b8d3cc8f548,description,interdit,forbidden,verboden,verboten
e7a2c90d-9a0c-5303-8781-a538af99a6c0,dosages,60751fe7-5f25-479c-8aee-60496e58c9f4,description,"3 x/ jour, 15 \\' avant repas ; vu les poids : diluer !! le tout serait de faire 3 piqures par jour ! ",3 x / day, 15 mins before meals; given the weights: dilute!! The whole point would be to give 3 injections per day!,3 x / dag
1feb2849-7336-5c91-88fc-89e714cb4a35,dosages,60751fe7-5f25-479c-8aee-60496e58c9f4,dosage_per_grams_unit,ml,ml,ml,ml
4461304b-e6fb-5ad2-8274-6ac75bedca61,dosages,61354629-23b8-485b-840e-e891d1b1d683,description,2 x / jour pdt 5-7 jours (Boussarie : 20mg/kg/prise,2x / day for 5-7 days (Boussarie: 20mg/kg/dose,2x / dag gedurende 5-7 dagen (Boussarie: 20mg/kg/dosis,2x / Tag für 5-7 Tage (Boussarie: 20mg/kg/Gabe
15853128-e1ce-5df6-873b-a513ffeceacb,dosages,61354629-23b8-485b-840e-e891d1b1d683,dosage_per_grams_unit,ml,ml,ml,ml
842dbeb8-8a36-5ecc-8737-e09d607a76d8,dosages,61804cca-0afe-4614-b883-f13faab1fb23,description,1x ./ jour pendant minimum 5 jrs,1x / day for a minimum of 5 days,1x / dag gedurende min. 5 dagen,1x / Tag für mindestens 5 Tage
2e55e18e-9d73-5658-b90c-aefc484fdec1,dosages,61804cca-0afe-4614-b883-f13faab1fb23,dosage_per_grams_unit,ml,ml,ml,ml
4479819b-6d6e-4d0f-9e75-af7830bd7878,dosages,61cb6538-4a58-40e1-aad1-17901a644869,description,"iv, im",iv, im,iv
6581f6d3-3bf6-4896-9a63-a84f3af0258d,dosages,61cb6538-4a58-40e1-aad1-17901a644869,dosage_per_grams_unit,ml,ml,ml,ml
32215e8c-a9ac-5f24-a589-cfaffcfc0a1b,dosages,62841bba-985d-4107-9b78-c3cbb0781401,description,"3 x/ jour, 15 \\' avant repas",3 x / day, 15 mins before meals,3 x / dag
5dbbeaa0-2637-597b-8910-b6a66bfe41d3,dosages,62841bba-985d-4107-9b78-c3cbb0781401,dosage_per_grams_unit,ml,ml,ml,ml
a1bf6637-2df5-5227-8d37-d621d7eff7f5,dosages,62b49564-db92-401a-955a-674518c50740,description," (jusqu\\'à 0,8ml) s/peau encolure, à endroit impossible à lécher ; répéter au - 1x  après7-10 jrs ; ",(up to 0.8ml) s/c on nape, in an area impossible to lick; repeat at least 1x after 7-10 days;,(tot 0
cc37e6aa-7047-597d-a89c-bf55813cd61e,dosages,62b49564-db92-401a-955a-674518c50740,dosage_per_grams_unit,ml,ml,ml,ml
ac1a44cc-97d7-4570-97e0-3ce2471dc604,dosages,6500e56b-c5ab-43bf-bbba-40f7036403e5,dosage_per_grams_unit,ml,ml,ml,ml
b8ccd1bc-e5d7-55e4-b803-584e7e70aab4,dosages,6512d356-7334-4673-9cc5-fc5932e5b3c5,description,SC 1x/jr ; pdt 7 jrs ; ferait vomir d\\'ou plutot celui ci en SC,SC 1x/day; for 7 days; would cause vomiting hence rather this one SC,SC 1x/dag; gedurende 7 dagen; zou braken veroorzaken vandaar liever deze SC,SC 1x/Tag; für 7 Tage; würde Erbrechen verursachen
d355643b-9241-57b0-944b-a875eb7ea0d9,dosages,6512d356-7334-4673-9cc5-fc5932e5b3c5,dosage_per_grams_unit,ml,ml,ml,ml
229ef408-438d-5fc4-8581-1fc5849c49f0,dosages,658589e3-27f1-4cc9-8bba-14e6ea953b13,description,1x/jr pdt 3-5 jours ; posologie et durée peuvent varier en fct de cible,1x/day for 3-5 days; dosage and duration may vary depending on target,1x/dag gedurende 3-5 dagen; dosering en duur kunnen variëren afhankelijk van doel,1x/Tag für 3-5 Tage; Dosierung und Dauer können je nach Ziel variieren
abde80f4-4c29-5fcf-a7c4-57d75249defa,dosages,658589e3-27f1-4cc9-8bba-14e6ea953b13,dosage_per_grams_unit,ml,ml,ml,ml
1d384b39-bfc9-4304-9681-68dd09a56b96,dosages,65f5d3a1-725b-4c1c-a233-39e8775d2b36,description,SC,SC,SC,SC
6d48f93e-c1d0-4641-97a6-6205507f5789,dosages,65f5d3a1-725b-4c1c-a233-39e8775d2b36,dosage_per_grams_unit,ml,ml,ml,ml
23d61e4c-51c5-5cb8-b81d-37d47040c421,dosages,65f5f445-94a1-43f9-9a39-b26389d33749,description, 2 x par jour pendant 5 jours ; voir comment doser !!!,2x per day for 5 days; see how to dose!!!,2x per dag gedurende 5 dagen; kijk hoe doseren!!!,2x täglich für 5 Tage; schauen
4a919d3b-83fc-5ad0-849b-808b306c61e3,dosages,65f5f445-94a1-43f9-9a39-b26389d33749,dosage_per_grams_unit,comp,tab,tab,Tabl
ec15b668-dbcc-51ea-8db5-552f906d6347,dosages,6647040c-5339-480b-89d8-557cd68d4c90,description,toujours diluer !1 x / semaine pendant 3 semaines,always dilute! 1x / week for 3 weeks,altijd verdunnen! 1x / week gedurende 3 weken,immer verdünnen! 1x / Woche für 3 Wochen
4d3fec13-8196-56d8-a9d2-14e84f39b9df,dosages,6647040c-5339-480b-89d8-557cd68d4c90,dosage_per_grams_unit,ml,ml,ml,ml
e43ddfed-d701-5b34-aa81-02efe65cb302,dosages,66f7442d-675a-49d0-8af6-414a1d60e9ac,description,1x par jour quelle que soit la voie ; 7 jrs,1x per day whatever the route; 7 days,1x per dag ongeacht de route; 7 dagen,1x täglich unabhängig von der Route; 7 Tage
64f9bec7-ebed-5cde-8e87-cb4853caefb8,dosages,66f7442d-675a-49d0-8af6-414a1d60e9ac,dosage_per_grams_unit,ml,ml,ml,ml
209ce4c4-61a7-4f0a-be8a-a896733ad754,dosages,67b62391-a0cf-4695-b68b-0d9b8de60259,description,inject / 48h,inject every 48h,injecteren / 48u,Injektion / 48h
13eb046c-7d9e-45b9-b7a1-127a4931d785,dosages,67b62391-a0cf-4695-b68b-0d9b8de60259,dosage_per_grams_unit,ml,ml,ml,ml
84d7f22b-5dc2-4129-b3dc-cf145ce69a15,dosages,680a4bc3-4f68-49b1-9db7-b162096843b4,dosage_per_grams_unit,ml (IV),ml (IV),ml (IV),ml (IV)
90e07078-9859-5bb9-91cc-d2382005e95b,dosages,68827576-7489-45a5-b80b-fd0807161f10,description,1x par sem,1x per week,1x per week,1x pro Woche
b77cbfc7-49f8-5e6d-a8f4-7871c0291a52,dosages,68827576-7489-45a5-b80b-fd0807161f10,dosage_per_grams_unit,ml,ml,ml,ml
f4189987-7482-4221-9249-09fb66210026,dosages,692ef1d7-7041-48ee-b5bb-92d49917959b,dosage_per_grams_unit,Ml,Ml,Ml,Ml
0b90014c-63b0-58e5-8477-367ce023614c,dosages,6954d2b5-d800-41c1-95f7-d59045ab30b1,description,2 x / jour pdt 5)-7 jours,2x / day for 5-7 days,2x / dag gedurende 5-7 dagen,2x / Tag für 5-7 Tage
ebf63b81-6f8f-595d-a761-f49c0da2af35,dosages,6954d2b5-d800-41c1-95f7-d59045ab30b1,dosage_per_grams_unit,ml,ml,ml,ml
68caedf5-783a-4411-9c5c-3b14043cdaac,dosages,6970229b-fd93-437f-b350-1faf1df42de2,dosage_per_grams_unit,ml,ml,ml,ml
7f3258fb-31b6-47d6-a878-d8a666c5cfb5,dosages,697362ec-aa57-4c12-ba2e-810ea339cf10,description,im,im,im,im
41c391ed-c16f-4bf3-a20f-b380864e33b1,dosages,697362ec-aa57-4c12-ba2e-810ea339cf10,dosage_per_grams_unit,ml,ml,ml,ml
98d83d27-65bc-4dcf-a19b-f1f47ca03032,dosages,6a8e9e40-7f73-4dcf-92b6-401814d81a09,description,dans la bouche,in the mouth,in de mond,in den Mund
0a5cc0ae-a353-40e7-b3f9-ed0b94d7a0d4,dosages,6a8e9e40-7f73-4dcf-92b6-401814d81a09,dosage_per_grams_unit,ml PER OS,ml PER OS,ml PER OS,ml PER OS
8acaaacb-8cd1-55a1-9980-529217d43b6b,dosages,6b013798-5ac2-4560-8042-8df2ff4929b5,description,"pour bain !!! diluer 20ml/litre d\\'eau ; appliquer, masser, ne pas rincer, sécher ; au moins 2 bains à 4 jrs d\\'intervalle",for bath!!! dilute 20ml/liter water; apply, massage, do not rinse
de639d9f-be77-5f8a-b427-c1fcabef4a72,dosages,6b013798-5ac2-4560-8042-8df2ff4929b5,dosage_per_grams_unit,ml,ml,ml,ml
2d8531dd-fc16-49e1-9f59-268d3792a251,dosages,6b1c482d-b0cc-4e0e-8a0b-65237c46b891,dosage_per_grams_unit,ml (IV),ml (IV),ml (IV),ml (IV)
57b514d8-54c3-4880-a34e-cf707c794c44,dosages,6b1df26b-a353-4087-ad72-87c07293a49e,dosage_per_grams_unit,mg,mg,mg,mg
a153de95-8dee-4552-8ed6-cbc374079884,dosages,6b55581e-b277-41e4-90d2-722b2191c735,description,Im 5 days,IM 5 days,IM 5 dagen,IM 5 Tage
d81ea5db-a88d-46b1-9ba2-ee35aa8967ec,dosages,6b55581e-b277-41e4-90d2-722b2191c735,dosage_per_grams_unit,ml,ml,ml,ml
d83a76cb-de15-4a8d-8502-ca583862f206,dosages,6cb14694-d2a4-4866-a578-5cbc85236c37,description,2 à 3 jours ,2 to 3 days,2 tot 3 dagen,2 bis 3 Tage
47942542-93bb-4fde-9dfe-50a9a392e0ff,dosages,6cb14694-d2a4-4866-a578-5cbc85236c37,dosage_per_grams_unit,ml,ml,ml,ml
cae800f8-5a51-4512-91df-a70c3b5e9669,dosages,6cd00f63-1abb-4625-9f66-3314b8e3a46c,description,inject / 48h,inject every 48h,injecteren / 48u,Injektion / 48h
daef574f-d10d-42b7-a479-2274bf3f76ae,dosages,6cd00f63-1abb-4625-9f66-3314b8e3a46c,dosage_per_grams_unit,ml,ml,ml,ml
89cd6979-42db-5f36-be26-3f1c7bc7cb6e,dosages,6df631e3-91ff-4858-945d-7c82a80e17e8,description,"ceci = dose maximum ! pour Hérissons, chats, et mustelidés(dose minimum = 0,1ml/kg) ; 22 ! dose maxi ne concerne pas les lagomorphes! pas d\\'activité sur tiques ; 1 applic/ mois antiparasitaire systématique pr chats, mustélidés ,éventuellement renard, si pas de tiques ;",this = maximum dose! for Hedgehogs, cats, and mustelids (minimum dose = 0.1ml/kg); 22! max dose does not concern lagomorphs! no activity against ticks; 1 applic/month systematic antiparasitic for cats
16f31e7e-e24d-5250-9cef-f0179ee70a01,dosages,6df631e3-91ff-4858-945d-7c82a80e17e8,dosage_per_grams_unit,ml,ml,ml,ml
6e19b21f-2f6a-52f8-b232-e353366ac695,dosages,6dff2e5b-ba45-4bd7-9ae5-a05ab1ee2a2d,description,"! ceci = dose maximum ! (dose minimum = 0,1ml/kg)pas d\\'activité sur tiques !  antiparasitaire à faire d\\'office si puces et vers intestinaux et/ou respiratoires dominent ; 1 application par mois",! this = maximum dose! (minimum dose = 0.1ml/kg) no activity against ticks! antiparasitic to be done systematically if fleas and intestinal and/or respiratory worms dominate; 1 application per month,! dit = maximum dosis! (minimum dosis = 0,1ml/kg) geen activiteit tegen teken! antiparasitair standaard uitvoeren als vlooien en darm- en/of longwormen domineren; 1 toepassing per maand
3124c506-5387-5f0d-8595-f25393fee4bf,dosages,6dff2e5b-ba45-4bd7-9ae5-a05ab1ee2a2d,dosage_per_grams_unit,ml,ml,ml,ml
7eec7fa2-4d99-5f47-a313-d6868f54766d,dosages,6e5b4207-775c-49ca-beff-105e363a5029,description,"précéder de rapidexon (15\\') diluer le produit sorti du flacon par 4 (!!)jours 1,2,3,10,17 ; surveiller après l\\'injection ; jours 1,2,3,10,17 ; ",precede with rapidexon (15 mins) dilute the product taken from the vial by 4 (!!) days 1,2,3
3cab92f4-9af2-52cb-a0c2-08f70d63e72a,dosages,6e5b4207-775c-49ca-beff-105e363a5029,dosage_per_grams_unit,ml,ml,ml,ml
15683ef4-95ee-416f-8418-e185b3e2c470,dosages,6e6797ab-90d2-4337-bdb2-c9d911773999,dosage_per_grams_unit,Ml,Ml,Ml,Ml
b6f13c47-0e21-5a24-99b1-b4c592bbc2b3,dosages,6e91e4a7-c971-4ee6-b055-1aaa16563539,description,"peut-être 0,2...chez le ...loup ? prendre relais avec K1 labo TVM",maybe 0.2... for ...wolf? switch to K1 from TVM lab,misschien 0,2... bij ...wolf? overstappen op K1 van TVM lab
4dbe1054-85fa-5b1b-b939-0bd6901703e5,dosages,6e91e4a7-c971-4ee6-b055-1aaa16563539,dosage_per_grams_unit,ml,ml,ml,ml
17006996-624d-4e23-b1a1-c1c96df5c076,dosages,6fe41905-fd75-4b26-aaa5-67337c1e06af,dosage_per_grams_unit,ml,ml,ml,ml
1e72e8ab-da1e-5fb0-9b66-6b85650a31ab,dosages,70ddd572-b870-4193-bfc4-405411bb55a2,description,1 gelule 2x/j pendant 7-10 jrs,1 capsule 2x/day for 7-10 days,1 capsule 2x/dag gedurende 7-10 dagen,1 Kapsel 2x/Tag für 7-10 Tage
b9d26bf6-0619-5694-bbd0-d153c90b718a,dosages,70ddd572-b870-4193-bfc4-405411bb55a2,dosage_per_grams_unit,gelule,capsule,capsule,Kapsel
0474e2b6-5a3b-4b19-94f4-d5b58cda89be,dosages,70fe1ccb-2343-41e6-9e35-6617cbef12d0,description,1x ./ jour pendant minimum 5 jrs,1x / day for a minimum of 5 days,1x / dag gedurende min. 5 dagen,1x / Tag für mindestens 5 Tage
54ded8f2-eec5-4f96-aacf-96fe880a41d2,dosages,70fe1ccb-2343-41e6-9e35-6617cbef12d0,dosage_per_grams_unit,ml,ml,ml,ml
c7ca660c-f3dc-5717-b089-bf72c117e45e,dosages,7181dc09-a906-4fa9-9938-9031976941d2,description,pour on ; renouveler après 7-10 jrs,pour-on; repeat after 7-10 days,pour-on; herhalen na 7-10 dagen,Pour-on; nach 7-10 Tagen wiederholen
332dd1eb-9717-538f-8d18-ef5093c71797,dosages,7181dc09-a906-4fa9-9938-9031976941d2,dosage_per_grams_unit,ml,ml,ml,ml
71291dfe-5e76-59fa-8472-3c90033e8243,dosages,72c88524-3104-41d1-a4a7-b7310854cdb8,description,ceci = dose a garder pour le chat ; 22 interdit lagomorphes !,this = dose to keep for cats; 22 forbidden for lagomorphs!,dit = dosis voor katten; 22 verboden voor lagomorfen!,dies = Dosis für Katzen; 22 verboten für Lagomorphe!
0e151c5b-a8eb-5439-af11-71817e61d7c0,dosages,72c88524-3104-41d1-a4a7-b7310854cdb8,dosage_per_grams_unit,gelule,capsule,capsule,Kapsel
072c5626-e7c9-48ff-8714-9b411aaef10c,dosages,72ddaee5-2a47-4b67-9fe5-6da95de87506,dosage_per_grams_unit,Ml,Ml,Ml,Ml
812f5b6c-7511-4315-9827-713582ef20f5,dosages,733d76cc-5f61-42a9-837f-b53d1c85a603,dosage_per_grams_unit,ml,ml,ml,ml
12231d89-2846-4067-89b9-d3392046f9eb,dosages,736a3e33-cc9b-4cc9-a55d-14701b531795,description,"iv, im",iv, im,iv
527a1856-da0e-4c97-a0d4-683915ae8910,dosages,736a3e33-cc9b-4cc9-a55d-14701b531795,dosage_per_grams_unit,ml,ml,ml,ml
ea2eac8a-c015-51e9-9940-457c08ee47b1,dosages,73846395-f58e-4851-ba73-17f876435397,description,"2 x/jour, pendant 3- jrs",2x/day, for 3 days,2x/dag
0cf61675-22ec-594f-8e84-d7329742a17d,dosages,73846395-f58e-4851-ba73-17f876435397,dosage_per_grams_unit,ml,ml,ml,ml
ab6db9bb-e02f-4dd8-9767-b39e95e593e7,dosages,7397d2e6-d730-42d6-8a84-74ecc27ca1c9,dosage_per_grams_unit,ml (IM),ml (IM),ml (IM),ml (IM)
2809d984-d218-4531-8e37-f7e7dc80c01b,dosages,74f771ad-568b-43e8-af7d-a1342cd2fce6,description,Im 3 days,IM 3 days,IM 3 dagen,IM 3 Tage
e4a097b0-9f6c-4cc7-8e3b-ee1aae417082,dosages,74f771ad-568b-43e8-af7d-a1342cd2fce6,dosage_per_grams_unit,ml,ml,ml,ml
3ad50ab5-2dfc-4d80-833a-8dcdf1c57bdc,dosages,74f90915-85d5-40bb-aeb0-8e75e0f5f57c,dosage_per_grams_unit,Ml,Ml,Ml,Ml
c24e797a-633e-532a-939d-c2d03fe10f57,dosages,75766b02-0f4f-404b-a26a-5aa07d1596a5,description,10-20mg /kg en IM  tous les 2 jours ....je choisis 15mg/kg ! tous les 2 jours (une seule donnée trouvée),10-20mg/kg IM every 2 days ....I choose 15mg/kg! every 2 days (only one data point found),10-20mg/kg IM om de 2 dagen ....ik kies 15mg/kg! om de 2 dagen (slechts één gegeven gevonden),10-20mg/kg IM alle 2 Tage ....ich wähle 15mg/kg! alle 2 Tage (nur ein einziger Wert gefunden)
a5691405-a597-5817-8f56-bc72777021f3,dosages,75766b02-0f4f-404b-a26a-5aa07d1596a5,dosage_per_grams_unit,ml,ml,ml,ml
45322209-dae0-59f4-a660-fc82107233c9,dosages,75de69ce-0302-4518-b198-2628f0d6114b,description,"3 x/ jour, 15 \\' avant repas",3 x / day, 15 mins before meals,3 x / dag
e7cc2cc9-4e7d-5d79-8592-3168a5fc49af,dosages,75de69ce-0302-4518-b198-2628f0d6114b,dosage_per_grams_unit,ml,ml,ml,ml
66837868-8600-4c3a-9cda-a54fb9fc17b6,dosages,76459053-b003-434d-b15f-89b79bffbe09,description,SC,SC,SC,SC
356b7801-0c93-4860-9af3-0078570c7241,dosages,76459053-b003-434d-b15f-89b79bffbe09,dosage_per_grams_unit,ml,ml,ml,ml
d008eae7-84a6-5627-9078-281e2d25782a,dosages,786c0995-bcf5-4b7e-aef9-0efe8cd81986,description,1x/jr pdt 5 jrs minimum ,1x/day for min. 5 days,1x/dag gedurende min. 5 dagen,1x/Tag für mind. 5 Tage
b59e328d-7595-5039-aced-b247a6d21324,dosages,786c0995-bcf5-4b7e-aef9-0efe8cd81986,dosage_per_grams_unit,ml,ml,ml,ml
7310abe5-f469-50a0-a8b9-f8944ce95376,dosages,78e9490c-394e-4f79-b800-f3c93939a3ca,description,ça me semble très peu ...,seems very low to me...,lijkt mij erg weinig...,scheint mir sehr wenig...
c335fc2f-7830-5905-a7ad-4d18a7c9ddca,dosages,78e9490c-394e-4f79-b800-f3c93939a3ca,dosage_per_grams_unit,ml,ml,ml,ml
85fc029a-b998-526f-9328-ed32e7739838,dosages,79e3bbc0-be16-46c1-9472-2d5a01fdb738,description,interdit,forbidden,verboden,verboten
22ec5285-485a-49c7-ad12-92aa10fee993,dosages,7a1c7825-f68a-4b31-83d5-dd68be042615,dosage_per_grams_unit,ml,ml,ml,ml
8bf7cc35-afb2-5422-bf79-60c72434f8f4,dosages,7a6afe1e-fe51-44ca-a471-7c38c0c479a8,description,"1x/j pdt 7 jrs ; 3x 7 jrs de traitement, espacés chaque fois de 7 jrs d\\'interruption ",1x/day for 7 days; 3 cycles of 7 days treatment, each separated by 7 days of interruption,1x/dag gedurende 7 dagen; 3 cycli van 7 dagen behandeling
7cc8674d-bce2-51ef-9c01-9c13f5207876,dosages,7a6afe1e-fe51-44ca-a471-7c38c0c479a8,dosage_per_grams_unit,ml,ml,ml,ml
6fc84778-0028-4755-8141-fe3654b88bb1,dosages,7a7a6b2d-f839-43d1-84c8-fc7996eefeed,description,"vermifuge interne, po dans l'eau de boisson, po dans la bouche",internal dewormer, po in drinking water, po in the mouth
ebe59292-276c-4cfd-ab68-4cd7c949fa49,dosages,7a7a6b2d-f839-43d1-84c8-fc7996eefeed,dosage_per_grams_unit,ml,ml,ml,ml
8ce6414b-dd91-481b-a4bd-9a6bf019df0c,dosages,7b1ce63a-9241-43ec-85fe-a882cc487cc6,description,"diluate, im",dilute, im,verdunnen
770316ee-51a5-4404-90d2-6d3044f9b696,dosages,7b1ce63a-9241-43ec-85fe-a882cc487cc6,dosage_per_grams_unit,ml,ml,ml,ml
ef205c0f-ae1f-4bc3-b1e7-4079aede47e0,dosages,7bbd587f-e304-4a0f-8a01-2a2692f31e82,dosage_per_grams_unit,Ml,Ml,Ml,Ml
35a0f861-8895-526b-bc22-0da26928d052,dosages,7c86a455-2584-4f17-abb2-26b5e74710a8,description,2x /jr pdt 7 jrs minimum,2x/day for min. 7 days,2x/dag gedurende min. 7 dagen,2x/Tag für mind. 7 Tage
7f904c5b-22ec-5f49-92ef-1e042ef6ead1,dosages,7c86a455-2584-4f17-abb2-26b5e74710a8,dosage_per_grams_unit,comp,tab,tab,Tabl
8ddbf0f3-1073-57df-97ab-7bbc70d23169,dosages,7cb29a78-c84c-4b08-907d-1932af6db6a7,description,2 fois par jour 3-4 jrs (à 5 jrs si animal en bonne condition physique),2 times per day 3-4 days (up to 5 days if animal in good physical condition),2 maal per dag 3-4 dagen (tot 5 dagen indien dier in goede fysieke conditie),2-mal täglich 3-4 Tage (bis zu 5 Tage wenn Tier in gutem körperlichem Zustand)
4a9fb743-49c8-561f-b9f5-ce14c0a39403,dosages,7cb29a78-c84c-4b08-907d-1932af6db6a7,dosage_per_grams_unit,ml,ml,ml,ml
d800ace2-163e-4272-99c9-007dfb512d70,dosages,7d2e3e82-3e1d-4a63-90c0-64d18214899b,description,"iv, iartic",iv, intra-articular,iv
aa870b3f-dd16-4bcb-b55f-0255aa043c73,dosages,7d2e3e82-3e1d-4a63-90c0-64d18214899b,dosage_per_grams_unit,ml,ml,ml,ml
4495de26-3b79-5a9b-bcf9-f7a39da04ca9,dosages,7e4a6eed-c1c6-461a-9986-3ea608be99f1,description,"càd 0,1 ml pour 1 CS de 5g déposé dans le cou",i.e. 0.1 ml per 5g body weight applied to the neck,d.w.z. 0,1 ml per 5g lichaamsgewicht aangebracht in de nek
6507d4b1-9581-5fd2-9fee-2e99e07cab39,dosages,7e4a6eed-c1c6-461a-9986-3ea608be99f1,dosage_per_grams_unit,ml,ml,ml,ml
1d023bc3-f795-4d55-b88d-1dafc68b840e,dosages,7e5ef33a-8f0e-43fb-84e5-506f38840018,description,3 to 5 days,3 to 5 days,3 tot 5 dagen,3 bis 5 Tage
c89373d1-5a2e-48f0-9f98-da4a162065cd,dosages,7e5ef33a-8f0e-43fb-84e5-506f38840018,dosage_per_grams_unit,ml,ml,ml,ml
45113304-feaf-4319-a6e9-80c27234bead,dosages,7ebe9151-44fe-4ee0-be39-4706bb9f5ae8,description,PER OS 5 jours 2X / Jours,PER OS 5 days 2X / Day,PER OS 5 dagen 2X / Dag,PER OS 5 Tage 2X / Tag
69806ffe-d961-4c33-adf5-139924490911,dosages,7ebe9151-44fe-4ee0-be39-4706bb9f5ae8,dosage_per_grams_unit,ml,ml,ml,ml
48f05dab-7f09-58cd-88ac-0ba884f3a91c,dosages,7f1aeb7e-d86b-4417-85e9-043908618e58,description,"1x/jr 3à5 jrs, en fct cible",1x/day 3 to 5 days, depending on target,1x/dag 3 tot 5 dagen
80f3f03e-f836-56fd-8631-824eef6df928,dosages,7f1aeb7e-d86b-4417-85e9-043908618e58,dosage_per_grams_unit,ml,ml,ml,ml
718e9c2c-5f8e-41cc-9849-1aa1d33ec0d9,dosages,7f5af665-d02f-4a81-afd1-1eba2d2a1b36,dosage_per_grams_unit,ml,ml,ml,ml
0fd65659-2795-52ea-9c57-effbe207cff5,dosages,7fb52ef8-7565-4902-a80e-6fbde996a204,description,20\\' avant repas ; ceci = dose maximum par prise ; éventuellement 3 prises/24 hrs,20 mins before meals; this = maximum dose per intake; possibly 3 intakes/24 hrs,20 min voor maaltijd; dit = maximale dosis per inname; eventueel 3 innames/24u,20 min vor dem Futter; dies = maximale Dosis pro Gabe; ggf. 3 Gaben/24h
8ad9e489-51d6-5580-bd0a-b45384ae3b80,dosages,7fb52ef8-7565-4902-a80e-6fbde996a204,dosage_per_grams_unit,ml,ml,ml,ml
e542d622-3c4d-55c7-8b57-49cb2d51a956,dosages,81151872-0680-414e-b434-c9ebcd52ab2a,description,"une seule prise, selon certains ; autres auteurs : 3-5jrs",single dose, according to some; other authors: 3-5 days,enkele dosis
ed0a237a-f199-5319-9fb3-c5935bd626ed,dosages,81151872-0680-414e-b434-c9ebcd52ab2a,dosage_per_grams_unit,ml,ml,ml,ml
1f323ebd-944f-4807-aff9-d17e451f3501,dosages,8120600f-24ba-4d3c-a8d6-bd54d493503b,dosage_per_grams_unit,ml,ml,ml,ml
f64dc43f-2226-52fb-86dc-98e3f7bbbaf7,dosages,81e431be-c5c6-4b07-99cc-c3b8c314eedb,description, 2 x par jour pendant min 5 jours..va doser ça !,2x per day for min. 5 days... good luck dosing that!,2x per dag gedurende min. 5 dagen... succes met doseren!,2x täglich für mind. 5 Tage... viel Glück beim Dosieren!
4f046b11-962e-54f1-95b4-b4636ae82189,dosages,81e431be-c5c6-4b07-99cc-c3b8c314eedb,dosage_per_grams_unit,comp,tab,tab,Tabl
80e96972-d49e-5197-9e95-063c7f732ed5,dosages,829f16b9-5a7e-44b7-aa6d-d8b80eb0c7c4,description,"3 x/ jour, 15 \\' avant repas ; dose va de 0,04ml à 0,2ml",3 x / day, 15 mins before meals; dose ranges from 0.04ml to 0.2ml,3 x / dag
97c5e38e-b4d3-5ab3-b2d9-5a1d0e651075,dosages,829f16b9-5a7e-44b7-aa6d-d8b80eb0c7c4,dosage_per_grams_unit,ml,ml,ml,ml
0e7dd338-5729-598e-a479-3c9f16561735,dosages,830270ff-b610-41e8-8f9a-572ed8afc332,description,Repeat after 7 days,Repeat after 7 days,Herhalen na 7 dagen,Nach 7 Tagen wiederholen
1c0f390e-4e86-5bde-a2f0-cddbe3412d34,dosages,830270ff-b610-41e8-8f9a-572ed8afc332,dosage_per_grams_unit,mg,mg,mg,mg
ed21160f-207e-5bc5-a8d1-3b28431a737f,dosages,8338ff82-702a-475b-86f0-f425a49c93fe,description,1X/j SC / 2x/jour si per os ,1X/day SC / 2x/day if per os,1X/dag SC / 2x/dag indien per os,1X/Tag SC / 2x/Tag wenn per os
a299b4b7-eeba-53b3-bf00-90e84d218d9b,dosages,8338ff82-702a-475b-86f0-f425a49c93fe,dosage_per_grams_unit,ml,ml,ml,ml
ded808a3-3410-5d4a-9560-cbd081819684,dosages,83535b27-4b36-4d24-b044-487489543ce9,description,2 fois par jour pdt 3 sem  // =20mg /kg et par jr ; ne donne pas dose maxi car produit avec marge de securité etroite ; traitent pdt 3 semaines puis ré-examinent,2 times per day for 3 weeks // =20mg/kg per day; does not give max dose because product with narrow safety margin; treat for 3 weeks then re-evaluate,2 maal per dag gedurende 3 weken // =20mg/kg per dag; geeft geen max dosis omdat product met smalle veiligheidsmarge; behandelen gedurende 3 weken en dan herevalueren,2-mal täglich für 3 Wochen // =20mg/kg pro Tag; gibt keine max. Dosis an
1b6df0c6-1710-5694-ad55-6bd34e89dabb,dosages,83535b27-4b36-4d24-b044-487489543ce9,dosage_per_grams_unit,ml,ml,ml,ml
be185b8e-2165-448b-8422-e3e416602904,dosages,8374e114-e6ab-4ef7-b50a-387dc71f48f6,description,"iv, im",iv, im,iv
aed62903-e963-49dc-b73a-22365a4655a8,dosages,8374e114-e6ab-4ef7-b50a-387dc71f48f6,dosage_per_grams_unit,ml,ml,ml,ml
8cda893f-edb7-50ee-8c52-5af5650b0840,dosages,83bd105d-d754-4845-aacc-df2d8d600518,description,antipuces et vermifuge vers ronds ; pas d\\'activité sur tiques ! ,flea treatment and roundworm dewormer; no activity against ticks!,vlooienbehandeling en ontwormer voor rondwormen; geen activiteit tegen teken!,Flohbehandlung und Entwurmung gegen Rundwürmer; keine Aktivität gegen Zecken!
580819a0-fc4a-5bdb-ad83-ecb870482c8d,dosages,83bd105d-d754-4845-aacc-df2d8d600518,dosage_per_grams_unit,ml,ml,ml,ml
ff5c7f6b-bdc7-500f-aeba-ff1b715f9e6b,dosages,847aed02-3c87-4d3c-b27a-9585b4f7fb5b,description,2 x / jour pdt 5)-7 jours,2x / day for 5-7 days,2x / dag gedurende 5-7 dagen,2x / Tag für 5-7 Tage
1c8e12b4-4b5e-537c-a1c3-4a9c349a236a,dosages,847aed02-3c87-4d3c-b27a-9585b4f7fb5b,dosage_per_grams_unit,ml,ml,ml,ml
532f7d5a-acd8-5b2e-8393-7d6ae40462d5,dosages,8529bb58-402f-48e6-b9b4-a45ad421313b,description,1 sachet par demi litre d\\'eau de boisson pdt 10-14 jours galliformes : contre histomonose : 10 jrs,1 sachet per half liter drinking water for 10-14 days galliformes: against histomonosis: 10 days,1 zakje per halve liter drinkwater gedurende 10-14 dagen galliformes: tegen histomonose: 10 dagen,1 Beutel pro halben Liter Trinkwasser für 10-14 Tage Galliformes: gegen Histomonose: 10 Tage
f2d98696-bbc1-4c55-9b57-f2a160cbb8df,dosages,85f94288-35eb-4e91-82c2-1b82d61ae12b,dosage_per_grams_unit,ml (IV),ml (IV),ml (IV),ml (IV)
dd7c172b-6339-44ba-8619-68fd755a65e3,dosages,860fcf13-1ca6-4fe7-abef-c1302eafd09d,description,2 à 3 jours,2 to 3 days,2 tot 3 dagen,2 bis 3 Tage
20bcb409-2bf3-4de2-a482-71f27e47a074,dosages,860fcf13-1ca6-4fe7-abef-c1302eafd09d,dosage_per_grams_unit,ml,ml,ml,ml
fa029643-d4e3-5c99-a891-b15629434b26,dosages,86c3bfd3-9de5-43bb-acd1-becdf3ccddb2,description,Repeat after 7 days,Repeat after 7 days,Herhalen na 7 dagen,Nach 7 Tagen wiederholen
b4b7c199-7ddd-52c9-a44d-59b356e997ab,dosages,86c3bfd3-9de5-43bb-acd1-becdf3ccddb2,dosage_per_grams_unit,mg,mg,mg,mg
b5efcdf1-ec78-5bfd-bc9c-0fe821e2c168,dosages,87863566-7b0e-4f04-96d2-5a0f227c10a4,description,"diluate iv, im, sc",dilute iv, im, sc
341de39b-a4c5-5f91-9d05-22c592a4d02d,dosages,87863566-7b0e-4f04-96d2-5a0f227c10a4,dosage_per_grams_unit,mg,mg,mg,mg
2996a0d4-ee2b-44e2-b37b-f71abd9bb097,dosages,8830e52c-3d86-4ee6-b85c-9b6f8ebdd871,dosage_per_grams_unit,ml IM,ml IM,ml IM,ml IM
23fd30f4-11f3-5720-8ad5-5775cbb89240,dosages,889aa19d-6b3b-468c-952f-5ea80652779c,description,interdit,forbidden,verboden,verboten
64db15a8-a837-59d0-93b0-79188d25bc19,dosages,88b68eb5-f3cd-4ad6-b267-e20ac5f4615d,description,"essayer de prendre relais après j 1, si l\\'injection était nécessaire, avec meloxicam voie orale si mange",try to switch after day 1, if injection was necessary, to oral meloxicam if eating
de349bf0-7c20-5986-8b3f-8292a6e4e020,dosages,88b68eb5-f3cd-4ad6-b267-e20ac5f4615d,dosage_per_grams_unit,ml,ml,ml,ml
39ca3747-fc90-5ee0-a256-60369558ff72,dosages,88cc2a24-18c0-4680-90d7-279aa4c8171b,description,dose vérifiée ! 1x./jr 7 jrs necessaires contre capillaires respiratoires autres cas : 5 jrs OK,verified dose! 1x/day 7 days necessary against respiratory capillaria; other cases: 5 days OK,geverifieerde dosis! 1x/dag 7 dagen noodzakelijk tegen longcapillaria; andere gevallen: 5 dagen OK,verifizierte Dosis! 1x/Tag 7 Tage notwendig gegen Lungenkapillarien; andere Fälle: 5 Tage OK
0748a9e1-9577-551c-96da-5fb1f4474981,dosages,88cc2a24-18c0-4680-90d7-279aa4c8171b,dosage_per_grams_unit,ml,ml,ml,ml
a5ebfbf0-afac-5498-a963-ed6575006764,dosages,89373771-c6eb-42e0-8f4d-6d12122b1138,description,"2 fois  par jour 3-4 jrs (à 5 jrs si animal en bonne condition physique)(ai fait plusieurs fois 0,16ml 1x sans problème",2 times per day 3-4 days (up to 5 days if animal in good physical condition) (have done 0.16ml 1x several times without issue),2 maal per dag 3-4 dagen (tot 5 dagen indien dier in goede fysieke conditie) (heb 0,16ml 1x meerdere keren zonder problemen gedaan)
41e286b9-0009-56cf-9489-3d90e2f0ad46,dosages,89373771-c6eb-42e0-8f4d-6d12122b1138,dosage_per_grams_unit,ml,ml,ml,ml
a6eb9723-a0e9-4320-aa14-e871f95d6c0b,dosages,89d39fb3-d6ab-485a-9a11-b486479f31b2,description,1x ./ jour pendant minimum 5 jrs,1x / day for a minimum of 5 days,1x / dag gedurende min. 5 dagen,1x / Tag für mindestens 5 Tage
9e11743d-ce27-42f7-b255-79a0dd3cd8c0,dosages,89d39fb3-d6ab-485a-9a11-b486479f31b2,dosage_per_grams_unit,ml,ml,ml,ml
596c7762-7a22-5998-9869-01fd7dd13afd,dosages,89f82a9b-a7b2-4e80-8f1f-28d50dffa284,description,1 seule prise,Single dose,Enkele dosis,Einmalige Gabe
7827dd88-5689-5844-ae9c-0d968fe05d05,dosages,89f82a9b-a7b2-4e80-8f1f-28d50dffa284,dosage_per_grams_unit,comp,tab,tab,Tabl
c77931ef-5a38-4d15-b0f6-07823043d7ee,dosages,8aba239b-fecb-4484-8eb7-ff3ff93bbcfa,dosage_per_grams_unit,ml,ml,ml,ml
bada58ad-c0e5-55b6-8f53-8be34bf2cfec,dosages,8ac230f1-a925-4d7b-8798-3653cfe5641b,description,"trichomonias  colombidés : 0,4ml 1x. ",trichomoniasis pigeons: 0.4ml single dose.,trichomoniasis duiven: 0,4ml eenmalig.
3efecf7c-97ab-5f9d-a58f-c7532c750554,dosages,8ac230f1-a925-4d7b-8798-3653cfe5641b,dosage_per_grams_unit,ml,ml,ml,ml
e39cb0e6-b9fb-4b27-b537-78fcd32f71f7,dosages,8b269047-c5a0-4df1-9949-6e509d57a482,description,repeter après 7 jours,repeat after 7 days,herhalen na 7 dagen,nach 7 Tagen wiederholen
81af33f7-1976-4731-9fe0-613d88277985,dosages,8b269047-c5a0-4df1-9949-6e509d57a482,dosage_per_grams_unit,ml,ml,ml,ml
82e2df8e-ac67-5669-b8f7-d742440d803a,dosages,8b807ebe-75fa-40c0-86b9-828af9d8d522,description,antidote anticoagulants ; prendre relais avec K1 labo TVM,antidote for anticoagulants; switch to K1 from TVM lab,antidote voor anticoagulantia; overstappen op K1 van TVM lab,Gegenmittel für Antikoagulanzien; auf K1 von TVM Labor umstellen
e6f1cac9-4bc2-5f62-bfe9-033204813ddd,dosages,8b807ebe-75fa-40c0-86b9-828af9d8d522,dosage_per_grams_unit,ml,ml,ml,ml
98addd38-323c-50ae-88dc-eb5c79cc1623,dosages,8bac01d3-1c94-4104-bb7b-b9d1d2a5f4a8,description,"; 1x/ jour = dose du   jour 1 ! ATTENTION, diviser par 2 les 3 jrs suivants (càd 0,2ml /kg) ",; 1x/day = Day 1 dose! CAUTION, divide by 2 for the next 3 days (i.e. 0.2ml/kg),; 1x/dag = Dag 1 dosis! LET OP
a9ba56cd-21d8-53a0-850f-3021344808c0,dosages,8bac01d3-1c94-4104-bb7b-b9d1d2a5f4a8,dosage_per_grams_unit,ml,ml,ml,ml
e95b3a47-d21f-40a7-a1e8-d96e62b8f9a4,dosages,8c06f39e-f98e-44b7-829a-c5e329d26e46,dosage_per_grams_unit,ml,ml,ml,ml
a06451d5-265d-4cea-9b96-94374c410b1f,dosages,8cce4f49-c107-47ed-b627-33865e77a7fc,description,"vermifuge interne, po dans l'eau de boisson, po dans la bouche",internal dewormer, po in drinking water, po in the mouth
bd7e3540-dae1-4d7a-8adf-4d643fba0599,dosages,8cce4f49-c107-47ed-b627-33865e77a7fc,dosage_per_grams_unit,ml,ml,ml,ml
b6cd4159-7257-5539-a098-d1872ea6ff5c,dosages,8d41bb5c-cc77-491f-b8e3-a8485c88e56d,description,1x/jr pdt 3-5 jours ; posologie et durée peuvent varier en fct de cible,1x/day for 3-5 days; dosage and duration may vary depending on target,1x/dag gedurende 3-5 dagen; dosering en duur kunnen variëren afhankelijk van doel,1x/Tag für 3-5 Tage; Dosierung und Dauer können je nach Ziel variieren
6a1c3a2a-7949-57f1-85f3-57c22be1f453,dosages,8d41bb5c-cc77-491f-b8e3-a8485c88e56d,dosage_per_grams_unit,ml,ml,ml,ml
f6b1af31-f541-593d-b50e-0f9716091364,dosages,8d433a21-2a42-4d7c-bb28-cd760b4d1cbe,description,"= dose jour 1 ! ATTENTION ! diviser par 2 (cad 0,05ml / kg)  les 4 jrs suivants ! essayer de prendre relais après j 1, avec meloxicam voie orale si mange",= Day 1 dose! CAUTION! Divide by 2 (i.e. 0.05ml/kg) for the next 4 days! Try to switch after day 1 to oral meloxicam if eating,= Dag 1 dosis! LET OP! Halveer (d.w.z. 0,05ml/kg) de volgende 4 dagen! Probeer na dag 1 over te stappen op oraal meloxicam indien etend
8b6bce2e-53b9-5d23-98e2-2e8e2c25cc3b,dosages,8d433a21-2a42-4d7c-bb28-cd760b4d1cbe,dosage_per_grams_unit,ml,ml,ml,ml
a2c2e69d-a8e4-5da3-9d60-84b0da302ede,dosages,8d504c1f-b2fd-4eef-b4c4-ee64a2fc02f3,description,"1x/jr  5 jrs, ",1x/day 5 days,1x/dag 5 dagen,1x/Tag 5 Tage
0198db3e-9e02-58c3-9c6c-d51766469e1a,dosages,8d504c1f-b2fd-4eef-b4c4-ee64a2fc02f3,dosage_per_grams_unit,ml,ml,ml,ml
5766e18e-2f50-5f6a-ac5b-1e9ae30682a6,dosages,8d5fb638-ae14-44f3-b29a-6493d3205cf2,description, anticoccidien ; diluer a tout prix, anticoccidial; must be diluted at all costs, anticoccidiosum; ten koste van alles verdunnen, Antikokzidium; unbedingt verdünnen
4cd8d141-9b23-5067-8f7b-2169a5acba2b,dosages,8d5fb638-ae14-44f3-b29a-6493d3205cf2,dosage_per_grams_unit,ml,ml,ml,ml
930f3d7c-9dd9-5491-a7b8-67dceeda7855,dosages,8dcb192c-7f52-48fc-be99-90d70fe39470,description,"AGI pour la peau, <ou= 900g : 1ml ; >900g : 2ml ;  au moins 3 semaines pr voir un effet ; on termine un sachet entamé en donnant une dose à un autre patient...ou 2 (les noter, alors)",AGI for the skin, <=900g: 1ml; >900g: 2ml; at least 3 weeks to see an effect; we finish an opened sachet by giving a dose to another patient...or 2 (note them, then)
a5ac1009-1a42-5cbd-8e25-f91053404d2b,dosages,8dcb192c-7f52-48fc-be99-90d70fe39470,dosage_per_grams_unit,ml,ml,ml,ml
c6c4c703-a67d-49f4-b42b-671b0fd82764,dosages,8e418ffa-6433-4502-99aa-564d83ae9a9d,dosage_per_grams_unit,Ml,Ml,Ml,Ml
97e69562-9731-5d76-91fc-1c9f84d7ab2a,dosages,8e681020-284f-414c-ad44-929c1555be18,description,"3 x/ jour, 15 \\' avant repas ",3 x / day, 15 mins before meals,3 x / dag
f0fb1165-8a1f-5d8f-8687-224b9b5b225e,dosages,8e681020-284f-414c-ad44-929c1555be18,dosage_per_grams_unit,ml,ml,ml,ml
fb08580e-2b03-5e58-8690-b1f4e3fb60af,dosages,8edc421e-e0b6-4f70-bf30-5867e30a54f2,description,voie orale (..!) 15\\' avant repas 2-3 prises/24 hrs,oral route (..!) 15 mins before meals 2-3 doses/24 hrs,orale weg (..!) 15 min voor maaltijd 2-3 doses/24u,orale Verabreichung (..!) 15 min vor dem Futter 2-3 Gaben/24h
822927e6-c048-5f4b-9df2-a3996e0d0e53,dosages,8edc421e-e0b6-4f70-bf30-5867e30a54f2,dosage_per_grams_unit,ml,ml,ml,ml
aff3b8f4-b8b7-5cfc-bba7-3424ef77199e,dosages,8f3d22f8-5fd6-4d0b-b140-2a4824128061,description,"dose = 0,15 à 0,2 ... 2x/ jourmais pdt 14 jrs !",dose = 0.15 to 0.2 ... 2x/day but for 14 days!,dosis = 0,15 tot 0
030bddfb-b63b-5202-ae85-251f50a6b414,dosages,8f3d22f8-5fd6-4d0b-b140-2a4824128061,dosage_per_grams_unit,ml,ml,ml,ml
d6ee792c-179e-5c80-beba-43792e9ed846,dosages,8f5a34ab-58c1-4544-a27e-b5c2494ff888,description,1x/j 7jrs,1x/day 7 days,1x/dag 7 dagen,1x/Tag 7 Tage
6205c82b-91e4-5a8e-b2e2-0fd2341676bf,dosages,8f5a34ab-58c1-4544-a27e-b5c2494ff888,dosage_per_grams_unit,ml,ml,ml,ml
14978b31-ae20-56e9-8142-5640a803d7cc,dosages,903651f4-46fc-4298-a48e-4b8120c98b60,description,"per os : (de1 à 2ml /kg : 50à100mg/kg) 2x par jour pdt 5-10jrs ! \\""tick pyemia\\"" ...","per os: (1 to 2ml/kg: 50 to 100mg/kg) 2x per day for 5-10 days! ""tick pyemia"" ...","per os: (1 tot 2ml/kg: 50 tot 100mg/kg) 2x per dag gedurende 5-10 dagen! ""tekenpyemie"" ...","per os: (1 bis 2ml/kg: 50 bis 100mg/kg) 2x täglich für 5-10 Tage! ""Zeckenpyämie"" ..."
d47c031b-7322-5ef1-bbb3-b42f4561588d,dosages,903651f4-46fc-4298-a48e-4b8120c98b60,dosage_per_grams_unit,ml,ml,ml,ml
36ff4661-902f-470c-8b76-a3d8bdff0154,dosages,90cce91f-57cd-4fad-803b-4ce81d31df94,dosage_per_grams_unit,ml,ml,ml,ml
b537811d-ae5e-5f65-b3b5-c21663551af6,dosages,9162906d-ecf0-4d97-93f4-81744a0e23e8,description,1x/jr pdt 5 jrs minimum ,1x/day for min. 5 days,1x/dag gedurende min. 5 dagen,1x/Tag für mind. 5 Tage
4e763b60-b233-5b4d-9dcd-75019933e694,dosages,9162906d-ecf0-4d97-93f4-81744a0e23e8,dosage_per_grams_unit,ml,ml,ml,ml
db454419-3547-406e-b194-03e85b033b66,dosages,91aa074b-3f0e-474d-9f7c-45d94d144ae0,description,Interdit,Forbidden,Verboden,Verboten
abae63e7-d74c-43b2-abda-561ac2bf712b,dosages,91af363a-e55c-4ffa-8226-046c4670a7da,description,repeter après 7 jours,repeat after 7 days,herhalen na 7 dagen,nach 7 Tagen wiederholen
e17d567f-00e2-47b7-802c-4afc20c6a814,dosages,91af363a-e55c-4ffa-8226-046c4670a7da,dosage_per_grams_unit,ml,ml,ml,ml
a06d4986-873e-4acb-87a1-199daf6f9102,dosages,937c9b9f-1df8-406a-8811-c908709a452c,description,2x/j,2x/day,2x/dag,2x/Tag
a43e352b-c70b-4d50-aec6-90dfa5350eca,dosages,937c9b9f-1df8-406a-8811-c908709a452c,dosage_per_grams_unit,ml,ml,ml,ml
41146557-03fa-5a36-9ec2-488f494eaac3,dosages,93b530c4-98df-4564-8a36-c094546d9404,description,AINS. 1x/ 24 hr ; relais per os avec meloxicam les 2 jrs suivants quand absolument nécessaire,NSAID. 1x/24h; switch to oral meloxicam for the next 2 days if absolutely necessary,NSAID. 1x/24u; overstap naar oraal meloxicam de volgende 2 dagen indien absoluut noodzakelijk,NSAID. 1x/24h; Umstellung auf orales Meloxicam für die nächsten 2 Tage wenn unbedingt nötig
5bbf3702-6214-5ea2-b0f1-731b20160b8f,dosages,93b530c4-98df-4564-8a36-c094546d9404,dosage_per_grams_unit,ml,ml,ml,ml
56c3133e-e5a6-5838-b568-00996454efe1,dosages,9475b12c-3870-4074-9253-7d58f27b2992,description,"AINS. =  0,5mg/kg, =dose énorme mais c comme ça ; pdt 3-4 jrs maxi ; essayer de prendre relais après jour 1 avec meloxicam voie orale  si mange!",NSAID. = 0.5mg/kg, = huge dose but that's how it is; for max 3-4 days; try to switch after day 1 to oral meloxicam if eating!,NSAID. = 0
59b7c635-c919-5469-a00b-398c73f160a7,dosages,9475b12c-3870-4074-9253-7d58f27b2992,dosage_per_grams_unit,ml,ml,ml,ml
d31e1d6b-3722-4680-9385-e9c397494c05,dosages,94b9684b-5fd3-4d4c-aafd-5ef2fc5ea467,description,Oral,Oral,Oraal,Oral
f6faa3be-7ca5-40da-94b8-5bbfdea6e373,dosages,94b9684b-5fd3-4d4c-aafd-5ef2fc5ea467,dosage_per_grams_unit,ml,ml,ml,ml
d6bf74c2-5d45-569f-b8c0-6c3365d75eb9,dosages,94eeeaa6-bc13-4cc4-882f-a1eeb41b8fc1,description, 2 x par jour pendant min 5 jours,2x per day for min. 5 days,2x per dag gedurende min. 5 dagen,2x täglich für mind. 5 Tage
94c4ced8-3730-54dd-bf4c-8a15eabbf0f6,dosages,94eeeaa6-bc13-4cc4-882f-a1eeb41b8fc1,dosage_per_grams_unit,comprimé,tablet,tablet,Tablette
ba98e402-1402-412f-9fd1-ab40b0e238c7,dosages,9504a7a4-5109-4bf8-9a0f-7f64db35bb63,description,"vermifuge interne, po dans l'eau de boisson, po dans la bouche",internal dewormer, po in drinking water, po in the mouth
cf4f804a-1cd0-40b9-95eb-62caa2209847,dosages,9504a7a4-5109-4bf8-9a0f-7f64db35bb63,dosage_per_grams_unit,ml,ml,ml,ml
7a07ee59-070c-4ca2-93c1-9ca4223d28c0,dosages,9636e5a1-e97a-4a4b-895d-ee795566a14a,dosage_per_grams_unit,ml,ml,ml,ml
6a086763-3396-5874-a587-e4435e7e6f1e,dosages,965ff04c-69c9-40e5-b437-5b272c284d2b,description,"  22 ! : quantité normale ! la dose est 5 fois + élevée que pour oiseaux plus grands ! ici : 1 goutte par 25 grammes ; pour on dans nuque ; renouveler après 7-10 jrs; attention : 1 américain dit toxicité chez Bouvreuil et Chardonneret si > que 0,4mg/kg...nous n\\'avons jamais constaté",  22!: normal quantity! the dose is 5 times higher than for larger birds! here: 1 drop per 25 grams; pour-on on nape; repeat after 7-10 days; caution: 1 American says toxicity in Bullfinch and Goldfinch if > 0.4mg/kg...we have never observed it,  22!: normale hoeveelheid! de dosis is 5x hoger dan voor grotere vogels! hier: 1 druppel per 25 gram; pour-on op nek; herhalen na 7-10 dagen; let op: 1 Amerikaan zegt toxiciteit bij Goudvink en Putter als > 0,4mg/kg...wij hebben het nooit gezien
1d658a3e-ac79-51cc-85a8-3e4f8196d5ff,dosages,965ff04c-69c9-40e5-b437-5b272c284d2b,dosage_per_grams_unit,ml,ml,ml,ml
10d44246-1d12-5544-a1e5-e40401c28e16,dosages,966b559d-b42a-495f-baaa-5dd297bcb37c,description,"diluate iv, im, sc",dilute iv, im, sc
13d62838-8d1e-5aa3-a6bd-35427eef4a1d,dosages,966b559d-b42a-495f-baaa-5dd297bcb37c,dosage_per_grams_unit,mg,mg,mg,mg
ccab4cbb-5533-435c-93fd-a9a69f322c0e,dosages,97a7f61a-2f7d-4a26-8b52-5507ce99c011,description,SC,SC,SC,SC
1700d17d-d60b-4334-aaa2-359820fcf856,dosages,97a7f61a-2f7d-4a26-8b52-5507ce99c011,dosage_per_grams_unit,ml,ml,ml,ml
0acbc9fc-a8de-56e7-9187-80becea5843b,dosages,98174d8e-bd9b-409d-b22a-082bff6e7d68,description, 2 x par jour pendant min 5 jours,2x per day for min. 5 days,2x per dag gedurende min. 5 dagen,2x täglich für mind. 5 Tage
4ea9ed3d-9c8f-5979-b28b-f121b93a7feb,dosages,98174d8e-bd9b-409d-b22a-082bff6e7d68,dosage_per_grams_unit,comp,tab,tab,Tabl
11bb2dfa-eeed-5082-b0b8-f31ac71082ae,dosages,98739d9f-fc7a-4f03-80d7-4af67e9d6dc4,description,2 fois par jour pendant 7 jrs minimum ; peut doubler cette dose,2 times per day for min. 7 days; can double this dose,2 maal per dag gedurende min. 7 dagen; kan deze dosis verdubbelen,2-mal täglich für mind. 7 Tage; kann diese Dosis verdoppeln
f0408bf6-2e72-5a85-b99b-76a11ea57a08,dosages,98739d9f-fc7a-4f03-80d7-4af67e9d6dc4,dosage_per_grams_unit,ml,ml,ml,ml
e7f12bde-e0fa-54b2-943a-09b2b2771d07,dosages,988b83f6-44ae-45f9-8438-ff5671a3e6e7,description,per os 2x/jr ; pdt 7 jrs ;,per os 2x/day; for 7 days;,per os 2x/dag; gedurende 7 dagen;,per os 2x/Tag; für 7 Tage;
591b703e-53aa-5887-9343-2971fcb87373,dosages,988b83f6-44ae-45f9-8438-ff5671a3e6e7,dosage_per_grams_unit,ml,ml,ml,ml
62fea89d-e0d0-41e4-a75d-5c2235454673,dosages,98afacf2-747f-47fa-9039-cf3af4d9eb6b,dosage_per_grams_unit,ml (SC),ml (SC),ml (SC),ml (SC)
adedebfb-5ab0-570a-b49c-a375923cd0a5,dosages,98b23ac3-54b7-4e99-954e-a831aeb3c08e,description,donnent formes orales de ces composés  2x/j,give oral forms of these compounds 2x/day,geven orale vormen van deze verbindingen 2x/dag,orale Formen dieser Verbindungen 2x/Tag verabreichen
b5aee3c9-6049-525d-8ed5-7a3ef4f2d01e,dosages,98bfcfed-b088-4c3e-8269-b984b9bc262a,description, voie orale (..!) 15\\' avant repas 2-3 prises/24 hrs, oral route (..!) 15 mins before meals 2-3 doses/24 hrs, orale weg (..!) 15 min voor maaltijd 2-3 doses/24u, orale Verabreichung (..!) 15 min vor dem Futter 2-3 Gaben/24h
8c730599-4401-5005-b478-d70d106fd379,dosages,98bfcfed-b088-4c3e-8269-b984b9bc262a,dosage_per_grams_unit,ml,ml,ml,ml
48041327-0ffd-5cbf-b7b5-009812c4fc4a,dosages,9ac267a2-b70e-4106-ba36-34626f9c4407,description,"2 fois par jour pendant 7 jrs minimum ; pour les \\""légers moyens oiseaux\\""!","2 times per day for min. 7 days; for ""light medium birds""!","2 maal per dag gedurende min. 7 dagen; voor ""lichte middelgrote vogels""!","2-mal täglich für mind. 7 Tage; für ""leichte mittlere Vögel""!"
52a8d07b-36a6-57f7-8388-3b5fee0ee848,dosages,9ac267a2-b70e-4106-ba36-34626f9c4407,dosage_per_grams_unit,ml,ml,ml,ml
e2e608c3-df28-4939-86c6-58bedf8ab913,dosages,9ac6d544-259e-4d04-a516-e41a862b5595,dosage_per_grams_unit,Ml,Ml,Ml,Ml
2ac8e4d0-c3d2-57fa-b7ed-be34cde71da5,dosages,9bdad5b2-8dbc-40e8-9094-9ec6e277a2f0,description,donnent formes orales de ces composés  2x/jr,give oral forms of these compounds 2x/day,geven orale vormen van deze verbindingen 2x/dag,orale Formen dieser Verbindungen 2x/Tag verabreichen
a2f81ea6-5a71-5267-bb83-e150f517a78d,dosages,9c30a7db-f5d4-4c21-84f1-a20ad698c143,description,"1x/jr 3à5 jrs, en fct cible",1x/day 3 to 5 days, depending on target,1x/dag 3 tot 5 dagen
00bf4127-de6c-577e-bc1f-49695f0d78a6,dosages,9c30a7db-f5d4-4c21-84f1-a20ad698c143,dosage_per_grams_unit,ml,ml,ml,ml
acf90005-e144-4510-807b-04bba11c860e,dosages,9e2e5263-e781-405a-85dc-1a42bad601a2,dosage_per_grams_unit,ml IM,ml IM,ml IM,ml IM
275c9f2c-52e2-4e27-9528-7c17a136a4d7,dosages,9e3a4a69-f3f6-4717-bb94-dd8b04bbfa75,dosage_per_grams_unit,ml,ml,ml,ml
b7e9b89f-1e15-4213-aca3-96489c2c7625,dosages,9e732318-126d-4670-9b64-9fe7c2fd37f6,dosage_per_grams_unit,ml,ml,ml,ml
38b9d41a-d0a4-504c-a1d7-5211d19da6d6,dosages,9e8e5608-6e32-494f-906e-aa9f996d3e1e,description,"2 x/jour ; durée : 10 jours //ceci = dose ostéomyélite qui est double de la dose normale du chien et du chat (5,5mg/kg/j)  chat : dose minimum. Attention ! Interdit lagomorphes et rongeurs !",2x/day; duration: 10 days //this = osteomyelitis dose which is double the normal dose for dogs and cats (5.5mg/kg/day) cat: minimum dose. Caution! Forbidden for lagomorphs and rodents!,2x/dag; duur: 10 dagen //dit = osteomyelitis dosis die het dubbele is van de normale dosis voor hond en kat (5,5mg/kg/dag) kat: minimum dosis. Let op! Verboden voor lagomorfen en knaagdieren!
d8650fad-c89f-585c-9920-6b8b4c9b0935,dosages,9e8e5608-6e32-494f-906e-aa9f996d3e1e,dosage_per_grams_unit,gelule,capsule,capsule,Kapsel
637f895f-fd28-556a-a83a-023bb4c19489,dosages,a04e5dd9-aea5-4f12-b475-36bd07f1b073,description,anticoccidien ; diluer a tout prix ,anticoccidial; must be diluted at all costs,anticoccidiosum; ten koste van alles verdunnen,Antikokzidium; unbedingt verdünnen
aff3c822-9fdd-5b64-8a42-58ec33e31c57,dosages,a04e5dd9-aea5-4f12-b475-36bd07f1b073,dosage_per_grams_unit,ml,ml,ml,ml
339d3aa3-7dff-53c2-9894-11f6f79ea307,dosages,a0b89576-c0f4-480e-8270-6d077946b9d8,description,"3 x/ jour, 15 \\' avant repas",3 x / day, 15 mins before meals,3 x / dag
dd1079d1-93c4-56b5-8ace-1ed0e97f3c2e,dosages,a0b89576-c0f4-480e-8270-6d077946b9d8,dosage_per_grams_unit,ml,ml,ml,ml
57ab611e-f636-4808-8aa4-a3f3d5ff4310,dosages,a10288c1-365f-462a-b459-7e4bc9e64801,description,Im 3 days,IM 3 days,IM 3 dagen,IM 3 Tage
e09761ae-24c2-47f3-b59c-5de40f8e87f9,dosages,a10288c1-365f-462a-b459-7e4bc9e64801,dosage_per_grams_unit,ml,ml,ml,ml
662a712d-63c5-5564-b315-1e85505db6aa,dosages,a156f428-2e43-4f9d-85eb-f6f93a39d7c1,description," (jusqu\\'à 0,4ml) s/peau encolure, à endroit impossible à lécher ; répéter au - 1x  après7-10 jrs ; ",(up to 0.4ml) s/c on nape, in an area impossible to lick; repeat at least 1x after 7-10 days;,(tot 0
bbd3be0e-586e-5870-af92-5ff83be06e7e,dosages,a156f428-2e43-4f9d-85eb-f6f93a39d7c1,dosage_per_grams_unit,ml,ml,ml,ml
2e018708-e449-4d12-b152-20368537bb34,dosages,a18a4e0a-4fe9-4b0e-93a0-638c1e742b22,dosage_per_grams_unit,ml IM,ml IM,ml IM,ml IM
6c3c30b8-50b9-5dfd-b032-fab1e58e5dee,dosages,a1b6c633-ba74-49df-814c-eed2c85c93fd,description,"indication : plaies, postop\\', problèmes urinaires, génitaux, respiratoires (vu réticence usage fluoroquinolones)etc...",indication: wounds, post-op, urinary
d556f926-e269-53cd-bca3-9c7faba635ca,dosages,a1b6c633-ba74-49df-814c-eed2c85c93fd,dosage_per_grams_unit,ml,ml,ml,ml
1827cc0c-686a-5c2c-a1eb-178413c189d7,dosages,a234fc5a-6601-4cc7-8036-2860ffd966ae,description,pendant 2 jrs ; anticoccidien a diluer a tout prix,for 2 days; anticoccidial must be diluted at all costs,gedurende 2 dagen; anticoccidiosum moet ten koste van alles verdund worden,für 2 Tage; Antikokzidium muss unbedingt verdünnt werden
6ec460ce-5a17-5ccf-9764-ef10cf0df506,dosages,a234fc5a-6601-4cc7-8036-2860ffd966ae,dosage_per_grams_unit,ml,ml,ml,ml
d1d7c715-e9f6-5bc5-b8fe-b1875ef96564,dosages,a3788dba-2bd7-45d7-a322-7778efb5ff47,description,"indication : plaies, postop\\', problèmes urinaires, génitaux, respiratoires (vu réticence usage fluoroquinolones)etc...",indication: wounds, post-op, urinary
e8b2c63c-37e4-5b47-b9c6-aa4e14b3d735,dosages,a3788dba-2bd7-45d7-a322-7778efb5ff47,dosage_per_grams_unit,ml,ml,ml,ml
72a51b21-5c00-4e93-a8c7-31174b445f13,dosages,a3bdfd91-d841-45f2-9296-f2754e1a3520,dosage_per_grams_unit,ml,ml,ml,ml
eeddb364-9d1d-45c5-9bb9-ce861b22945c,dosages,a3c0e1b2-ccc7-4f30-b15a-56be8450ebfb,dosage_per_grams_unit,mg,mg,mg,mg
25f47120-2e20-4bfc-8f1c-fbb169d39544,dosages,a3eabbcd-2779-4a38-8224-b76755362042,dosage_per_grams_unit,ml,ml,ml,ml
6ea9b504-571a-5a0a-a5dd-9f3994bb94a9,dosages,a3f45af6-c08d-4262-9130-59abbec685bc,description,"choisir dilution en fct  du poids ; appliquer en \\""pour on\\"" dans zone impossible à \\""lécher\\""","choose dilution according to weight; apply as a ""pour-on"" in an area impossible to ""lick""","verdunning kiezen op basis van gewicht; aanbrengen als ""pour-on"" op een plek die niet gelikt kan worden","Verdünnung nach Gewicht wählen; als ""Pour-on"" in einem Bereich auftragen"
33d28b7b-c46b-5157-b101-00c7e57e6dbf,dosages,a3f45af6-c08d-4262-9130-59abbec685bc,dosage_per_grams_unit,ml,ml,ml,ml
14dd1cd5-8a3a-5f4d-90cc-028c71250ca2,dosages,a496f8a2-b420-402a-b575-4751e76adea3,description,"2x/jr, pdt 3 - jrs",2x/day, for 3 days,2x/dag
2dc75b98-4148-5ea6-b53d-ea6095cac7da,dosages,a496f8a2-b420-402a-b575-4751e76adea3,dosage_per_grams_unit,ml,ml,ml,ml
7ee3cb64-803f-57df-b04d-d976f491dd7e,dosages,a52ca3ef-8d42-408a-a274-4050508393be,description,.2 x  /jour  7jours minimum. Utiliser dès que administration buccale possible; dose très forte : c\\'est vérifié!,.2 x /day minimum 7 days. Use as soon as oral admin possible; very high dose: confirmed!,0.2 x /dag min. 7 dagen. Gebruik zodra orale toediening mogelijk is; zeer hoge dosis: bevestigd!,0.2 x /Tag mind. 7 Tage. Anwenden
03375313-2b1f-5f3d-9ee3-4f54ac857a01,dosages,a52ca3ef-8d42-408a-a274-4050508393be,dosage_per_grams_unit,comprimé,tablet,tablet,Tablette
b23abc17-e00a-56f3-a55c-38bc01086fe7,dosages,a5362048-0f61-4400-b7ef-2f4bdd1e6192,description,"indication : plaies, postop\\', problèmes urinaires, génitaux, respiratoires (vu réticence usage fluoroquinolones)etc...",indication: wounds, post-op, urinary
46e6cc97-54c5-5782-9176-2f3ec71a95b8,dosages,a5362048-0f61-4400-b7ef-2f4bdd1e6192,dosage_per_grams_unit,ml,ml,ml,ml
06c3f02d-fd48-510e-a4b8-fd1c7a015102,dosages,a695ce3a-cf60-4e41-82fe-363d636ca126,description,1x ./ jour pendant minimum 5 jrs ; = dose notice,1x / day for a minimum of 5 days; = package insert dose,1x / dag gedurende min. 5 dagen; = bijsluiter dosis,1x / Tag für mindestens 5 Tage; = Packungsbeilage Dosis
9187fac8-376a-5fc8-9ab6-e5a46a809754,dosages,a695ce3a-cf60-4e41-82fe-363d636ca126,dosage_per_grams_unit,ml,ml,ml,ml
cb684c9e-1997-4ff5-9f38-399146687061,dosages,a6b620d1-843e-4c60-ab99-4655c23bbc09,dosage_per_grams_unit,ml,ml,ml,ml
670bddb3-e3c9-5004-bdd4-0f9822f2cc0c,dosages,a79ebaf8-0b84-4d88-8fb1-2fc389a0bddb,description,"1-2 fois par jour avec aliment, 3 jours maxi (boeringer = 0,8 1x!))",1-2 times per day with food, max 3 days (boeringer = 0.8 1x!)),1-2 maal per dag met voer
da5efafc-850c-5128-a24e-5b8daa0e1684,dosages,a79ebaf8-0b84-4d88-8fb1-2fc389a0bddb,dosage_per_grams_unit,ml,ml,ml,ml
9fe6d473-04f1-4651-8473-e0d61313b9bc,dosages,a87f33e8-e4df-4012-9b5a-d4834146148b,dosage_per_grams_unit,ml,ml,ml,ml
5028d490-1fc2-4ca0-865e-14669842b2ad,dosages,a89154c8-d86a-444c-92aa-616e843275a0,dosage_per_grams_unit,Ml,Ml,Ml,Ml
9615e14c-854f-520b-a271-8fea48e83b8b,dosages,a8b993e5-2357-4a78-8c1d-d4a7a47c6cf6,description,cortico one shot !!  veiller à bonne hydratation !,cortico one shot!! ensure good hydration!,cortico one shot!! zorg voor goede hydratatie!,Kortikoid Einmalgabe!! auf gute Hydratation achten!
2c3da116-7bd7-533a-ab0b-40d7a81ebeb6,dosages,a8b993e5-2357-4a78-8c1d-d4a7a47c6cf6,dosage_per_grams_unit,ml,ml,ml,ml
2127bd3b-2db5-5606-8685-d560c5d0a1e2,dosages,a8c1ff0d-f80d-4518-a8af-b19efed091b2,description,"ceci = dose maximum ! pr Hérissons, chats, et mustelidés(dose minimum = 0,1ml/kg) ;22 ! dose maxi ne concerne pas lagomorphes! pas d\\'activité sur tiques ; 1 application/mois antiparasitaire systématique pour chats, mustélidés et éventuellement renard, si pas de tiques ;",this = maximum dose! for Hedgehogs, cats, and mustelids (minimum dose = 0.1ml/kg); 22! max dose does not concern lagomorphs! no activity against ticks; 1 application/month systematic antiparasitic for cats
e8be8bb1-2318-5427-b881-a86920e9f4e8,dosages,a8c1ff0d-f80d-4518-a8af-b19efed091b2,dosage_per_grams_unit,ml,ml,ml,ml
5d43563e-c94c-4fe8-a851-a37c3835dc72,dosages,a9bc4ceb-f10e-497b-b80e-5b3aa05a2aa9,description,1x ./ jour pendant minimum 5 jrs ; = dose notice,1x / day for a minimum of 5 days; = package insert dose,1x / dag gedurende min. 5 dagen; = bijsluiter dosis,1x / Tag für mindestens 5 Tage; = Packungsbeilage Dosis
0d18c003-160f-4d6f-8364-2837a174f46b,dosages,a9bc4ceb-f10e-497b-b80e-5b3aa05a2aa9,dosage_per_grams_unit,ml,ml,ml,ml
2d554fe3-02a4-4627-b81e-969367fbc044,dosages,a9ebd3a0-5a32-43fa-99d5-d643e8f00b6f,dosage_per_grams_unit,ml (IV),ml (IV),ml (IV),ml (IV)
28f959a9-eecb-5a65-847b-dc296d0d3b1e,dosages,aa1444ae-b8f5-49bd-b887-50af864e2278,description,si per os 2x/jr ; pdt 7 jrs,if per os 2x/day; for 7 days,indien per os 2x/dag; gedurende 7 dagen,wenn per os 2x/Tag; für 7 Tage
9159f34f-cfde-59d0-b80a-29d4a270c333,dosages,aa1444ae-b8f5-49bd-b887-50af864e2278,dosage_per_grams_unit,lml,ml,ml,ml
f3cdb203-8492-57d2-af0b-c15c288ca78d,dosages,aac16220-cfe4-428c-870e-780b5d66d037,description,interdit chez lagomorphes et rongeurs,forbidden in lagomorphs and rodents,verboden bij lagomorfen en knaagdieren,verboten bei Lagomorphen und Nagetieren
44a38124-de13-4c93-82f1-dea6ed3a0720,dosages,ab394d25-da44-4633-bb90-c589074c2006,dosage_per_grams_unit,ml,ml,ml,ml
e9b2b69a-e430-48e8-8c7f-0320a3d295ee,dosages,ab603cea-eb03-4287-813c-8975815c0e88,dosage_per_grams_unit,ml,ml,ml,ml
b7163671-2450-4f1c-b718-db729d765a43,dosages,ac234019-755d-425d-88fb-44583f884ca4,description,Im 5 days,IM 5 days,IM 5 dagen,IM 5 Tage
0a99d23a-3f9f-4e68-bdd9-c28b5401a294,dosages,ac234019-755d-425d-88fb-44583f884ca4,dosage_per_grams_unit,ml,ml,ml,ml
1aceba6e-5b14-533a-aca9-cdcad65e7ff4,dosages,ac686e3b-5815-4da4-8894-b6dcea3e0cef,description,cortico one shot ;  veiller à bonne hydratation !,cortico one shot; ensure good hydration!,cortico one shot; zorg voor goede hydratatie!,Kortikoid Einmalgabe; auf gute Hydratation achten!
34b72415-4eb8-568f-aaae-3a1242b086bd,dosages,ac686e3b-5815-4da4-8894-b6dcea3e0cef,dosage_per_grams_unit,ml,ml,ml,ml
d43593a9-9583-4e6a-b76e-4a3849f38073,dosages,acd9a769-6179-4a50-a41b-fd07d94df871,dosage_per_grams_unit,ml,ml,ml,ml
6abb5584-aa63-58a9-af4c-e20fecff2ce7,dosages,ad3d594a-d244-4606-ae18-0f692af52df3,description,interdit,forbidden,verboden,verboten
4715b81d-1fb7-476e-a11b-70a57dd4603e,dosages,ad755796-dbbe-4ffb-90f5-72b2b64b58b2,description,Im 5 days,IM 5 days,IM 5 dagen,IM 5 Tage
81ded7f8-f0cc-42fc-a667-123eab16b9a8,dosages,ad755796-dbbe-4ffb-90f5-72b2b64b58b2,dosage_per_grams_unit,ml,ml,ml,ml
3d8ec38f-38c2-5a58-9afb-ccb023fe4f5b,dosages,adbaed39-bd2d-4679-bbaa-781bcedc1e72,description," s/peau encolure, à endroit impossible à lécher ; répéter après7-10 jrs ; ",s/c on nape, in an area impossible to lick; repeat after 7-10 days;,s/c op nek
0bb52c04-1205-5ff3-9fb3-45a9095b931e,dosages,adbaed39-bd2d-4679-bbaa-781bcedc1e72,dosage_per_grams_unit,ml,ml,ml,ml
c5f52c0f-42d8-461d-b96c-b4ab7f14332e,dosages,aebe6bd2-9efe-4799-bb3d-c7991ac545f7,description,"Indication : plaies, postop', problèmes urinaires, génitaux, respiratoires (vu réticence usage fluoroquinolones)etc... 1x/jour ; durée : 7jours minimum utiliser si forme buccale impossible",Indication: wounds, post-op, urinary
a6d0bdb6-7477-4ea2-aa5d-4b43c53f56a9,dosages,aebe6bd2-9efe-4799-bb3d-c7991ac545f7,dosage_per_grams_unit,ml,ml,ml,ml
75706b78-2768-4a2c-a663-c8c20d5feb7f,dosages,aedd0246-3aaf-4cc6-a9ee-f62bbd669d7e,dosage_per_grams_unit,ml,ml,ml,ml
80690f7f-efe5-4d94-a259-72adf7e0c8ab,dosages,af0889ad-19cc-4708-ad75-a039adca2243,description,"indication : plaies, postop', problèmes urinaires, génitaux, respiratoires (vu réticence usage fluoroquinolones)etc... 1x/jour durée : 7jours minimum utiliser quand forme buccale impossible",indication: wounds, post-op, urinary
3ad4c632-5bdc-4b41-9df6-573d02f86b4a,dosages,af0889ad-19cc-4708-ad75-a039adca2243,dosage_per_grams_unit,ml,ml,ml,ml
b685eb5e-497f-5785-875d-0204d7803803,dosages,af667754-9ac8-4a4c-b74c-d3aaa6c9b138,description,"choisir dilution en fct du poids ; en pour on dans zone impossible à \\""lécher\\"" ","choose dilution according to weight; as a pour-on in an area impossible to ""lick""",verdunning kiezen op basis van gewicht; als pour-on op een plek die niet gelikt kan worden,Verdünnung nach Gewicht wählen; als Pour-on in einem Bereich
73a5cd81-11e6-55c8-b54a-aa277f61595e,dosages,af667754-9ac8-4a4c-b74c-d3aaa6c9b138,dosage_per_grams_unit,ml,ml,ml,ml
9dadb958-30a4-581f-a3da-a800665c3c79,dosages,af66c8a8-431b-4c22-87cf-6f9fbd3dee05,description,AINS . 1x/ 24 hr ; relais per os avec meloxicam voie orale quand absolument nécessaire 2 jrs supplementaires,NSAID. 1x/24h; switch to oral meloxicam when absolutely necessary for 2 additional days,NSAID. 1x/24u; overstap naar oraal meloxicam wanneer absoluut noodzakelijk voor 2 extra dagen,NSAID. 1x/24h; Umstellung auf orales Meloxicam wenn unbedingt nötig für 2 weitere Tage
b62a8248-b4da-5068-acde-cb41e46800d6,dosages,af66c8a8-431b-4c22-87cf-6f9fbd3dee05,dosage_per_grams_unit,ml,ml,ml,ml
50f9eb85-eef0-46dc-bd89-ba00e322669f,dosages,afb3722b-7310-44c6-b137-1eff16f91372,dosage_per_grams_unit,ml,ml,ml,ml
d1cf8797-ffbe-4d17-93b3-4f14e33bc579,dosages,b0fdac27-c1f0-4e55-95a4-53a45915cff0,description,Im,IM,IM,IM
0fdfe7a0-f92d-4a9c-877c-d7867a31c5fe,dosages,b0fdac27-c1f0-4e55-95a4-53a45915cff0,dosage_per_grams_unit,ml,ml,ml,ml
dba973ed-d2e3-57c2-84cd-38846e3105b5,dosages,b11872af-c454-4b59-af40-bb8259703efc,description,2 fois par jour pendant 3 jours // ou bien 200milligrammes (de principe actif) par litre d\\'eau de boisson,2 times per day for 3 days // or 200 milligrams (of active ingredient) per liter of drinking water,2 maal per dag gedurende 3 dagen // of 200 milligram (werkzame stof) per liter drinkwater,2-mal täglich für 3 Tage // oder 200 Milligramm (Wirkstoff) pro Liter Trinkwasser
c47a2d5a-b9c6-5c92-b5fd-3f48a41298ae,dosages,b11872af-c454-4b59-af40-bb8259703efc,dosage_per_grams_unit,ml,ml,ml,ml
beb5843c-ce56-5947-ad3e-71d60830b243,dosages,b127ef4f-5048-4768-88ce-188c4a29f2a4,description,"2 à 3 fois par jour, 15-20\\' avant repas",2 to 3 times per day, 15-20 mins before meals,2 tot 3 maal per dag
e441edf5-0f87-5f01-b17d-f920892de895,dosages,b127ef4f-5048-4768-88ce-188c4a29f2a4,dosage_per_grams_unit,ml,ml,ml,ml
0f53145a-b0d4-51c7-9021-2ec2b29492e2,dosages,b14a321b-85d8-4a40-b31e-2dd80cd3f924,description,"indication : plaies, postop\\', problèmes urinaires, génitaux, respiratoires (vu réticence usage fluoroquinolones)etc...",indication: wounds, post-op, urinary
496500df-1477-579a-b031-ea49be420c84,dosages,b14a321b-85d8-4a40-b31e-2dd80cd3f924,dosage_per_grams_unit,ml,ml,ml,ml
73c360ad-032e-53d4-b9b8-2677834c8eff,dosages,b25dc8c2-f22a-4096-9777-41211b50c35f,description,2 à 3 x / jour +- 15\\' avant repas,2 to 3 x / day +- 15 mins before meals,2 tot 3 x / dag +- 15 min voor maaltijd,2 bis 3 x / Tag +- 15 min vor dem Futter
45cb201e-9e2d-50de-9202-208b91d0e7e5,dosages,b25dc8c2-f22a-4096-9777-41211b50c35f,dosage_per_grams_unit,ml,ml,ml,ml
1d37781a-d6ef-511b-8f3e-370915f7f795,dosages,b26ff3fb-ee41-46d9-8a51-cff71b40df39,description,5 jrs inclut encephalitozoon,5 days includes encephalitozoon,5 dagen inclusief encephalitozoon,5 Tage inklusive Encephalitozoon
c795b663-5dbe-574d-9b8c-328e54eeb682,dosages,b39a8104-4d82-47c9-909d-baddd6b2aed1,description,une seule prise,Single dose,Enkele dosis,Einmalige Gabe
ede1c8e8-7e7d-5a9b-b2aa-da2321e21b9f,dosages,b39a8104-4d82-47c9-909d-baddd6b2aed1,dosage_per_grams_unit,ml,ml,ml,ml
1e1504c8-7161-53e3-a6e0-4dc29320f483,dosages,b3b31abf-d4a9-4102-be40-ecd80d079bd6,description,"indication : plaies, postop\\', problèmes urinaires, génitaux, respiratoires (vu réticence usage fluoroquinolones)etc...",indication: wounds, post-op, urinary
3b1fd565-1735-5e23-aa2f-dd0edb9d4641,dosages,b3b31abf-d4a9-4102-be40-ecd80d079bd6,dosage_per_grams_unit,ml,ml,ml,ml
5a02d347-c9b4-5799-b330-56ee71c79d05,dosages,b57c31aa-a5b5-4eea-b129-2716c2f83392,description,voie orale !! donner probiotiques ; 2x par jour 7 jrs,oral route!! give probiotics; 2x per day 7 days,orale weg!! geef probiotica; 2x per dag 7 dagen,orale Verabreichung!! Probiotika geben; 2x täglich 7 Tage
ec546e1e-af8b-5b88-a739-6d8e4eb720c6,dosages,b57c31aa-a5b5-4eea-b129-2716c2f83392,dosage_per_grams_unit,ml,ml,ml,ml
a6dd9c98-5679-4066-849b-33c1634eeb38,dosages,b58f07e4-dd62-46e8-87c9-51e02890a29b,dosage_per_grams_unit,ml,ml,ml,ml
2e01bf1c-35a5-5120-8af7-6abc79123b9a,dosages,b5931391-835e-44ac-997a-a48c0193a13b,description,prendre relais avec K1 labo TVM,switch to K1 from TVM lab,overstappen op K1 van TVM lab,auf K1 von TVM Labor umstellen
2017f13e-3774-5f1d-a288-a6b8e4813126,dosages,b5931391-835e-44ac-997a-a48c0193a13b,dosage_per_grams_unit,ml,ml,ml,ml
04248fbd-b803-5b42-9cf3-a0e5a167e9d9,dosages,b6dd0713-be06-494c-86f7-f3131a2cde0b,description,1x par jour : aspergillose : 8 semaines ; candidose : 14 jrs,1x per day: aspergillosis: 8 weeks; candidiasis: 14 days,1x per dag: aspergillose: 8 weken; candidiasis: 14 dagen,1x täglich: Aspergillose: 8 Wochen; Candidose: 14 Tage
51249572-9fcc-558a-acbe-ec95cae797c2,dosages,b6dd0713-be06-494c-86f7-f3131a2cde0b,dosage_per_grams_unit,ml,ml,ml,ml
77101c27-c79f-40a9-bfca-58beadcd5cfb,dosages,b75bee81-9b0c-47ed-8a71-002756e0865e,description,SC,SC,SC,SC
e648efa3-92f0-4af7-aabf-2ba7d8987062,dosages,b75bee81-9b0c-47ed-8a71-002756e0865e,dosage_per_grams_unit,ml,ml,ml,ml
4c9a4b1b-ed60-5bb2-968a-13f45f8c01e8,dosages,b7a8f7db-cf78-4cfa-9ed4-35a3fd060fb8,description,interdit,forbidden,verboden,verboten
75f05491-79b6-5bc3-946b-2576abc6e9f5,dosages,b845e91e-da59-42f7-b229-0f4c93ef9433,description,1x ./ jour pendant minimum 5 jrs,1x / day for a minimum of 5 days,1x / dag gedurende min. 5 dagen,1x / Tag für mindestens 5 Tage
b8154d1a-c5e9-5377-b8e4-55bd72b8c46e,dosages,b845e91e-da59-42f7-b229-0f4c93ef9433,dosage_per_grams_unit,ml,ml,ml,ml
e1e236bf-d5fe-4a56-bccc-928ef5eb4d1a,dosages,b9335d38-3bb8-474b-9199-d130059de954,dosage_per_grams_unit,Ml,Ml,Ml,Ml
354ae195-a81d-502d-8bd3-dfa27233e389,dosages,b9459ce1-fdc3-4ebb-9737-e5cab200f252,description,rien trouvé,nothing found,niets gevonden,nichts gefunden
955700c2-2fc4-4747-8596-9d8c1adeab75,dosages,b9507460-779c-43e8-8eb8-bce77b6a6cf7,dosage_per_grams_unit,ml,ml,ml,ml
51946e5b-6273-5f0f-b0a5-640ef3db82a9,dosages,b96975f8-7d8a-4f45-b213-980a0c737273,description,"3 x/ jour, 15 \\' avant repas",3 x / day, 15 mins before meals,3 x / dag
9f8b04fb-6ef4-53a5-b2c6-47d998bed19b,dosages,b96975f8-7d8a-4f45-b213-980a0c737273,dosage_per_grams_unit,ml,ml,ml,ml
12a46b19-e3d7-4f6a-8508-49cad61d59dc,dosages,b9a1f320-f03a-4509-97e4-e63e2b8135aa,description,IM,IM,IM,IM
b0c98a52-e7aa-4552-8978-06a0a2ed4fe0,dosages,b9a1f320-f03a-4509-97e4-e63e2b8135aa,dosage_per_grams_unit,ml,ml,ml,ml
267ffed4-17a1-4197-b2d1-1dd91bee33c9,dosages,ba3f8ee2-f332-4cf7-a96f-f1f27338c6d6,description,Oral,Oral,Oraal,Oral
4443637f-987f-4e46-bf0e-0c70a0b3a54e,dosages,ba3f8ee2-f332-4cf7-a96f-f1f27338c6d6,dosage_per_grams_unit,ml,ml,ml,ml
25304949-08f5-4cbb-9315-cc295d208dea,dosages,babdbecc-ea09-4d9e-8321-fc3e57feb438,description,dans la bouche,in the mouth,in de mond,in den Mund
6989deba-8aea-4fad-b498-e849da1dfc4f,dosages,babdbecc-ea09-4d9e-8321-fc3e57feb438,dosage_per_grams_unit,ml PER OS,ml PER OS,ml PER OS,ml PER OS
dce9f984-539d-5a64-9d26-249c0cf869a2,dosages,bbd99071-28e6-466b-8a78-3a99efff1f6a,description,"indication : plaies, postop\\', problèmes urinaires, génitaux, respiratoires (vu réticence usage fluoroquinolones)etc...",indication: wounds, post-op, urinary
155c72b8-9e2d-5334-935b-71d9b9da1aa9,dosages,bbd99071-28e6-466b-8a78-3a99efff1f6a,dosage_per_grams_unit,ml,ml,ml,ml
c26118e3-1e4a-58cf-b29b-bebc8e787eae,dosages,bc76011e-36a7-4ba7-8943-c776949cfdaf,description,"= dose jour 1 ! ATTENTION ! diviser par 4 (cad 0,025ml / kg)  les 3 jrs suivants !essayer de prendre relais après j 1, avec meloxicam voie orale si mange",= Day 1 dose! CAUTION! Divide by 4 (i.e. 0.025ml/kg) for the next 3 days! Try to switch after day 1 to oral meloxicam if eating,= Dag 1 dosis! LET OP! Deel door 4 (d.w.z. 0,025ml/kg) de volgende 3 dagen! Probeer na dag 1 over te stappen op oraal meloxicam indien etend
1d1a7486-3852-56da-8a27-66b73f17a870,dosages,bc76011e-36a7-4ba7-8943-c776949cfdaf,dosage_per_grams_unit,ml,ml,ml,ml
72a15219-ea33-4a98-93b3-2219ec043e9f,dosages,be5b78cb-76bb-4bf6-bf3d-63ab7858f87e,dosage_per_grams_unit,ml,ml,ml,ml
fd88bc90-6bf0-48da-9138-1d4140e61d46,dosages,be8293bb-ac58-4421-a975-9b55b2a30ccc,dosage_per_grams_unit,ml (SC),ml (SC),ml (SC),ml (SC)
673992ba-9703-56d8-b3bd-80ac9dd33091,dosages,bebf4f7a-1b1b-42b8-aa84-dfa6210db773,description,"SC 2x par jour  ça fait sans doute mal ! ! , durée : 2 jrs après fin des symptomes",SC 2x per day that must hurt!!, duration: 2 days after symptoms end,SC 2x per dag dat zal wel pijn doen!!
af83e226-c692-5c5c-9e30-67aba806e8ad,dosages,bebf4f7a-1b1b-42b8-aa84-dfa6210db773,dosage_per_grams_unit,ml,ml,ml,ml
740a23e0-000b-47a1-b35d-eb751c3ad05f,dosages,bebfb6af-5499-400e-99e7-aa99dd246a70,dosage_per_grams_unit,Ml,Ml,Ml,Ml
6cb6d014-5d9c-57be-8161-1069e061a261,dosages,beefa78c-8387-4cec-acd3-1e33372be8ad,description,1x ./ jour pendant minimum 5 jrs,1x / day for a minimum of 5 days,1x / dag gedurende min. 5 dagen,1x / Tag für mindestens 5 Tage
44bf8a2a-5868-5bca-9e82-3f2eb9c291be,dosages,beefa78c-8387-4cec-acd3-1e33372be8ad,dosage_per_grams_unit,ml,ml,ml,ml
010dc93e-ca57-48ae-b40d-bc78065c789c,dosages,bf142ad8-2b6d-4468-a8f3-a619df960f62,dosage_per_grams_unit,ml,ml,ml,ml
8a0fae05-7fb8-496e-96aa-ac8d60b62fb2,dosages,bf4ac7e0-179c-4d07-9f09-06765afb39e7,dosage_per_grams_unit,ml,ml,ml,ml
26aa40db-2d00-5d0b-bd6c-c4402a4622a2,dosages,bf5b9497-a589-4166-b443-3332ec20c31d,description, 20\\' avant repas ; ceci = dose maximum par prise ; éventuellement 3 prises/24 hrs, 20 mins before meals; this = maximum dose per intake; possibly 3 intakes/24 hrs, 20 min voor maaltijd; dit = maximale dosis per inname; eventueel 3 innames/24u, 20 min vor dem Futter; dies = maximale Dosis pro Gabe; ggf. 3 Gaben/24h
7a519da3-7821-56f3-b302-6d4ae324a921,dosages,bf5b9497-a589-4166-b443-3332ec20c31d,dosage_per_grams_unit,ml,ml,ml,ml
c841f134-8284-4c5a-9c71-2ef07ea1a5cf,dosages,bf6189d5-48cb-466c-91b3-abbe6a566ca2,dosage_per_grams_unit,ml,ml,ml,ml
eefa3535-f975-4185-945a-6d1ca7d1fa34,dosages,bf883dc9-cfb9-4df8-a8b6-248984a0f9f5,dosage_per_grams_unit,ml,ml,ml,ml
e7b72d09-c289-4177-8838-eca8c71ba415,dosages,bfc70fc3-c26b-4c8b-b23b-df33c641e5a7,description,Im 3 days,IM 3 days,IM 3 dagen,IM 3 Tage
7b45821d-0362-4d84-81e2-01d6f19b059e,dosages,bfc70fc3-c26b-4c8b-b23b-df33c641e5a7,dosage_per_grams_unit,ml,ml,ml,ml
b47a1362-137a-4740-bf4b-c027826057cb,dosages,c02dde5d-4cf7-4c4a-8898-5550f29f4fe8,dosage_per_grams_unit,ml IM,ml IM,ml IM,ml IM
5b3559b2-30f8-41d7-96d8-d9280f3f6fb0,dosages,c0971656-7b99-4586-b41a-bd219681f453,dosage_per_grams_unit,ml,ml,ml,ml
44773a34-4685-406e-a27c-b612f41ef3f0,dosages,c0b93ae8-07b1-48c0-b040-7e1861f85746,dosage_per_grams_unit,ml,ml,ml,ml
5d80ead3-6cb7-5f36-9c1b-b2d36386dc44,dosages,c0f8fc40-65eb-4f33-bc43-0cee02b788f1,dosage_per_grams_unit,ml,ml,ml,ml
10119082-0bb5-597f-9d05-c53a2318d091,dosages,c155d844-756c-43e2-940a-02c7bbceae1d,description,"déposer sur encolure, endroit impossible à lécher ; renouveler après 7-10 jrs (et même 2x, si gale)",apply to the nape, an area impossible to lick; repeat after 7-10 days (and even 2x, if mange)
49749ddf-25a8-5767-970e-0f240061b052,dosages,c155d844-756c-43e2-940a-02c7bbceae1d,dosage_per_grams_unit,ml,ml,ml,ml
b7bea6d4-3fc1-5a3f-9bb1-2c16444c0e85,dosages,c21e6fa6-3fd4-484c-aab0-d39c2e198be5,description,"20ml par litre d\\'eau ! pour bains !!!diluer 20ml  par litre d\\'eau ; appliquer, masser, ne pas rincer, sécher ; au moins 2 bains à 4 jrs d\\'intervalle",20ml per liter of water! for baths!!! dilute 20ml per liter of water; apply, massage, do not rinse
1b977821-7fed-4c7c-8d11-bf21d7839cf8,dosages,c21fe571-2bab-48d7-8254-a4537d4fd4df,description,Oral,Oral,Oraal,Oral
07c3774f-bf97-4e27-b292-d4a50af489e0,dosages,c21fe571-2bab-48d7-8254-a4537d4fd4df,dosage_per_grams_unit,ml,ml,ml,ml
9d63122e-49e6-4c9e-89c3-0446af98d401,dosages,c282f5c3-d0ba-40bf-b437-c47c7f597f79,description,RL + GLUCO,RL + GLUCO,RL + GLUCO,RL + GLUCO
5b47762e-8e31-4cf2-87a2-d234aaee74a8,dosages,c282f5c3-d0ba-40bf-b437-c47c7f597f79,dosage_per_grams_unit,ml,ml,ml,ml
267c1d5e-2871-47ea-91e4-01b81e8b59ef,dosages,c2ff0296-a5b8-48ca-849b-7ca562a9887d,dosage_per_grams_unit,ml,ml,ml,ml
fc1bb38c-c79c-5ddb-bc46-e7155dba13eb,dosages,c3718624-0f94-4e91-a05e-0db3321c38a6,description," (jusqu\\'à 0,8ml) s/peau encolure, à endroit impossible à lécher ; répéter au - 1x  après7-10 jrs ; ",(up to 0.8ml) s/c on nape, in an area impossible to lick; repeat at least 1x after 7-10 days;,(tot 0
66230c1a-8f88-57d3-87a7-d0bd367203c5,dosages,c3718624-0f94-4e91-a05e-0db3321c38a6,dosage_per_grams_unit,ml,ml,ml,ml
f9928a41-44f1-5426-8b76-cd349dcb6205,dosages,c4054795-d2b3-4601-97fb-c90caf8cf67c,description,AINS. 2x/ 24 hr  ! relais per os avec meloxicam les 2 jrs suivants quand absolument nécessaire,NSAID. 2x/24h! switch to oral meloxicam for the next 2 days if absolutely necessary,NSAID. 2x/24u! overstap naar oraal meloxicam de volgende 2 dagen indien absoluut noodzakelijk,NSAID. 2x/24h! Umstellung auf orales Meloxicam für die nächsten 2 Tage wenn unbedingt nötig
8afe0dbb-f6d4-5126-b72d-c253e5f21a70,dosages,c4054795-d2b3-4601-97fb-c90caf8cf67c,dosage_per_grams_unit,ml,ml,ml,ml
841f10f4-6905-4d2e-a6ac-b8343767ec74,dosages,c4c62911-703f-452c-b61c-a0e7ec196e1b,dosage_per_grams_unit,ml (IV),ml (IV),ml (IV),ml (IV)
d1729f54-72a9-4255-95d2-f7c92d6a1261,dosages,c50a3a52-161e-4ed2-a784-170f6e9d8b3d,dosage_per_grams_unit,ml,ml,ml,ml
5387a0cf-5556-5a6a-86ed-21d65dba4589,dosages,c5ea2aa6-3d3f-4ba7-9c48-1a781a1ea073,description,2 fois par jour 20\\' avant repas ; éventuellement 3 ème prise par 24 hrs,2 times per day 20 mins before meals; possibly a 3rd intake per 24 hrs,2 maal per dag 20 min voor maaltijd; eventueel 3e inname per 24u,2-mal täglich 20 min vor dem Futter; ggf. 3. Gabe pro 24h
c82501f6-f45d-59ff-bc22-34b27379ef76,dosages,c5ea2aa6-3d3f-4ba7-9c48-1a781a1ea073,dosage_per_grams_unit,ml,ml,ml,ml
7d1869e2-dd21-5d57-bacb-0a8847c76d8d,dosages,c6a63c03-1d80-4adf-8aed-27196f213d92,description,cortico one shot ;  veiller à bonne hydratation !,cortico one shot; ensure good hydration!,cortico one shot; zorg voor goede hydratatie!,Kortikoid Einmalgabe; auf gute Hydratation achten!
36d28cc1-0646-531d-8e52-32c04d66a0a6,dosages,c6a63c03-1d80-4adf-8aed-27196f213d92,dosage_per_grams_unit,ml,ml,ml,ml
089d4d7b-6362-5b47-a350-a36682d1bedc,dosages,c7969570-a207-47a4-b727-b2f929cc0ca4,description,2 x / jour pendant 3 jrs ; ,2x / day for 3 days;,2x / dag gedurende 3 dagen;,2x / Tag für 3 Tage;
82016a6d-1f0b-5d45-9dce-a3c70c57ee9a,dosages,c7969570-a207-47a4-b727-b2f929cc0ca4,dosage_per_grams_unit,ml,ml,ml,ml
a1bf9720-d1c9-52f5-9a60-9b28c96806b0,dosages,c834ccdf-7779-47d6-a8ec-50e72034366d,description,voie orale (..) 15\\' avant repas ; 3x par jour de tte façon si aliment a dispo,oral route (..) 15 mins before meals; 3x per day anyway if food is available,orale weg (..) 15 min voor maaltijd; 3x per dag sowieso indien voer beschikbaar,orale Verabreichung (..) 15 min vor dem Futter; 3x täglich sowieso wenn Futter verfügbar
2138d500-2c47-5d97-ac16-a6a5b9c3322d,dosages,c834ccdf-7779-47d6-a8ec-50e72034366d,dosage_per_grams_unit,ml,ml,ml,ml
bb92a2cd-e16b-54f1-8411-35db62584641,dosages,c8f57474-0035-4216-adc7-1e1499c7a6ee,description,"1 fois par jour avec aliment, 3 jours maxi",1 time per day with food, max 3 days,1 maal per dag met voer
cd6fa2a1-5b4c-5784-b39a-8d8a5328148e,dosages,c8f57474-0035-4216-adc7-1e1499c7a6ee,dosage_per_grams_unit,ml,ml,ml,ml
218ffcaa-397b-51a8-be12-8f1829b00ff5,dosages,c9527179-fef0-40b4-a1ff-d05aac873f1d,description,"précéder de rapidexon (15\\') diluer le produit sorti du flacon par 2 (!!)jours 1,2,3,10,17 ; surveiller après l\\'injection",precede with rapidexon (15 mins) dilute the product taken from the vial by 2 (!!) days 1,2,3
0ae0448c-9fe7-58ac-8583-8f19197304f6,dosages,c9527179-fef0-40b4-a1ff-d05aac873f1d,dosage_per_grams_unit,ml,ml,ml,ml
67f66f9f-f08b-44d7-9a56-62806244e270,dosages,c964419b-4621-45fc-b52e-08649949a444,dosage_per_grams_unit,Ml,Ml,Ml,Ml
100b3119-6ab4-546a-88d9-3cdd1fa283cf,dosages,c9733b43-6c54-4318-b400-c999d8ac33ca,description,"= 0,1 ml pour CS de 5 grammes 1 x par jour pendant 4 jours maxi",= 0.1 ml per 5g body weight 1x per day for max 4 days,= 0,1 ml per 5g lichaamsgewicht 1x per dag gedurende max 4 dagen
1f92cc6c-a1a5-513d-bb8e-90c38b0d4990,dosages,c9733b43-6c54-4318-b400-c999d8ac33ca,dosage_per_grams_unit,ml,ml,ml,ml
fc2fd6a9-c9eb-5c47-b8e1-e44894efd2fc,dosages,cac5af6d-3548-4006-b451-9163dc1630cb,description,Déposer sur la peau de la nuque,Apply to the skin of the nape,Aanbrengen op de huid van de nek,Auf die Haut des Nackens auftragen
b21a18ee-ea9c-55ec-b485-bab93741cd18,dosages,cac5af6d-3548-4006-b451-9163dc1630cb,dosage_per_grams_unit,ml,ml,ml,ml
3e4ac97f-db02-544b-84b7-9d822affea8d,dosages,caed59d2-ecf4-4330-8b7a-6aefa33489cc,description,on peut doubler cette dose ; frequence des prises : 2 fois par jour PENDANT 3 jrs,can double this dose; frequency: 2 times per day FOR 3 days,kan deze dosis verdubbelen; frequentie: 2 maal per dag GEDURENDE 3 dagen,kann diese Dosis verdoppeln; Häufigkeit: 2-mal täglich FÜR 3 Tage
44a44e78-3915-511b-897f-ccb5fa32cfeb,dosages,caed59d2-ecf4-4330-8b7a-6aefa33489cc,dosage_per_grams_unit,ml,ml,ml,ml
151a1c3f-0486-5f6a-9ff7-ea8c48acfe1f,dosages,cb9ac9aa-9bc0-4299-bbdc-b37f74ab138d,description,"1 à 2x/jr, pdet 3 -4 jrs",1 to 2x/day, for 3-4 days,1 tot 2x/dag
20ad70ba-550b-5343-8634-5276f63ddf62,dosages,cb9ac9aa-9bc0-4299-bbdc-b37f74ab138d,dosage_per_grams_unit,ml,ml,ml,ml
19ee5f2e-b682-40d3-a302-7a573a05c6a6,dosages,cbc61ac6-41ca-417e-a0c7-75a5269b854b,description,Im 5 days,IM 5 days,IM 5 dagen,IM 5 Tage
2dfcc2fd-042e-4e95-8dbb-ca92a445e50c,dosages,cbc61ac6-41ca-417e-a0c7-75a5269b854b,dosage_per_grams_unit,ml,ml,ml,ml
de066815-28c1-403e-bcea-529f5fd5e8a9,dosages,cbda70ec-370e-4c33-af5a-3df07777e6d1,dosage_per_grams_unit,ml (IM),ml (IM),ml (IM),ml (IM)
c7d0e24a-49f5-5d91-a323-ecae4be0f139,dosages,cc2b9b69-3655-4374-92d8-93c30a17566f,description,"1-2 x/jour, pendant 3-4 jrs",1-2x/day, for 3-4 days,1-2x/dag
db4bf528-2607-5226-b180-1767eb214759,dosages,cc2b9b69-3655-4374-92d8-93c30a17566f,dosage_per_grams_unit,ml,ml,ml,ml
d0db0118-9d5a-4601-a2f1-09273c74d256,dosages,cc59f643-203d-4a67-8ccd-6225adba6b23,dosage_per_grams_unit,ml,ml,ml,ml
d9f93fe5-21dc-4e75-bbda-ef10142ee437,dosages,cc65b042-f586-4e0e-87ef-b55291fcd587,dosage_per_grams_unit,ml,ml,ml,ml
9c8d1f44-3197-43e1-9288-388e56422f61,dosages,cc8ada59-0d40-4020-b408-192cef23d6f8,description,"iv, im",iv, im,iv
0067b243-3f5d-45cf-b112-157792547b5c,dosages,cc8ada59-0d40-4020-b408-192cef23d6f8,dosage_per_grams_unit,ml,ml,ml,ml
05bda8dc-ac05-4988-9d5c-c77907287d52,dosages,cc9eb463-fbfc-4ed7-819a-8508f48a7639,dosage_per_grams_unit,ml,ml,ml,ml
c1500b26-1394-423b-942b-be52add29cfb,dosages,ccf71e18-3c2a-4409-8852-8a9f7ff9f1fd,dosage_per_grams_unit,ml IM,ml IM,ml IM,ml IM
94a138b8-c9d5-451f-b202-e5e8ee6de918,dosages,cd35c0c2-87fe-425b-bd63-4502662684a0,description,"iv, iartic",iv, intra-articular,iv
55daf2bd-c2db-4eed-b66e-ad6f1ad1f5e8,dosages,cd35c0c2-87fe-425b-bd63-4502662684a0,dosage_per_grams_unit,ml,ml,ml,ml
29dfd8c5-b78c-434b-aa21-570c5019ccf0,dosages,cd64491a-a842-4f58-b37b-7c04b2414b06,description,"diluate iv, im, sc",dilute iv, im, sc
9598bf16-f215-4e44-ae05-5a41d68b8e03,dosages,cd64491a-a842-4f58-b37b-7c04b2414b06,dosage_per_grams_unit,ml,ml,ml,ml
986581b6-ad9e-4c09-a596-e9a5a3c2639c,dosages,ce88b20c-a019-43d2-ab9c-6fd17e69c62c,dosage_per_grams_unit,ml,ml,ml,ml
40bfafa2-b20c-51a5-a307-4e469a46b322,dosages,cfcf4f98-3d6f-4c73-be20-2cc4e3293edd,description,"= dose per os, et donnée 3x par jour ! (Carpenter et Gabbrisch)",= dose per os, and given 3x per day! (Carpenter and Gabbrisch),= dosis per os
57956764-65e9-5544-a317-74033abce054,dosages,cfcf4f98-3d6f-4c73-be20-2cc4e3293edd,dosage_per_grams_unit,ml,ml,ml,ml
08ba2898-20ae-5d1e-8361-1070fd17a07a,dosages,d0450af3-8b72-4b76-956b-86c77ef402d5,description,"diluate iv, im, sc",dilute iv, im, sc
b2742018-53b2-595e-83d2-f38357f90990,dosages,d0450af3-8b72-4b76-956b-86c77ef402d5,dosage_per_grams_unit,mg,mg,mg,mg
05e9a76f-d017-4142-9891-7570ef51c596,dosages,d0707450-d6f5-4a4e-abbf-b58b5862cf59,description,"iv, iartic",iv, intra-articular,iv
f1c0d732-e632-4790-8fe1-c7a7957bf605,dosages,d0707450-d6f5-4a4e-abbf-b58b5862cf59,dosage_per_grams_unit,ml,ml,ml,ml
fcc01e92-b5eb-5828-959d-53ec52d1ff55,dosages,d0dc5b22-6329-408f-9a17-ef2b2476ab94,description,"3 x par jour pendant 5 jrs; OU : 2,5 MG (pas millilitres !!!milligrammes !!!faut calculer un peu, les gars!) par millilitre d\\'eau de boisson",3 x per day for 5 days; OR: 2.5 MG (not milliliters!!! milligrams!!! gotta do some math, guys!) per milliliter of drinking water,3 x per dag gedurende 5 dagen; OF: 2
9174addb-7a4c-5efa-b9e6-6796cb29fce0,dosages,d0dc5b22-6329-408f-9a17-ef2b2476ab94,dosage_per_grams_unit,ml,ml,ml,ml
772de0ac-d3d9-56d7-adc4-104c6a2b2f1e,dosages,d15eedc2-fc02-4385-8831-ddc24be3cade,description,vermifuge voie orale 1x/jr pdt 3 jrs,oral dewormer 1x/day for 3 days,oraal ontwormingsmiddel 1x/dag gedurende 3 dagen,orales Entwurmungsmittel 1x/Tag für 3 Tage
f68e4e3e-0bde-551d-b681-17120d5a8418,dosages,d15eedc2-fc02-4385-8831-ddc24be3cade,dosage_per_grams_unit,comprimé,tablet,tablet,Tablette
2ba85378-d051-5255-8f89-5b7d289bd760,dosages,d1bed4c3-fd75-42ae-b6bc-b325bdb6b0b7,description,complex B injectable 1x/sem,injectable complex B 1x/week,injecteerbaar complex B 1x/week,injizierbares Komplex B 1x/Woche
0d17785c-82f3-50cd-9ea9-4a5e87de40e5,dosages,d1bed4c3-fd75-42ae-b6bc-b325bdb6b0b7,dosage_per_grams_unit,ml,ml,ml,ml
8ee11734-d3ac-48b2-8dcb-b7a19c55108c,dosages,d2240c66-8151-4f05-9a52-a48cf3912c26,description,"vermifuge interne, po dans l'eau de boisson, po dans la bouche",internal dewormer, po in drinking water, po in the mouth
dff09b55-6565-494e-ba9d-969e51eb6559,dosages,d2240c66-8151-4f05-9a52-a48cf3912c26,dosage_per_grams_unit,ml,ml,ml,ml
35d10d34-baea-446a-a395-f3556fe9228d,dosages,d26f9b51-308a-4163-af09-c8d58740686f,dosage_per_grams_unit,ml,ml,ml,ml
d8cefe6a-adf7-5b74-9d71-54f179621149,dosages,d297efe9-82d7-45fb-b59f-4453d4276e9a,description,"1x/jour pdt 5 jours : = protocole contre capillaires ; autre auteur, autre cible : 0,0005 ml/g 1 seule fois",1x/day for 5 days: = protocol against capillaria; another author, other target: 0.0005 ml/g single dose,1x/dag gedurende 5 dagen: = protocol tegen capillaria; andere auteur
0e1e387d-81b7-5917-8beb-93249ecca178,dosages,d297efe9-82d7-45fb-b59f-4453d4276e9a,dosage_per_grams_unit,ml,ml,ml,ml
2ec27c41-f802-5fe0-bdad-f4e0a79bfb31,dosages,d2d3dadf-e62f-42ef-a1af-69f81e2ff6e8,description,1x/jr 3-4 jrs donner probiotiques,1x/day 3-4 days give probiotics,1x/dag 3-4 dagen probiotica geven,1x/Tag 3-4 Tage Probiotika geben
bef49c41-348e-5bf5-8824-71aa1651519d,dosages,d2d3dadf-e62f-42ef-a1af-69f81e2ff6e8,dosage_per_grams_unit,ml,ml,ml,ml
06e9c60a-dfb2-4e53-8b50-588fbdacd46e,dosages,d36c5b8f-1925-4a5a-b77b-35875bf12bfa,dosage_per_grams_unit,ml,ml,ml,ml
bc219036-6c90-55f5-87e5-e33ec20e1c53,dosages,d3b7253c-9bfc-4294-99a9-f644314d5bf4,description,on peut doubler cette dosen (boeringer) ; frequence des prises : 1 à 2 fois par jour,can double this dose (boeringer); frequency: 1 to 2 times per day,kan deze dosis verdubbelen (boeringer); frequentie: 1 tot 2 maal per dag,kann diese Dosis verdoppeln (boeringer); Häufigkeit: 1 bis 2 mal täglich
f9b25489-c7dd-5716-9935-eeccc8d21cfa,dosages,d3b7253c-9bfc-4294-99a9-f644314d5bf4,dosage_per_grams_unit,ml,ml,ml,ml
c24aad2e-4918-4337-971f-9f71b24d23ed,dosages,d40025c0-d846-4c41-a577-11a424ea2165,description,PER OS 5 jours 2X / Jours,PER OS 5 days 2X / Day,PER OS 5 dagen 2X / Dag,PER OS 5 Tage 2X / Tag
ed58106d-c5ff-47c5-b770-cd6c831e4f98,dosages,d40025c0-d846-4c41-a577-11a424ea2165,dosage_per_grams_unit,ml,ml,ml,ml
577bca93-21ee-4f84-adf5-7b24895679b5,dosages,d41e3c95-5bdf-4014-81a8-dd40cd8ee4c9,dosage_per_grams_unit,ml (IV),ml (IV),ml (IV),ml (IV)
e8a93034-b29d-4002-bc20-dd34af13da76,dosages,d5dbe141-4ba8-4689-8e90-d9de36522288,dosage_per_grams_unit,ml,ml,ml,ml
0a227b05-df22-5aa1-a574-ccf6b464d9e5,dosages,d6cc0c2b-9568-4041-a24c-7109e5cbf33a,description,"antibiotique rouge : decision VT 1x/jr en injection, 2x/jr si per os",red antibiotic: VT decision 1x/day injection, 2x/day if per os,rode antibioticum: VT beslissing 1x/dag injectie
2bb1066b-ea11-5f88-93f3-d5abdd0806fb,dosages,d6cc0c2b-9568-4041-a24c-7109e5cbf33a,dosage_per_grams_unit,ml,ml,ml,ml
16fa29fe-eaf3-4ce6-8d9f-64395ebf1e1a,dosages,d73882d7-444f-49db-ae80-c9261eebc3e3,description,im,im,im,im
63d9087f-f59e-4ad1-aa40-1881c469881d,dosages,d73882d7-444f-49db-ae80-c9261eebc3e3,dosage_per_grams_unit,ml,ml,ml,ml
ba4eb6d2-c12d-528a-8f96-87e52018d6e5,dosages,d8a75e5a-c52c-4138-a43b-7a45112be632,description," 125mg/kg 2x par jour = PER OS, car RTU douloureux et volumineux", 125mg/kg 2x per day = PER OS, because RTU is painful and voluminous, 125mg/kg 2x per dag = PER OS
7baa84c6-bfc5-5c10-99c6-497ca4fd3a07,dosages,d8a75e5a-c52c-4138-a43b-7a45112be632,dosage_per_grams_unit,comp,tab,tab,Tabl
95d1abc9-1623-5c89-b21a-aef4e69b4330,dosages,d8b7b048-0090-4cb8-a63c-b368f9dc1d89,description,2 X par jour minimum 7 jrs !etc..en relais de noroclav ou synulox qd  prise orale possible .,2 X per day minimum 7 days! etc...as a follow-up to noroclav or synulox when oral intake is possible.,2 X per dag minimum 7 dagen! etc...als opvolging van noroclav of synulox wanneer orale inname mogelijk is.,2 X pro Tag mindestens 7 Tage! usw...als Anschluss an Noroclav oder Synulox
207f4933-b1bb-5584-8379-b8cc2f3569c6,dosages,d8b7b048-0090-4cb8-a63c-b368f9dc1d89,dosage_per_grams_unit,comprimé,tablet,tablet,Tablette
f3d2b82d-9c9f-555f-b731-edf82e5b8953,dosages,d8cb9284-ed19-4e63-ad44-9e37eb2bfc47,description,"0,1ml de gentakel  par ml de physiologique (3ml en général pour 10\\' d\\'aérosol)",0.1ml gentakel per ml saline (3ml in general for a 10' nebulization),0,1ml gentakel per ml fysiologisch (3ml in het algemeen voor 10' verneveling)
c81f29e7-a635-58fb-91be-6c5cbadd3235,dosages,d8cb9284-ed19-4e63-ad44-9e37eb2bfc47,dosage_per_grams_unit,ml,ml,ml,ml
3d61dc45-af40-4e28-9dcd-37bce11400c8,dosages,d8e283a8-4c3c-4503-a4e6-ed32d8dd5945,description,im,im,im,im
63023aa1-cf6d-4996-97f2-8045e1f7462f,dosages,d8e283a8-4c3c-4503-a4e6-ed32d8dd5945,dosage_per_grams_unit,ml,ml,ml,ml
b40d481e-3797-4e8b-a2d7-2433f1f55788,dosages,da54c316-9774-4daa-a4dc-85ab626b0ae3,dosage_per_grams_unit,ml,ml,ml,ml
3543b447-7b8e-5d2c-b3d7-d5e63cbf7662,dosages,da9a990a-f22e-4f7c-b52c-8a9aadd7c0d5,description,pendant 3 jours anticoccidien ; diluer a tout prix certains vont jusqu\\'à 31m/kg pdt 3 jrs chez la souris,for 3 days anticoccidial; dilute at all costs some go up to 31mg/kg for 3 days in mice,gedurende 3 dagen anticoccidiosum; ten koste van alles verdunnen sommigen gaan tot 31mg/kg gedurende 3 dagen bij muizen,für 3 Tage Antikokzidium; unbedingt verdünnen manche gehen bis zu 31mg/kg für 3 Tage bei Mäusen
fb496bcc-51c6-5068-bc8a-5e7e3acb2ee9,dosages,da9a990a-f22e-4f7c-b52c-8a9aadd7c0d5,dosage_per_grams_unit,ml,ml,ml,ml
f2e4cd07-4020-4bee-a484-745fa28ff42a,dosages,db3400f7-a5f3-46b8-ad25-b5e76944e623,description,sur la peau,on the skin,op de huid,auf die Haut
75d26103-b940-4357-95bb-eec78712c7a9,dosages,db3400f7-a5f3-46b8-ad25-b5e76944e623,dosage_per_grams_unit,ml,ml,ml,ml
78010938-a8e3-567a-a3d8-c1ca469390d2,dosages,db3993ea-8f1d-4ae2-a939-3385bc016c33,description," (jusqu\\'à 0,8ml) s/peau encolure, à endroit impossible à lécher ; répéter au - 1x  après7-10 jrs ; ",(up to 0.8ml) s/c on nape, in an area impossible to lick; repeat at least 1x after 7-10 days;,(tot 0
396b3287-29fd-5ae0-a164-16abc1b0ccfc,dosages,db3993ea-8f1d-4ae2-a939-3385bc016c33,dosage_per_grams_unit,ml,ml,ml,ml
121aae18-090a-5571-b2ca-f87e354928ef,dosages,dc5d608d-f5ac-42f2-b566-8ff54264bd00,description,"SC 1x par jour , durée : 2 jrs après fin des symptomes",SC 1x per day, duration: 2 days after symptoms end,SC 1x per dag
c85f502e-969e-581b-b1b5-8d6f408da63c,dosages,dc5d608d-f5ac-42f2-b566-8ff54264bd00,dosage_per_grams_unit,ml,ml,ml,ml
7dfb630c-905d-492b-9abe-25ca94e86074,dosages,dce343c5-159b-4b76-b06a-156f1412f0ef,dosage_per_grams_unit,Ml,Ml,Ml,Ml
97d59f3d-472b-47c9-bc68-4ceae9a788c9,dosages,dcf03511-2030-42de-a9c5-985749f64a86,dosage_per_grams_unit,Ml,Ml,Ml,Ml
f3e07aaf-49a1-54d2-a13a-d42f09efb824,dosages,dcfb44ec-cda9-40ce-aa88-593107f8e398,description,"12,5mg/kg 2x/jrs 7 jrs",12.5mg/kg 2x/day 7 days,12,5mg/kg 2x/dag 7 dagen
ee45f0cc-e5e3-53d6-bf84-622c589458db,dosages,dcfb44ec-cda9-40ce-aa88-593107f8e398,dosage_per_grams_unit,ml,ml,ml,ml
9f54c5c3-e9ec-4b49-a3e3-e62ed19eaa6f,dosages,dd4dacd4-7993-46cb-9ffd-6ed338761139,description,RL + GLUCO,RL + GLUCO,RL + GLUCO,RL + GLUCO
39ac742d-5a48-416c-86e4-ea65467f0136,dosages,dd4dacd4-7993-46cb-9ffd-6ed338761139,dosage_per_grams_unit,ml,ml,ml,ml
51cf42b5-d00b-5535-9bef-d8fc47285f5e,dosages,ddcc18af-49ce-4e0d-b738-8180d56dbfa2,description,"utiliser qd forme buccale impossible (animal anesthésié, par ex)",use when oral form impossible (e.g. anesthetized animal),gebruiken wanneer orale vorm onmogelijk (bv. verdoofd dier),anwenden wenn orale Form unmöglich (z.B. betäubtes Tier)
8efa86a4-4b71-536e-9981-53418b4b0a5e,dosages,ddcc18af-49ce-4e0d-b738-8180d56dbfa2,dosage_per_grams_unit,ml,ml,ml,ml
e8b474e4-0e9d-5807-9410-11d6a63a48d2,dosages,de996cfe-4251-40e2-87e3-faecbd7865ae,description, 1 x par jour pendant 5 jours affections respi (mullineaux),1x per day for 5 days respiratory issues (mullineaux),1x per dag gedurende 5 dagen luchtwegaandoeningen (mullineaux),1x täglich für 5 Tage Atemwegserkrankungen (Mullineaux)
fb6e9c8d-6b85-5f95-b12e-2c94314e99fc,dosages,de996cfe-4251-40e2-87e3-faecbd7865ae,dosage_per_grams_unit,comp,tab,tab,Tabl
dd840e0a-aa89-53c8-b144-551d1bdef353,dosages,df30eb0d-9ebb-414a-9663-afcaebf532ac,description,voie orale (..) 15\\' avant repas 2-3 prises/24 hrs,oral route (..) 15 mins before meals 2-3 doses/24 hrs,orale weg (..) 15 min voor maaltijd 2-3 doses/24u,orale Verabreichung (..) 15 min vor dem Futter 2-3 Gaben/24h
dcc9efcb-1dd0-5acd-b78d-3f1c72c98ed1,dosages,df30eb0d-9ebb-414a-9663-afcaebf532ac,dosage_per_grams_unit,ml,ml,ml,ml
94f902fe-963b-553f-9f29-1198552c91cc,dosages,df9ed921-4383-47cd-bfd4-de71af613cf3,description,activité renseignée contre crenosoma vulpis d\\'où à tenter ,activity reported against crenosoma vulpis, hence to try,activiteit gemeld tegen crenosoma vulpis
afbecc9e-c0a3-55c0-9477-005ff2852671,dosages,df9ed921-4383-47cd-bfd4-de71af613cf3,dosage_per_grams_unit,comp,tab,tab,Tabl
d41c3a40-9dff-500d-9eae-b0f02e451469,dosages,dfaf7878-1858-428c-b239-3cd4c7b466a2,description,antiparasitaire deposer sur peau de la nuque,antiparasitic: apply to the skin of the nape,antiparasitair: aanbrengen op de huid van de nek,Antiparasitikum: auf die Haut des Nackens auftragen
44a5f4d2-e4c4-55fd-aeae-72790558c18a,dosages,dfaf7878-1858-428c-b239-3cd4c7b466a2,dosage_per_grams_unit,ml,ml,ml,ml
712489ee-d32c-4283-9d3d-0b31e8f16ac8,dosages,e06231bc-135b-4ac2-9065-ddf5f3b0c118,description,Im 3 days,IM 3 days,IM 3 dagen,IM 3 Tage
407baf2e-c7cf-4007-a9f4-90c16b08f623,dosages,e06231bc-135b-4ac2-9065-ddf5f3b0c118,dosage_per_grams_unit,ml,ml,ml,ml
957c2553-4548-425a-896a-cac8cdab9ccb,dosages,e1048b03-0e29-4aae-abb5-5e8d38ad27f2,dosage_per_grams_unit,ml,ml,ml,ml
57fd01ef-0125-41b2-b8ca-5fbb884c9059,dosages,e1c1b14f-3cad-456c-ac38-bba50be7ada2,dosage_per_grams_unit,ml,ml,ml,ml
9043ddb3-75c0-40c7-b075-20817284f43e,dosages,e30399fd-1894-4fce-aab4-78aed2526664,description, 2xdays  5 to 7 - 10 jours,2x/day 5 to 7 - 10 days,2x/dag 5 tot 7 - 10 dagen,2x/Tag 5 bis 7 - 10 Tage
919b6143-d8a1-4e23-a3dd-5c5e486d8096,dosages,e30399fd-1894-4fce-aab4-78aed2526664,dosage_per_grams_unit,ml,ml,ml,ml
9c52c967-b1a2-5900-a299-988156387cb5,dosages,e39f6409-c01e-4578-9e0f-409b0c1167ac,dosage_per_grams_unit,ml,ml,ml,ml
1cc5ae76-8ea0-526d-976f-043d0e37fa63,dosages,e3ac196b-8480-47c0-8681-22c3bcf8c5e1,description,"choisir dilution en fct  du poids ; appliquer en \\""pour on\\"" dans zone impossible à lécher","choose dilution according to weight; apply as a ""pour-on"" in an area impossible to lick","verdunning kiezen op basis van gewicht; aanbrengen als ""pour-on"" op een plek die niet gelikt kan worden","Verdünnung nach Gewicht wählen; als ""Pour-on"" in einem Bereich auftragen"
e6e660f8-65a8-57ab-b874-6f006654b996,dosages,e3ac196b-8480-47c0-8681-22c3bcf8c5e1,dosage_per_grams_unit,ml,ml,ml,ml
609f8207-cfac-4bf9-9c39-0e0a3766be00,dosages,e4525b40-1926-43cf-88bb-39657fcdc94e,dosage_per_grams_unit,ml,ml,ml,ml
8a31f2c9-3d6d-46f4-a154-a5a9f151d3b0,dosages,e4a14837-9c11-4642-a787-6cedc5e7e745,dosage_per_grams_unit,ml,ml,ml,ml
44365b93-4661-5e7a-a75f-03b14b40c9d4,dosages,e4b89967-e12b-4a4d-8886-61d746a9f54d,description,ne pas hésiter à aller jusqu\\'à 1ml/kg ! et 3à4 prises par 24 hrs,do not hesitate to go up to 1ml/kg! and 3-4 doses per 24 hrs,niet aarzelen om tot 1ml/kg te gaan! en 3-4 doses per 24u,nicht zögern
7b9d8a52-7c73-51ec-9b58-43b4cebc9bc4,dosages,e4b89967-e12b-4a4d-8886-61d746a9f54d,dosage_per_grams_unit,ml,ml,ml,ml
3cd53611-9ccd-5d9f-a7ea-4adc3cb7e13e,dosages,e52e3bb6-619a-4c4b-aaec-7dea0e1ba4cc,description,"1 seule prise, à répéter si nécessaire. Mullineaux indique de 25 à 50mg/kg et Gould 100 ! ",Single dose, repeat if necessary. Mullineaux indicates 25 to 50mg/kg and Gould 100!,Enkele dosis
05d08973-9324-5af5-afde-1dfcc0a93826,dosages,e52e3bb6-619a-4c4b-aaec-7dea0e1ba4cc,dosage_per_grams_unit,ml,ml,ml,ml
55b8953d-90c4-53cf-ad8b-628281b89fcc,dosages,e5a1c62e-b598-4631-80cb-d75aedd7a644,description,1x/.jour pend 3 jrs mini ,1x/day for min. 3 days,1x/dag gedurende min. 3 dagen,1x/Tag für mind. 3 Tage
38ea0d6e-e002-5789-9c87-a79ecb4e4f57,dosages,e5a1c62e-b598-4631-80cb-d75aedd7a644,dosage_per_grams_unit,comp,tab,tab,Tabl
a452f759-7fbc-4dbe-8a8a-2b825304c8ec,dosages,e60cb857-f461-4a3e-95b1-63f6108c3f7c,description,repeter après 7 jours,repeat after 7 days,herhalen na 7 dagen,nach 7 Tagen wiederholen
b32a1d7f-09ac-4351-8aa8-b80826e51fee,dosages,e60cb857-f461-4a3e-95b1-63f6108c3f7c,dosage_per_grams_unit,ml,ml,ml,ml
c1a9b28e-72d5-435c-806f-eaaaca0eeb7d,dosages,e621509b-417e-46ba-a2d7-13e50d661348,dosage_per_grams_unit,ml,ml,ml,ml
b6d23757-1582-5ec2-8b4c-3118f3f69251,dosages,e62a497d-4423-423e-9c85-45ad7a7b6190,description,2 à 3 fois par jour pendant 7 jrs minimum,2 to 3 times per day for min. 7 days,2 tot 3 maal per dag gedurende min. 7 dagen,2 bis 3 mal täglich für mind. 7 Tage
6268e071-cc1d-5b70-86c3-6abd7b480226,dosages,e62a497d-4423-423e-9c85-45ad7a7b6190,dosage_per_grams_unit,ml,ml,ml,ml
fd45aae0-bca1-46ed-a8a2-536cff11e102,dosages,e68c07ff-3197-4878-96f4-881e3be44929,description,"utiliser qd forme buccale impossible (animal anesthésié, par ex)",use when oral form impossible (e.g. anesthetized animal),gebruiken wanneer orale vorm onmogelijk (bv. verdoofd dier),anwenden wenn orale Form unmöglich (z.B. betäubtes Tier)
56fd9d94-dc9f-4aa6-9c9e-1b60b6daf0cf,dosages,e68c07ff-3197-4878-96f4-881e3be44929,dosage_per_grams_unit,ml,ml,ml,ml
574a40ac-c01b-50c1-8a2b-f38edd02da59,dosages,e73e94ec-6954-4332-87a7-10d7a2ad851a,description,2 fois par jour 3-4 jrs ; vite toxique chez le furet,2 times per day 3-4 days; quickly toxic in ferrets,2 maal per dag 3-4 dagen; snel toxisch bij fretten,2-mal täglich 3-4 Tage; schnell toxisch bei Frettchen
415b688b-8d7e-5b6f-ac4a-77fd54f6efb4,dosages,e73e94ec-6954-4332-87a7-10d7a2ad851a,dosage_per_grams_unit,ml,ml,ml,ml
a53140e7-f5f4-4223-8048-79b50540d328,dosages,e79d8073-1124-4cf3-8d2f-d272baded838,dosage_per_grams_unit,mg,mg,mg,mg
29a8c01d-fe9c-5423-8218-0f2b84d41eb8,dosages,e8372ce5-6d84-4535-b958-ca32c6ae4662,description,toujours diluer ! 1 x/ jour pendant 3 jours ,always dilute! 1x / day for 3 days,altijd verdunnen! 1x / dag gedurende 3 dagen,immer verdünnen! 1x / Tag für 3 Tage
c3dbc49e-bf8a-5da9-9cfd-622bc2afe06f,dosages,e8372ce5-6d84-4535-b958-ca32c6ae4662,dosage_per_grams_unit,ml,ml,ml,ml
47aceec5-4f52-4755-b3ae-5dc4b2182627,dosages,e8a70c9a-2101-400f-a55d-a72f69056e33,description,inject / 24 ou 48h,inject every 24 or 48h,injecteren / 24 of 48u,Injektion / 24 oder 48h
d3661cad-4cd9-4dd6-ab08-14321be08e29,dosages,e8a70c9a-2101-400f-a55d-a72f69056e33,dosage_per_grams_unit,ml,ml,ml,ml
2e5f722a-581d-48e6-8825-25a79ce83302,dosages,e8b22081-120e-4cda-9ec5-5aa75d1f10cf,dosage_per_grams_unit,ml,ml,ml,ml
47db82be-5453-4a02-a9f6-ecc5a8ba9ed6,dosages,e8c1ad24-c80f-4927-b56c-9c9215e23a2c,dosage_per_grams_unit,Ml,Ml,Ml,Ml
cbd1dfb3-404c-4dfd-8f14-f3b45bfdb2ba,dosages,e97f6849-e97e-4bb4-8990-ea3fa4395307,description,"IM 3 à 5 jours, 2X / Jours ",IM 3 to 5 days, 2X / Day,IM 3 tot 5 dagen
ca364668-1d3a-44ae-a8df-ee879aeb4f37,dosages,e97f6849-e97e-4bb4-8990-ea3fa4395307,dosage_per_grams_unit,ml,ml,ml,ml
07a6882b-6fe7-5990-8aea-429102370e52,dosages,e9d67044-3d61-4589-8f04-a4ef6928f449,description,AINS. 1x/ 24 hr ; relais per os avec meloxicam voie orale les 2 jrs suivants quand absolument nécessaire,NSAID. 1x/24h; switch to oral meloxicam for the next 2 days if absolutely necessary,NSAID. 1x/24u; overstap naar oraal meloxicam de volgende 2 dagen indien absoluut noodzakelijk,NSAID. 1x/24h; Umstellung auf orales Meloxicam für die nächsten 2 Tage wenn unbedingt nötig
1919418d-2c49-5301-baaa-516fb24a2193,dosages,e9d67044-3d61-4589-8f04-a4ef6928f449,dosage_per_grams_unit,ml,ml,ml,ml
1dc86e36-daa0-4d22-ace4-bc0cd0fe5d97,dosages,e9e32b1d-a9ee-4181-ad94-b7cdd6e897bc,dosage_per_grams_unit,ml,ml,ml,ml
2a28b6df-38ef-57cb-a5bc-af22b9de4778,dosages,eb99072f-9500-4b3c-b664-b6cf282e82ab,description,.2 x  /jour  7jours minimum. Utiliser dès que administration buccale possible; dose très forte : c\\'est vérifié!,.2 x /day minimum 7 days. Use as soon as oral admin possible; very high dose: confirmed!,0.2 x /dag min. 7 dagen. Gebruik zodra orale toediening mogelijk is; zeer hoge dosis: bevestigd!,0.2 x /Tag mind. 7 Tage. Anwenden
0b309b68-e51b-5b68-9dc9-6ff09e64f084,dosages,eb99072f-9500-4b3c-b664-b6cf282e82ab,dosage_per_grams_unit,comprimé,tablet,tablet,Tablette
78ff03c5-ce42-5b93-8445-5c44b1bd625d,dosages,ec34f4be-f47a-468f-8fbe-ff54a1598e94,description,p. o. 2x/jr ; pdt 7 jrs ; je laisse dose au cas où injection impossible,p.o. 2x/day; for 7 days; I leave dose in case injection impossible,p.o. 2x/dag; gedurende 7 dagen; ik laat dosis staan voor het geval injectie onmogelijk,p.o. 2x/Tag; für 7 Tage; ich lasse Dosis für den Fall
d44d0cfa-ec6d-5228-9f21-024858d9acf5,dosages,ec34f4be-f47a-468f-8fbe-ff54a1598e94,dosage_per_grams_unit,ml,ml,ml,ml
ffcbe370-ee00-4247-82b7-3371d2d1b1c1,dosages,ec5d072e-adcd-43b9-81ad-5d3d07ba7420,description,"Posologie= 30 mg /kg /12 h (Si on ne donne qu'une fois alors il faut doubler cette dose), 5j de traitement.",Dosage= 30 mg/kg/12h (If given only once then double this dose), 5 days treatment.,Dosering= 30 mg/kg/12u (Indien maar één keer gegeven
86f8cb08-3a23-436d-bd0f-513916f9a582,dosages,ec5d072e-adcd-43b9-81ad-5d3d07ba7420,dosage_per_grams_unit,ml (IM),ml (IM),ml (IM),ml (IM)
acbd4df9-f92f-5dc7-94b5-6eb02a42093b,dosages,ec871d44-f2eb-46db-8fb2-d343241857c4,description,1 seule prise,Single dose,Enkele dosis,Einmalige Gabe
45df74af-2045-5d30-9fb1-6f6bdae4b42c,dosages,ec871d44-f2eb-46db-8fb2-d343241857c4,dosage_per_grams_unit,comprimé,tablet,tablet,Tablette
7a22a887-d5f7-5cef-828d-c413100855f4,dosages,ec8ab0da-6df3-499b-b8c4-a2f6a351fe6f,description,"en IM, 1x par jour jusqu\\'à disparition symptomes",IM, 1x per day until symptoms disappear,IM
67091a44-f37c-5861-b963-2a32916a494b,dosages,ec8ab0da-6df3-499b-b8c4-a2f6a351fe6f,dosage_per_grams_unit,ml,ml,ml,ml
d91aee9c-23bf-4d00-ac3e-3eeae232d1c3,dosages,ecdbd338-e7af-42a5-8fdb-d1579c2e1d0f,dosage_per_grams_unit,ml (IV),ml (IV),ml (IV),ml (IV)
7c249806-155d-5e92-8944-17483d59d94f,dosages,ed10b652-36bb-4881-beee-95db50c7f520,description,antiparasitaire deposer sur peau de la nuque,antiparasitic: apply to the skin of the nape,antiparasitair: aanbrengen op de huid van de nek,Antiparasitikum: auf die Haut des Nackens auftragen
33d33f9c-6728-5f8b-928f-35b43060dacf,dosages,ed10b652-36bb-4881-beee-95db50c7f520,dosage_per_grams_unit,ml,ml,ml,ml
ededa0eb-099e-504c-acf8-18ab65c6e3a2,dosages,eda201dd-0e94-4c25-af80-951a6bf0ed0f,description,1x/j S.C. 7 jrs maximum ; donner probiotiques ; mais éviter voie orale; éviter autes cephalosporines,1x/day S.C. max 7 days; give probiotics; but avoid oral route; avoid other cephalosporins,1x/dag S.C. max 7 dagen; probiotica geven; maar orale weg vermijden; andere cefalosporines vermijden,1x/Tag S.C. max. 7 Tage; Probiotika geben; aber orale Verabreichung vermeiden; andere Cephalosporine vermeiden
086ab27b-c27a-5776-bb3b-b965af26eac9,dosages,eda201dd-0e94-4c25-af80-951a6bf0ed0f,dosage_per_grams_unit,ml,ml,ml,ml
56382e03-8ea0-4ee7-b649-8ad73ce9426e,dosages,ede02a7f-5ab6-4b82-ba5f-8c5212cc325d,dosage_per_grams_unit,ml,ml,ml,ml
47391651-ae13-4f0d-bbb7-f9acc03e64b5,dosages,ee878249-f75a-4195-a8a0-065a5b089fab,description,im,im,im,im
1223be59-297c-4134-a814-d92c69e77e86,dosages,ee878249-f75a-4195-a8a0-065a5b089fab,dosage_per_grams_unit,ml,ml,ml,ml
af7c9c7a-8a95-5ac1-a84e-8c9c8753c762,dosages,eef5cdf0-ce47-4cde-8e4d-aa863296c639,dosage_per_grams_unit,ml,ml,ml,ml
e7183acd-70cb-5eb3-ab84-f9971f6a4ff6,dosages,ef1ba1b3-f7ca-43e5-a10a-c050f3e92808,description,1 x par jour pdt 7 jrs,1x per day for 7 days,1x per dag gedurende 7 dagen,1x täglich für 7 Tage
3ad03c26-fc02-51e7-ac2e-ba82d08b3b37,dosages,ef1ba1b3-f7ca-43e5-a10a-c050f3e92808,dosage_per_grams_unit,comp,tab,tab,Tabl
003b1615-7540-4f95-a3c9-871853d16df8,dosages,ef59c3d1-7667-4801-97d3-168c2c322fa3,description,"diluate, im",dilute, im,verdunnen
2ee41177-95dc-4808-b8e6-b311164bb8ff,dosages,ef59c3d1-7667-4801-97d3-168c2c322fa3,dosage_per_grams_unit,ml,ml,ml,ml
a946a879-92c5-47d1-a7d7-98f75668cf61,dosages,eff05888-68bb-4278-944b-6a38c2e8b04f,description,3 jours,3 days,3 dagen,3 Tage
4a001b3d-fc3a-4d4f-ae3a-7a3c3e4eeb7a,dosages,eff05888-68bb-4278-944b-6a38c2e8b04f,dosage_per_grams_unit,gr,g,g,g
51d98eb5-302f-46b9-9683-613ec127183b,dosages,f00fdd51-7594-4c42-b57a-be7d54f2d5c2,dosage_per_grams_unit,ml,ml,ml,ml
181daffa-6257-5eda-8785-ad7284a43db8,dosages,f0820525-15b0-4a31-9845-f0292ed25cc9,description,diluer !!1 seule prise ,dilute!! Single dose,verdunnen!! Enkele dosis,verdünnen!! Einmalige Gabe
84066832-4f5a-5db7-abe2-e71d213d4b8d,dosages,f0820525-15b0-4a31-9845-f0292ed25cc9,dosage_per_grams_unit,ml,ml,ml,ml
ec439674-bf55-5047-bb49-b14e43194c37,dosages,f0882f4d-0b20-490c-9097-2e999f0092e4,description,"= dose renseignée ; 2 à 3 fois par jour, +- 15\\' avant repas",= reported dose; 2 to 3 times per day, +- 15 mins before meals,= gemelde dosis; 2 tot 3 maal per dag
f38bdf1d-28dd-577e-b595-b54fad3eca83,dosages,f0882f4d-0b20-490c-9097-2e999f0092e4,dosage_per_grams_unit,ml,ml,ml,ml
098db822-5b97-48b2-bf39-4a649d404128,dosages,f12d4c02-2f5c-4dae-905b-40e23f3f24a3,description,"vermifuge interne, po dans l'eau de boisson, po dans la bouche",internal dewormer, po in drinking water, po in the mouth
bcc0ad66-465d-4ad3-af5b-2c0d93d4e287,dosages,f12d4c02-2f5c-4dae-905b-40e23f3f24a3,dosage_per_grams_unit,ml,ml,ml,ml
46edaa3f-aeb5-45b8-b49c-a745fc01da44,dosages,f12e017e-8087-44a4-96b9-d39c08b00bfe,description,Oral,Oral,Oraal,Oral
d01d36bc-9674-43a1-85f7-c25b7aafc68f,dosages,f12e017e-8087-44a4-96b9-d39c08b00bfe,dosage_per_grams_unit,ml,ml,ml,ml
3aad9e3a-b0ba-4b50-8423-273c820bf8dd,dosages,f16f8d47-2abc-490a-bd76-27b8417f816a,dosage_per_grams_unit,Ml,Ml,Ml,Ml
2a8267dd-7b25-57d9-88d8-065b1fc101f0,dosages,f1a5ef66-7ee7-4f3b-b87d-27b6c36c99ba,description,2 x/jour ; durée : 10 jours //ceci = dose ostéomyélite qui est double de la normale (des animaux domestiques)  chat : dose minimum Attention ! Interdit lagomorphes et rongeurs !,2x/day; duration: 10 days //this = osteomyelitis dose which is double the normal (for domestic animals) cat: minimum dose Caution! Forbidden for lagomorphs and rodents!,2x/dag; duur: 10 dagen //dit = osteomyelitis dosis die het dubbele is van de normale (voor huisdieren) kat: minimum dosis Let op! Verboden voor lagomorfen en knaagdieren!,2x/Tag; Dauer: 10 Tage //dies = Osteomyelitis-Dosis
658412c2-32a1-5b67-bfcd-34d1fcf5e2cf,dosages,f1a5ef66-7ee7-4f3b-b87d-27b6c36c99ba,dosage_per_grams_unit,gelule,capsule,capsule,Kapsel
370ca38b-2da8-54c6-b930-89c4c5fafa60,dosages,f1f9f311-5f3c-47e8-b81e-fe743e939a76,description,1 sachet par demi litre d\\'eau de boisson pdt 10-14 jours,1 sachet per half liter drinking water for 10-14 days,1 zakje per halve liter drinkwater gedurende 10-14 dagen,1 Beutel pro halben Liter Trinkwasser für 10-14 Tage
01c4550e-334a-5fdf-85db-af6b0dbfc053,dosages,f2622846-309d-4e19-992c-178cd7a69808,description,1x par jour quelle que soit la voie ; 7 jrs,1x per day whatever the route; 7 days,1x per dag ongeacht de route; 7 dagen,1x täglich unabhängig von der Route; 7 Tage
401065a3-104c-508e-81e1-11ea08920030,dosages,f2622846-309d-4e19-992c-178cd7a69808,dosage_per_grams_unit,ml,ml,ml,ml
3ecf516e-3860-5b8b-844b-40239d25b70d,dosages,f26804e5-167f-42e8-8882-ca61a163d758,description,2x /jr pdt 7 jrs minimum,2x/day for min. 7 days,2x/dag gedurende min. 7 dagen,2x/Tag für mind. 7 Tage
eeb80d21-d4a6-5588-9a39-304c989081ca,dosages,f26804e5-167f-42e8-8882-ca61a163d758,dosage_per_grams_unit,comp,tab,tab,Tabl
a65d9e7a-7289-4834-a089-492578aab678,dosages,f2b18a66-4e51-49a3-8d37-7a5aed57a0e8,description,1 à 3 jours dans l'eau de boisson,1 to 3 days in drinking water,1 tot 3 dagen in drinkwater,1 bis 3 Tage im Trinkwasser
34765c17-847e-436f-bfe3-20c4d801bc93,dosages,f2b18a66-4e51-49a3-8d37-7a5aed57a0e8,dosage_per_grams_unit,ml,ml,ml,ml
54a12a66-d4de-5a0a-906f-36f699d9c7d4,dosages,f2f6a82f-3e80-42a0-87ff-5592abef9d43,description,per os 2x/j ;  7 jrs 22 heterotherme ! maintenir au chaud pdt tte durée du R/,per os 2x/day; 7 days 22 heterotherm! keep warm for entire duration of treatment,per os 2x/dag; 7 dagen 22 heterotherm! warm houden gedurende gehele behandelingsduur,per os 2x/Tag; 7 Tage 22 heterotherm! für gesamte Behandlungsdauer warm halten
63be6493-126a-5d8c-b135-f8369d009856,dosages,f2f6a82f-3e80-42a0-87ff-5592abef9d43,dosage_per_grams_unit,ml,ml,ml,ml
6a7a038d-8503-58ff-90cd-fd518c7c6dc7,dosages,f306010d-9397-4137-b112-f1aa4804a3de,description,"2 à 3 fois par jour, +- 15-20 \\' avant repas",2 to 3 times per day, +- 15-20 mins before meals,2 tot 3 maal per dag
e377d24b-3fe7-52aa-bc58-059d91a0e449,dosages,f306010d-9397-4137-b112-f1aa4804a3de,dosage_per_grams_unit,ml,ml,ml,ml
e752c069-d8e4-547b-9611-583c9ecd5ca7,dosages,f345bbd1-ed90-4579-9fa7-b291be275835,description,si per os 2x/jr ; pdt 7 jrs,if per os 2x/day; for 7 days,indien per os 2x/dag; gedurende 7 dagen,wenn per os 2x/Tag; für 7 Tage
e49129ff-8484-501c-b753-d73e48196d11,dosages,f345bbd1-ed90-4579-9fa7-b291be275835,dosage_per_grams_unit,ml,ml,ml,ml
0536dbc9-778f-59b1-b127-82134a99bece,dosages,f373cc3e-8ba0-4dd8-ab74-c36daac1ade8,description,cortico one shot ; veiller à bonne hydratation !,cortico one shot; ensure good hydration!,cortico one shot; zorg voor goede hydratatie!,Kortikoid Einmalgabe; auf gute Hydratation achten!
43a8f246-4280-52a2-90d0-3da550f6d048,dosages,f373cc3e-8ba0-4dd8-ab74-c36daac1ade8,dosage_per_grams_unit,ml,ml,ml,ml
f6e047ed-5618-48a0-bac3-dedd35c87dfc,dosages,f4729e12-cc0c-448a-91ca-34622a78a284,description,"Pour les anesthésie (0,04 et 0,06)",For anesthesia (0.04 and 0.06),Voor anesthesie (0,04 en 0
bcbd274b-efc8-4a97-9ff6-7e3f0f2f48cd,dosages,f4729e12-cc0c-448a-91ca-34622a78a284,dosage_per_grams_unit,ml (IM),ml (IM),ml (IM),ml (IM)
8f35701f-c0b0-5aaf-99b8-d547b65fa02a,dosages,f4dd14e0-a09a-44ee-b7e8-5227a8f9bb0f,description,"2 fois !! par jour pendant 7 jrs := enorme, mais plein d\\'auteurs d\\'accord !",2 times!! per day for 7 days := huge, but many authors agree!,2 maal!! per dag gedurende 7 dagen := enorm
fff316e4-58a8-5651-bf2c-003faadf8f56,dosages,f4dd14e0-a09a-44ee-b7e8-5227a8f9bb0f,dosage_per_grams_unit,ml,ml,ml,ml
0a524199-37cb-47d1-b7fb-564b667179e4,dosages,f539923b-b15e-4545-8061-5023e6a68850,dosage_per_grams_unit,ml (IV),ml (IV),ml (IV),ml (IV)
e2686e64-ed4e-5474-b89e-b215a6e9c0a6,dosages,f5449a8a-b582-42f4-b9e6-d79da36b53ec,description,2 fois par jour pendant 7 jrs minimum,2 times per day for min. 7 days,2 maal per dag gedurende min. 7 dagen,2-mal täglich für mind. 7 Tage
5eeef8c3-74f8-5a79-ab8e-86b28af69520,dosages,f5449a8a-b582-42f4-b9e6-d79da36b53ec,dosage_per_grams_unit,ml,ml,ml,ml
eff25105-c647-44b4-80ca-5fa30b6b1090,dosages,f6a069ea-e5e1-4634-b1e3-a474d23223b6,description,SC,SC,SC,SC
e959d75c-313c-4743-8152-92470d7d18ff,dosages,f6a069ea-e5e1-4634-b1e3-a474d23223b6,dosage_per_grams_unit,ml,ml,ml,ml
25fabef8-c96a-5a34-85af-7a7f447a2d29,dosages,f77b7357-a416-4d5b-a1ae-89d953e0fc3a,description,"2 fois par jour si possible avec aliment, 3 jours",2 times per day with food if possible, 3 days,2 maal per dag met voer indien mogelijk
c38dc2c4-e4d4-5dec-b3f5-b216052fedda,dosages,f77b7357-a416-4d5b-a1ae-89d953e0fc3a,dosage_per_grams_unit,ml,ml,ml,ml
62a79ebf-a761-420b-bc2b-dcb360161806,dosages,f7dab62e-33c6-4a5f-820f-2d253933ac95,description,sur la peau,on the skin,op de huid,auf die Haut
79916095-d154-4b4c-bf61-e9af3d87dbe3,dosages,f7dab62e-33c6-4a5f-820f-2d253933ac95,dosage_per_grams_unit,ml,ml,ml,ml
1830d6f1-ad79-5312-baa4-a149d35bd9b7,dosages,f84f4bfe-f002-40b0-9a8f-7110a7d035c2,description,"antiparasitaire contre puces, tiques, nematodes intestinaux + dirofilaria ; 1x par mois déposer sur la peau de la nuque",antiparasitic against fleas, ticks, intestinal nematodes + dirofilaria; 1x per month apply to the skin of the nape
493ef5c0-c741-5d40-9190-481cadb8e30e,dosages,f84f4bfe-f002-40b0-9a8f-7110a7d035c2,dosage_per_grams_unit,ml,ml,ml,ml
bbde75b2-9dd8-5f86-bda8-f5e633e702b9,dosages,f8a73703-f04d-4bb8-9f19-ff3829d0d4f3,description,"3 x/ jour, 15 \\' avant repas",3 x / day, 15 mins before meals,3 x / dag
0d18518b-7497-5489-8bcd-82f4cd6516a0,dosages,f8a73703-f04d-4bb8-9f19-ff3829d0d4f3,dosage_per_grams_unit,ml,ml,ml,ml
74b88b97-c90c-57ff-8936-da30e27ac5ce,dosages,f905c560-5fec-4cb2-80cd-dde9afa28197,description,"peut-être 0,2...chez le...Lynx prendre relais avec K1 labo TVM",maybe 0.2... for ...Lynx switch to K1 from TVM lab,misschien 0,2... bij ...Lynx overstappen op K1 van TVM lab
9e4a3f08-49ec-5501-a9be-7f7d0f44c0df,dosages,f905c560-5fec-4cb2-80cd-dde9afa28197,dosage_per_grams_unit,ml,ml,ml,ml
a3efe729-bf27-5b20-b405-6ba9eeffff4c,dosages,f9ce50a0-6bf7-4903-85be-85cde044f600,description,"2 à 3 fois par jour, 15-20\\' avant repas",2 to 3 times per day, 15-20 mins before meals,2 tot 3 maal per dag
24c3ecb8-829e-560c-b360-1643e01dc678,dosages,f9ce50a0-6bf7-4903-85be-85cde044f600,dosage_per_grams_unit,ml,ml,ml,ml
d55ac8bf-471d-5db1-9412-d4896a9ce8a4,dosages,fa293039-466b-40a0-beb7-228b79cb2d07,description,1x par semaine,1x per week,1x per week,1x pro Woche
982defd9-1a96-59fd-ae39-b5dff112da75,dosages,fa293039-466b-40a0-beb7-228b79cb2d07,dosage_per_grams_unit,ml,ml,ml,ml
30b9c26c-bf86-58c5-984a-41922a34b3fe,dosages,fa3cfc2d-c663-439c-adaf-283e2e4a5f2a,description,(soit 1ml pour 6kgs) ; éventuellement répéter après 6à12 hrs,(i.e. 1ml per 6kgs); possibly repeat after 6-12 hrs,(d.w.z. 1ml per 6kg); eventueel herhalen na 6-12 uur,(d.h. 1ml pro 6kg); ggf. nach 6-12 Std. wiederholen
d5496441-2d81-5b0f-ad12-a7d8b909a1b7,dosages,fa3cfc2d-c663-439c-adaf-283e2e4a5f2a,dosage_per_grams_unit,ml,ml,ml,ml
1a68e407-2386-5453-80b8-78a2de1f8463,dosages,fa70301a-dc96-4b5e-91e0-e7d257f2c17e,description,20\\' avant repas;  si nécessaire : 3 prises par 24 hrs,20 mins before meals; if necessary: 3 doses per 24 hrs,20 min voor maaltijd; indien nodig: 3 doses per 24u,20 min vor dem Futter; falls nötig: 3 Gaben pro 24h
0f48ac2f-cc12-5e2c-8365-f78247648dcc,dosages,fa70301a-dc96-4b5e-91e0-e7d257f2c17e,dosage_per_grams_unit,ml,ml,ml,ml
5b965f77-395e-5c67-9b7e-42167b464f13,dosages,fa7d840f-9ad7-4242-ab10-fb6b1eaebee1,description,antiparasitaire deposer sur peau de la nuque ; cad 1 goutte pour 1 canari,antiparasitic apply to skin of nape; i.e. 1 drop per canary,antiparasitair aanbrengen op huid van nek; d.w.z. 1 druppel per kanarie,Antiparasitikum auf die Nackenhaut auftragen; d.h. 1 Tropfen pro Kanarienvogel
97302d9e-53c2-5206-a360-196904aafcf6,dosages,fa7d840f-9ad7-4242-ab10-fb6b1eaebee1,dosage_per_grams_unit,ml,ml,ml,ml
7a8e7ee9-bd48-5325-b18d-42da80adf797,dosages,fbddd45a-c202-4e4b-9b61-313cc51f162e,description,"déposer sur encolure, endroit impossible à lécher ; certains vont jusqu\\'à 0,4ml/kg ; renouveler après 7-10jrs",apply to the nape, an area impossible to lick; some go up to 0.4ml/kg; repeat after 7-10 days,aanbrengen op de nek
72101e54-1a5e-56c1-b194-9cc582297f2f,dosages,fbddd45a-c202-4e4b-9b61-313cc51f162e,dosage_per_grams_unit,ml,ml,ml,ml
affc4bcc-4b06-4227-9881-79253611aeb9,dosages,fbdff064-fd98-4cbe-91e9-43d657d52eee,dosage_per_grams_unit,ml,ml,ml,ml
76b0477e-eb36-5a20-b2ba-e5f4376fd928,dosages,fbfba2f4-09ab-4392-8700-fe1fbf933bdb,description,"2 x / jour ; si possible avec aliment, 3 jours",2x / day; with food if possible, 3 days,2x / dag; met voer indien mogelijk
99be09fa-ef9b-5c4c-919d-a1a0d588b28c,dosages,fbfba2f4-09ab-4392-8700-fe1fbf933bdb,dosage_per_grams_unit,ml,ml,ml,ml
5c265226-ae40-559f-9e47-7b35b344f8e4,dosages,fc9be5a2-aeb7-419f-9745-95d1b0a59078,description,2 gelules 2 fois par jour (utilisé pour ostéomyélites),2 capsules 2 times per day (used for osteomyelitis),2 capsules 2 maal per dag (gebruikt voor osteomyelitis),2 Kapseln 2-mal täglich (bei Osteomyelitis)
79b63717-b698-5fe9-9ca9-109f2b8c29e8,dosages,fc9be5a2-aeb7-419f-9745-95d1b0a59078,dosage_per_grams_unit,gelules,capsules,capsules,Kapseln
fb8b594b-b347-54a2-b05f-fc9ff6731089,dosages,fd87d823-da6a-4c22-a4d4-eec1174a807e,description, Trichomonias. 1x/jour pdt  5 jours (mullineaux), Trichomoniasis. 1x/day for 5 days (mullineaux), Trichomoniasis. 1x/dag gedurende 5 dagen (mullineaux), Trichomoniasis. 1x/Tag für 5 Tage (Mullineaux)
42ba12ef-7335-5c40-8df8-676463be110a,dosages,fd87d823-da6a-4c22-a4d4-eec1174a807e,dosage_per_grams_unit,ml,ml,ml,ml
b677f88b-9f21-4575-96ea-bc5202055eda,dosages,fddc458c-e921-4d80-a367-806a84f9c52a,dosage_per_grams_unit,ml (IV),ml (IV),ml (IV),ml (IV)
dcce0110-b183-5b59-a937-843e4d99d9b6,dosages,fea00ed6-79fc-407b-bc68-fd33275f3081,description,2 fois par jour pendant 7 jrs minimum,2 times per day for min. 7 days,2 maal per dag gedurende min. 7 dagen,2-mal täglich für mind. 7 Tage
ba6877a9-106c-580e-b7de-78ba8a7c938c,dosages,fea00ed6-79fc-407b-bc68-fd33275f3081,dosage_per_grams_unit,ml,ml,ml,ml
333efb5b-8f85-449e-94f1-84b68ff7d77c,dosages,febfeb43-4782-4065-933d-70f6f1789ec6,description,IM,IM,IM,IM
bff21937-4138-4e2b-b30a-b172f4739e54,dosages,febfeb43-4782-4065-933d-70f6f1789ec6,dosage_per_grams_unit,ml,ml,ml,ml
8e8def1d-35dd-5843-b36a-0d08394748d1,dosages,fee7e431-80f4-4421-a416-9eb616a2d1c0,description,???,???,???,???
83db14e3-42e5-55f5-bad0-4ddf4e8018ce,dosages,feeeedb0-6803-4d15-8223-3ccbc6d8efe0,description,"ceci est la dose maximum chez chien ; :de 0,1à 0,4 ml par kg",this is the maximum dose in dogs; from 0.1 to 0.4 ml per kg,dit is de maximum dosis bij honden; van 0,1 tot 0
a8ae199c-4998-5246-9d83-878866e45d3f,dosages,feeeedb0-6803-4d15-8223-3ccbc6d8efe0,dosage_per_grams_unit,ml,ml,ml,ml
7de0d63d-6a95-533d-8b2e-b72da5c996e5,drugs,04163651-a05a-43d0-9212-29d998e81aa9,description,"antiparasitaire pour chats, hérisson, mustélidés, éventuellement renard (mais formule légèrement  différente du produit pour chiens)lagomorphes hors AMM, mais ok",antiparasitic for cats, hedgehogs, mustelids
4b2c5f36-273c-594f-9860-7f9b6e0d3316,drugs,04163651-a05a-43d0-9212-29d998e81aa9,name,Advocate chat ,Advocate cat,Advocate kat,Advocate Katze
71b6858d-432a-4900-9849-47409db374da,drugs,0cace7b5-a185-42ee-9791-06784dd74ec4,description,(antibiotique) Im 5 days,(antibiotic) IM 5 days,(antibioticum) IM 5 dagen,(Antibiotikum) IM 5 Tage
939bd363-46e4-4378-82f3-a8a16d0fde29,drugs,0cace7b5-a185-42ee-9791-06784dd74ec4,name,Peni-Kel 300  (IM),Peni-Kel 300 (IM),Peni-Kel 300 (IM),Peni-Kel 300 (IM)
f2380d2d-1aa1-563c-b14c-670db4dc47f1,drugs,0cc9293b-f269-40ea-b8dd-a82d1b526f55,description,moxidectine 10mg + imidaclopride 40mg ; antiparasitaire systémique pour canidés ; spectre étendu mais pas d\\'activité contre les tiques .,moxidectin 10mg + imidacloprid 40mg; systemic antiparasitic for canids; broad spectrum but no activity against ticks.,moxidectine 10mg + imidaclopride 40mg; systemisch antiparasitair voor hondachtigen; breed spectrum maar geen activiteit tegen teken.,Moxidectin 10mg + Imidacloprid 40mg; systemisches Antiparasitikum für Hundeartige; breites Spektrum aber keine Aktivität gegen Zecken.
d615745a-7bd2-55c0-8367-717ee984446e,drugs,0cc9293b-f269-40ea-b8dd-a82d1b526f55,name,Advocate petit chien ,Advocate small dog,Advocate kleine hond,Advocate kleiner Hund
c4ecbb09-172a-421e-8e63-52350ab06ac0,drugs,0de1d67a-0773-41db-b87d-7843d6be77be,description,(antibiotique),(antibiotic),(antibioticum),(Antibiotikum)
46e174f1-ab53-4fbe-a342-4ab692a0690e,drugs,0de1d67a-0773-41db-b87d-7843d6be77be,name,Linco-Spectin  (IM),Linco-Spectin (IM),Linco-Spectin (IM),Linco-Spectin (IM)
81d769be-186b-513b-8b60-9b996bdec4a9,drugs,10b20991-5ef9-4a05-b480-b508b25bb13c,description,"vermifuge (nématodes + cestodes) 50mg praziquantel + 500mg fenbendazole par comprimé. attention, si on souhaite efficacité contre echinocoques, faut donner 3 jours  CN, CT : 0,5mg praziquantel et 50mg fenbendaz par kg",dewormer (nematodes + cestodes) 50mg praziquantel + 500mg fenbendazole per tablet. caution, if efficacy against echinococcus is desired, give 3 days. CN
795f82f4-c31c-511b-91b7-83b3bfbf872f,drugs,10b20991-5ef9-4a05-b480-b508b25bb13c,name,parazan,parazan,parazan,Parazan
0666e52e-9742-4fc2-be43-04554e083b7f,drugs,11479822-a868-40c9-a7c2-74b9be8fc39a,description,"(antibiotique) de 3 à 5 jours, en SC",(antibiotic) 3 to 5 days, SC,(antibioticum) 3 tot 5 dagen
f1a1a7a3-f458-4f6b-bfe0-75480db852c4,drugs,11479822-a868-40c9-a7c2-74b9be8fc39a,name,Baytril 50mg/ml INJ  (IM),Baytril 50mg/ml INJ (IM),Baytril 50mg/ml INJ (IM),Baytril 50mg/ml INJ (IM)
095e695c-08ba-45bb-972b-221ad255e74e,drugs,11a00f6f-df6b-48f0-b1f4-ddd6620bf0b8,description,(vermifuge) sc,(dewormer) SC,(ontwormer) SC,(Entwurmungsmittel) SC
a70e17cf-1435-4bfc-9b1e-d65416514466,drugs,11a00f6f-df6b-48f0-b1f4-ddd6620bf0b8,name,Ivomec 1%  (SC),Ivomec 1% (SC),Ivomec 1% (SC),Ivomec 1% (SC)
4417e636-cb29-5ac3-b39f-8669c3391829,drugs,15e8df67-0a7d-4daf-b1ab-a1ce8abe5226,description,"complexe injectable de vitamines B (seules !)  par ml : B1 : 10mg ; B2 : 5,4mg ; B3 : 25mg ; (nicotinamide) B5 (dexpanthenol): 5mg ; B6 : 4mg ; B12 : 10Mcg .... dose renseignée par Antoine : 0,1 à 0,3 ml par kg une fois par semaine",injectable B-vitamin complex (only!) per ml: B1: 10mg; B2: 5.4mg; B3: 25mg; (nicotinamide) B5 (dexpanthenol): 5mg; B6: 4mg; B12: 10Mcg.... dose provided by Antoine: 0.1 to 0.3 ml per kg once a week,injecteerbaar B-vitamine complex (alleen!) per ml: B1: 10mg; B2: 5,4mg; B3: 25mg; (nicotinamide) B5 (dexpanthenol): 5mg; B6: 4mg; B12: 10Mcg.... dosis verstrekt door Antoine: 0
29331609-ef1a-5271-947f-86cd2e1f60f1,drugs,15e8df67-0a7d-4daf-b1ab-a1ce8abe5226,name,vitamine B complex kela,vitamin B complex kela,vitamine B complex kela,Vitamin B Komplex Kela
eecc0715-4802-4bfa-a7a2-c1be6dd09edd,drugs,179b407d-0fef-4dc9-a68e-4e7077882498,description,(Anti-inflamatoire),(Anti-inflammatory),(Ontstekingsremmer),(Entzündungshemmer)
fc9dfd3a-f664-426a-ab45-123515800070,drugs,179b407d-0fef-4dc9-a68e-4e7077882498,name,Dexafort  (IM),Dexafort (IM),Dexafort (IM),Dexafort (IM)
b745e9d1-4a38-52a9-bec9-9fde43019c27,drugs,18e5a240-b191-4784-b1b6-45fe3a4efad1,description,"sulfadiazine 200mg + trimetoprim 40mg /ml ;  anticoccidien(-statique) ...à utiliser quand baycox impossible chez Hérisson ; dose théorique : 30mg/kg ; vu produit \\""huileux\\"" (difficulté pour diluer) et difficulté à mesurer si petites quantités, je passe à dose de +- 48mg /kg 1x/j pdt 5 jrs : Hérisson ; attention toxicité rénale","sulfadiazine 200mg + trimethoprim 40mg/ml; anticoccidial(-static)...to use when baycox impossible in Hedgehog; theoretical dose: 30mg/kg; given the product is ""oily"" (difficult to dilute) and difficulty measuring small quantities", I use a dose of approx 48mg/kg 1x/day for 5 days: Hedgehog; caution renal toxicity,"sulfadiazine 200mg + trimetoprim 40mg/ml; anticoccidiosum(-statisch)...te gebruiken wanneer baycox onmogelijk bij Egel; theoretische dosis: 30mg/kg; gezien product ""olieachtig"" (moeilijk te verdunnen) en moeilijk te meten kleine hoeveelheden"
37e6cc2c-4135-5d9c-93d5-73a0064eaa08,drugs,18e5a240-b191-4784-b1b6-45fe3a4efad1,name,Diatrim 200+40 injectable ,Diatrim 200+40 injectable,Diatrim 200+40 injectable,Diatrim 200+40 injizierbar
6613a6fc-6bd2-40fe-b3dd-dba6cba87993,drugs,194bbd68-5e86-49bd-a961-8212c2b0d2fb,name,Panacur Poudre 4%,Panacur Powder 4%,Panacur Poeder 4%,Panacur Pulver 4%
d6707b7f-ba09-5678-b5c1-320eab2d39f3,drugs,1ab61f7c-a1e6-441a-b460-c08f55da11d6,description,"vit K 1,  phytoménadione solution injectable !!  dose = 1à5mg/kg : + les animaux sont petits + dose est forte; je choisis dose maxi =  0,5 ml par kg (= dose maxi...si par hasard on devait soigner lynx ou loup : taper s/ 0,2ml/kg) ; activé uniquement pour carnivores, les intoxications n\\'étant jamais accidentelles ; vu rémanence des nouveaux produits et doses nécessaires, il est impératif de prendre relais avec vitamine K1 française (50mg/comp labo TVM) en comprimés ",vit K1, phytomenadione injectable solution!! dose = 1 to 5mg/kg: the smaller the animal the higher the dose; I choose max dose = 0.5 ml per kg (= max dose...if by chance we had to treat lynx or wolf: aim for 0.2ml/kg); active only for carnivores, intoxications never being accidental; given the remanence of new products and the necessary doses
ea5c3402-3b27-561a-827d-96538b3735a4,drugs,1ab61f7c-a1e6-441a-b460-c08f55da11d6,name,Konakion 10 mg/ml,Konakion 10 mg/ml,Konakion 10 mg/ml,Konakion 10 mg/ml
2cbf0080-f618-530e-a798-96c5ed337e5b,drugs,1abb9e01-0c4a-484e-9c95-53e8b07791e4,description,"corticoïde à utiliser avant le quadrosol chez Hérisson et qd VT le prescrit : Herisson, canidés, felides, et pigeon(dose enorme renseignée mullineaux ! que pour pigeons !  )",corticoid to use before quadrosol in Hedgehog and when VT prescribes it: Hedgehog, canids, felids
eaf3bd5a-ba69-5fe4-bd4e-5ad7ab4f73e4,drugs,1abb9e01-0c4a-484e-9c95-53e8b07791e4,name,Rapidexon solution dexamethasone 2mg/ml,Rapidexon dexamethasone solution 2mg/ml,Rapidexon dexamethason oplossing 2mg/ml,Rapidexon Dexamethason Lösung 2mg/ml
19283f6c-03e0-522f-ad8f-6e6a523d9511,drugs,1ad71218-3a66-4ef0-8bb9-b2716fb59ae9,description,"Antibiotique ROUGE!!  ; cephalosporine de seconde génération,  actif contre gams + et certains gram-, pas actif contre pseudomonas attention ! NE PAS UTILISER CHEZ RONGEURS ! eviter chez LAGOMORPHES par voie orale en tous cas. ",RED Antibiotic!!; second-generation cephalosporin, active against gram+ and some gram-, not active against pseudomonas caution! DO NOT USE IN RODENTS! avoid in LAGOMORPHS orally in any case.
545dae3d-02d7-5e49-8c06-ed9f70fcd8c4,drugs,1ad71218-3a66-4ef0-8bb9-b2716fb59ae9,name,Excenel flow 50mg/ml,Excenel flow 50mg/ml,Excenel flow 50mg/ml,Excenel flow 50mg/ml
296d59f2-3e2a-583e-bd3e-aa7adb16e10a,drugs,1d80341a-4873-48b9-b9fa-f975d4999001,description,toltrazuril 25mg/ml solution orale toujours le diluer !!!!,toltrazuril 25mg/ml oral solution always dilute it!!!,toltrazuril 25mg/ml orale oplossing altijd verdunnen!!!,Toltrazuril 25mg/ml orale Lösung immer verdünnen!!!
f42a15a6-49cf-576d-aa65-c6f46560f3fb,drugs,1d80341a-4873-48b9-b9fa-f975d4999001,name,"Baycox solution orale 2,5 %",Baycox oral solution 2.5%,Baycox orale oplossing 2,5%
4a6a9148-8664-5527-b7f2-6efc5d0a8577,drugs,21f90971-38e4-49b3-9032-fb901744d41c,description,"B6 et 12 pour soutien en période de mue ;  les doses renseignées sont \\"" 1 goutte pour un oiseau <15 g et 2 gouttes si compris entre 15 et 45 g ; on considère qu\\'un passereau de la taille d\\'un canari consomme de 200 à 300ml d\\'eau par kg et par jour (ce qui fait entre 4et 6ml par jour pour un oiseau de 20 g) ; ça varie évidemment en fonction de l\\'humidité des aliments !!!! donc ne donner qu\\'aliments secs quand on veut que les oiseaux boivent ! ","B6 and B12 for support during molting; the reported doses are ""1 drop for a bird <15g and 2 drops if between 15 and 45g; we consider that a passerine the size of a canary drinks 200 to 300ml of water per kg per day (which is between 4 and 6ml per day for a 20g bird); this obviously varies depending on the moisture content of the food!!!! so only give dry food when you want birds to drink!","B6 en B12 ter ondersteuning tijdens de rui; de gemelde doseringen zijn ""1 druppel voor een vogel <15g en 2 druppels indien tussen 15 en 45g; we gaan ervan uit dat een zangvogel ter grootte van een kanarie 200 tot 300ml water per kg per dag drinkt (wat neerkomt op 4 tot 6ml per dag voor een vogel van 20g); dit varieert uiteraard afhankelijk van het vochtgehalte van het voedsel!!!! dus geef alleen droogvoer als je wilt dat vogels drinken!","B6 und B12 zur Unterstützung während der Mauser; die angegebenen Dosen sind ""1 Tropfen für einen Vogel <15g und 2 Tropfen wenn zwischen 15 und 45g; wir gehen davon aus"
79f9f5a4-fa0b-5f8c-a1f0-b904d96eb8a4,drugs,21f90971-38e4-49b3-9032-fb901744d41c,name,Vitamine B6 et B12 Beaphar,Vitamin B6 and B12 Beaphar,Vitamine B6 en B12 Beaphar,Vitamin B6 und B12 Beaphar
ed0ff3e0-a463-55f2-a125-0a37af081ab1,drugs,23bc97d6-60b9-433e-8db9-ed124ce7ce65,description,"diluate iv, im, sc QUI A REMPLI CETTE FICHE ??? PAS CO : LE NOM DU PRINCIPE ACTIF PAS INSCRIT ET CO N\\'AURAIT JAMAIS ECRIT \\"" diluate etc...) SI ON POUVAIT ME PREVENIR DE CE GENRE D\\'initiative,, ce serait gentil !!!! ne pas oublier que les bénévoles ont parfois des idées saugrenues !!!",dilute iv, im," sc WHO FILLED OUT THIS FORM??? NOT CO: THE NAME OF THE ACTIVE INGREDIENT NOT WRITTEN AND CO WOULD NEVER HAVE WRITTEN ""dilute etc...) IF YOU COULD WARN ME ABOUT THIS KIND OF INITIATIVE"
8c54b58d-b2c9-586f-8799-b6e114d601a3,drugs,23bc97d6-60b9-433e-8db9-ed124ce7ce65,name,Catosal 10 %,Catosal 10%,Catosal 10%,Catosal 10%
e72bcdae-6416-4515-85aa-6612db247bc5,drugs,25603862-0ab8-4610-b894-5881214d8dd3,name,Ringer lactate,Ringer lactate,Ringer lactaat,Ringer-Laktat
a10c0db9-9dc7-5203-916e-fc702e8d76f4,drugs,2752782c-7fbe-4592-b135-56be075bbc54,description,amoxicillin 140mg + acide clavulanique 35mg par millilitre. (identique noroclav ),amoxicillin 140mg + clavulanic acid 35mg per milliliter. (identical to noroclav),amoxicilline 140mg + clavulaanzuur 35mg per milliliter. (identiek aan noroclav),Amoxicillin 140mg + Clavulansäure 35mg pro Milliliter. (identisch mit Noroclav)
e5462955-43a3-5b54-a892-bfe6e044b1ca,drugs,2752782c-7fbe-4592-b135-56be075bbc54,name,Synulox RTU,Synulox RTU,Synulox RTU,Synulox RTU
9438e539-aeff-54bc-b4a6-6629808c3163,drugs,28563e8c-1898-4c63-82ef-97d58e057c44,description,selamectine seule ; à utiliser chez toutes espèces où on n\\'a pas de données sur sarolaner en spot on !,selamectin alone; to use in all species where we have no data on sarolaner spot-on!,selamectine alleen; te gebruiken bij alle soorten waar we geen gegevens hebben over sarolaner spot-on!,Selamectin allein; bei allen Arten zu verwenden
610b204a-ac4c-5be9-be10-4113c5cf5517,drugs,28563e8c-1898-4c63-82ef-97d58e057c44,name,"Stronghold 15 pipette de 0,25ml",Stronghold 15 pipette 0.25ml,Stronghold 15 pipet 0,25ml
86ec35eb-0741-46fb-a13a-4121788ee1e6,drugs,28bcdf2b-52db-4170-b111-c7bbcf81d0e0,description,"(antibiotique) 3 à 5 jours, dans l'eau de boisson ou dans la bouche",(antibiotic) 3 to 5 days, in drinking water or in the mouth,(antibioticum) 3 tot 5 dagen
8b0d98eb-87f6-4199-aa07-f555aa07a118,drugs,28bcdf2b-52db-4170-b111-c7bbcf81d0e0,name,Baytril 100 mg/ml (PER OS),Baytril 100 mg/ml (PER OS),Baytril 100 mg/ml (PER OS),Baytril 100 mg/ml (PER OS)
d89b4a4f-dab7-4050-821d-3e4b482f75f8,drugs,29643980-9baa-47f9-b85b-db5218dfea2e,description,(vermifuge),(dewormer),(ontwormer),(Entwurmungsmittel)
4de3bec2-7213-4471-b9b9-35e29ebf3b3d,drugs,29643980-9baa-47f9-b85b-db5218dfea2e,name,Capizol (PER OS),Capizol (PER OS),Capizol (PER OS),Capizol (PER OS)
2ac65cf1-1e93-58ef-9ade-f84a5dd73899,drugs,2b7f0343-6e39-48a3-8aa5-a1769c24f278,description,enilconazole 100MG/ml : pour BAINS !!! pas per os !!!,enilconazole 100mg/ml: for BATHS!!! not per os!!!,enilconazole 100mg/ml: voor BADEN!!! niet per os!!!,Enilconazol 100mg/ml: für BÄDER!!! nicht per os!!!
85603e76-3f8d-54ff-929f-0d0d3972e96c,drugs,2b7f0343-6e39-48a3-8aa5-a1769c24f278,name,Imaverol solution,Imaverol solution,Imaverol oplossing,Imaverol Lösung
b010f081-8751-5b61-80fa-c7146ba80794,drugs,2d1e538d-51d6-4700-91ba-ae4c65402cd9,description,Anti trichomoniase ; anti histomonas (galliformes),Anti-trichomoniasis; anti-histomonas (galliformes),Anti-trichomoniasis; anti-histomonas (galliformes),Anti-Trichomoniasis; Anti-Histomonas (Galliformes)
79d75621-e5c7-5e6d-9912-ff90abb486df,drugs,2d1e538d-51d6-4700-91ba-ae4c65402cd9,name,Trichocure comprimé,Trichocure tablet,Trichocure tablet,Trichocure Tablette
eefc1902-6119-5148-9f14-2345fa136d46,drugs,2dfb59d5-967b-4168-a990-e76bf0b50838,description,"metoclopramide 1mg/ml de solution buvable (!! ..l\\'injectable, c\\'est le primperan en ampoules !!))anti vomitif, stimulant vidange stomacale (motricité gastro intestinale)",metoclopramide 1mg/ml oral solution (!!..the injectable is primperan in ampoules!!)) antiemetic, stimulates gastric emptying (gastrointestinal motility),metoclopramide 1mg/ml drank (!!..de injecteerbare is primperan in ampullen!!)) anti-emeticum
bd6b1eae-68c7-5f0f-83f5-3aea4265f85f,drugs,2dfb59d5-967b-4168-a990-e76bf0b50838,name,Emeprid solution orale 1mg/ml,Emeprid oral solution 1mg/ml,Emeprid orale oplossing 1mg/ml,Emeprid orale Lösung 1mg/ml
e154781e-9857-47f7-bc17-3d13d7adf137,drugs,2f92f626-1577-489e-b1a0-f9984db51c03,description,(antibiotique) 2xdays  5 to 7 - 10 jours,(antibiotic) 2x/day 5 to 7 - 10 days,(antibioticum) 2x/dag 5 tot 7 - 10 dagen,(Antibiotikum) 2x/Tag 5 bis 7 - 10 Tage
b0efe101-0b76-4581-b4c4-211c6b7aeb45,drugs,2f92f626-1577-489e-b1a0-f9984db51c03,name,Eradia 125 mg/ml (PER OS),Eradia 125 mg/ml (PER OS),Eradia 125 mg/ml (PER OS),Eradia 125 mg/ml (PER OS)
8ec3ea7b-dedd-43ab-b346-3fa1dc52c881,drugs,2fc2d310-a0fe-4cab-9fdb-95377170fe62,description,(ains) oral,(NSAID) oral,(NSAID) oraal,(NSAID) oral
541f47a7-99a5-4794-8450-990a8d6e8ef3,drugs,2fc2d310-a0fe-4cab-9fdb-95377170fe62,name,"Meloxoral 0,5 mg/ml (PER OS)",Meloxoral 0.5 mg/ml (PER OS),Meloxoral 0,5 mg/ml (PER OS)
53f767da-54d4-4fcd-9459-bf1713d9804a,drugs,306fe6d0-0a4c-4b74-bb3b-ffe754fc5895,description,Anti parasitaire interne,Internal antiparasitic,Inwendig antiparasitair,Internes Antiparasitikum
0bffad04-28f9-4df3-8dab-a5369c34a1cd,drugs,306fe6d0-0a4c-4b74-bb3b-ffe754fc5895,name,Quadrosol 10% (IM),Quadrosol 10% (IM),Quadrosol 10% (IM),Quadrosol 10% (IM)
198c8786-f4fc-585d-b555-83dcca1738ec,drugs,3284b396-37ca-499f-861d-126db068628a,description,"stronghold \\""+\\"" 15/2,5 mg dilué par 100 pour les chauves souris","Stronghold ""+"" 15/2.5 mg diluted by 100 for bats","Stronghold ""+"" 15/2",5 mg verdund met 100 voor vleermuizen
28a63d3e-c967-5518-8348-2adcc80162fc,drugs,3284b396-37ca-499f-861d-126db068628a,name,"Stronghold + 15/2,5 dilué par 100 pour CS",Stronghold + 15/2.5 diluted by 100 for bats,Stronghold + 15/2,5 verdund met 100 voor vleermuizen
13be456e-a17d-468e-9af8-ade2b4f41da2,drugs,341462c8-e425-4711-8e33-e987ea3a5995,description,"Vermifuge, antiparasitaire",Dewormer, antiparasitic,Ontwormer
54ea56e4-ed8b-490b-8f6e-ce505991d6d9,drugs,341462c8-e425-4711-8e33-e987ea3a5995,name,Panacur 4%,Panacur 4%,Panacur 4%,Panacur 4%
a5a508b3-ff48-490d-9d1b-9d4d0d79ace5,drugs,359e8d75-5ab7-4439-a75d-8ef8e5440b35,name,Stronghold PLUS,Stronghold PLUS,Stronghold PLUS,Stronghold PLUS
2fc43833-31c4-4738-a057-293d06b377c8,drugs,375ee421-b4fd-4f50-8793-b4479ea1045d,name,Contrôle prolongation TRT,Treatment prolongation control,Controle verlenging TRT,Kontrolle Verlängerung TRT
0f63db50-cc83-5d52-900f-65664d2772d4,drugs,377aa332-1312-414a-9651-242b807e8a58,description,"= métronidazole, 125mg/ml",= metronidazole, 125mg/ml,= metronidazole
272010ae-6268-5529-85dd-82e7c702dff4,drugs,377aa332-1312-414a-9651-242b807e8a58,name,Eradia 125 mg/ml solution orale,Eradia 125 mg/ml oral solution,Eradia 125 mg/ml orale oplossing,Eradia 125 mg/ml orale Lösung
c5edd4a4-7dff-4aaa-aebc-070f4a2daddd,drugs,3eb2656c-e25a-4255-8afb-b4173fab207e,description,"(ains) iv, im",(NSAID) iv, im,(NSAID) iv
6ad6fbb0-fc88-4ce9-b294-08f353d7f736,drugs,3eb2656c-e25a-4255-8afb-b4173fab207e,name,Ketodolor  (IM),Ketodolor (IM),Ketodolor (IM),Ketodolor (IM)
09d46545-8001-44bd-b3c1-002c86740875,drugs,3fb8071c-4273-4c0e-95ca-ff8aaced3047,name,Furacine,Furacine,Furacine,Furacine
b8e263d7-5a9c-48bc-a502-b20de9eddf51,drugs,4003f790-228f-432e-9dc9-b0707a799b99,name,Keytil,Keytil,Keytil,Keytil
f654fca8-b57a-487e-87a2-2630c9759af7,drugs,40beba1f-1aa3-4779-a520-a676b36e3b4f,name,Vitamine A + D + E (IM),Vitamin A + D + E (IM),Vitamine A + D + E (IM),Vitamin A + D + E (IM)
9bdf7591-5f08-5067-a0f0-4a483642324b,drugs,41cccdfc-740f-4d4b-b0ce-07ae95308d95,description,meloxicam ; 2mg /ml AINS antidouleur injectable ,meloxicam; 2mg/ml NSAID analgesic injectable,meloxicam; 2mg/ml NSAID pijnstillend injecteerbaar,Meloxicam; 2mg/ml NSAID Analgetikum injizierbar
bb30f46e-b588-514e-a3a4-b42ced8e21d8,drugs,41cccdfc-740f-4d4b-b0ce-07ae95308d95,name,metacam injectable chat 2mg /ml,metacam injectable cat 2mg/ml,metacam injecteerbaar kat 2mg/ml,Metacam injizierbar Katze 2mg/ml
47d3ddf4-7ca5-4c53-b758-ba55b749fc72,drugs,458ae436-ddd6-400c-bb52-1d6968e594df,description,Antibiotique,Antibiotic,Antibioticum,Antibiotikum
ce7226da-4f8c-46ba-84e6-74f35a4de729,drugs,458ae436-ddd6-400c-bb52-1d6968e594df,name,Noroclav,Noroclav,Noroclav,Noroclav
0bf05b0e-bc98-5521-bdc0-1251557e1338,drugs,468b5780-4fcb-41fa-bc2e-0d8a69ca4e27,description,"Selamectine 15mg +/ Sarolaner 2,5mg ; pipettes de 0, 25ml  pour chats de ...1? à 2,5 kgs",Selamectin 15mg +/ Sarolaner 2.5mg; pipettes of 0.25ml for cats from ...1? to 2.5 kg,Selamectine 15mg +/ Sarolaner 2,5mg; pipetten van 0
233e64e4-3e14-5d26-a6fa-d79e8f50c2ab,drugs,468b5780-4fcb-41fa-bc2e-0d8a69ca4e27,name,"Stronghold +  chat 15/2,5",Stronghold + cat 15/2.5,Stronghold + kat 15/2,5
b962d3e5-6643-5285-8f7c-16a3b03f95e9,drugs,46e88f7b-79d2-4a18-9e30-b8eb6db6ba91,description,ronidazole 200mg par sachet. ,ronidazole 200mg per sachet.,ronidazole 200mg per zakje.,Ronidazol 200mg pro Beutel.
48ebfbd0-dbbf-599f-afde-ff67b74ae46b,drugs,46e88f7b-79d2-4a18-9e30-b8eb6db6ba91,name,Tricho plus sachet ,Tricho plus sachet,Tricho plus zakje,Tricho plus Beutel
b493bcd4-1870-4b3f-ba10-b16c640f6108,drugs,488bf25a-0f12-4978-9bb7-219c1212ca3f,name,"Bupredine 0,3 mg/ml",Bupredine 0.3 mg/ml,Bupredine 0,3 mg/ml
821ad064-43a1-46a5-b8ae-7143343ba6ed,drugs,489c8b4d-a491-4755-aa1a-beae60c07669,description,"Vit B + Ringer Lactate + Gluco 30, maximum 10% du poids ",Vit B + Ringer Lactate + Gluco 30, maximum 10% of body weight,Vit B + Ringer Lactate + Gluco 30
7fd61d85-6333-42fe-ad82-782c91b905f1,drugs,489c8b4d-a491-4755-aa1a-beae60c07669,name,Catosal 10 % + Réhydratation (SC),Catosal 10% + Rehydration (SC),Catosal 10% + Rehydratatie (SC),Catosal 10% + Rehydration (SC)
ceb58ac6-1e6b-5553-b429-4ac3733a7d0a,drugs,490a1a39-d04d-4e4c-bf54-466ceabe904c,description,"doxycycline, 20mg par comprime;  pas accessible en injectable ;",doxycycline, 20mg per tablet; not available as injectable;,doxycycline
147d5792-58bb-56d1-9beb-7f5afbe8059b,drugs,490a1a39-d04d-4e4c-bf54-466ceabe904c,name,Ronaxan 20 comprimes,Ronaxan 20 tablets,Ronaxan 20 tabletten,Ronaxan 20 Tabletten
9a2d4777-fdb4-5070-b9be-37d5f5667974,drugs,49389f24-fb1a-48ed-bd21-3dd93a34815c,description,"anti vomitif, anti  \\""regurgitation\\"" , stimulant vidange gastrique et motilité intestin. (+lapin stase intest); injection IM ou SC ; quasi toutes espèces à 0,5mg/kg 3FOIS par jour, sauf mustelidés (jusqu\\'à 1mg/kg) et rapaces (jusqu\\'à 4mg/kg)",antiemetic," anti-""regurgitation""", stimulates gastric emptying and intestinal motility. (+rabbit intestinal stasis); injection IM or SC; almost all species at 0.5mg/kg 3 TIMES per day
2b4e4303-ec2a-5fe1-9dfe-bd8776760b30,drugs,49389f24-fb1a-48ed-bd21-3dd93a34815c,name,primperan injectable 5mg/ml,primperan injectable 5mg/ml,primperan injecteerbaar 5mg/ml,Primperan injizierbar 5mg/ml
9f630e22-d0d2-410b-8819-2343ae7d9401,drugs,4a01587c-9e30-47e9-99f4-98bfbaf3e0e2,name,Ketexx Vet 3mgkg,Ketexx Vet 3mg/kg,Ketexx Vet 3mg/kg,Ketexx Vet 3mg/kg
09cc02b4-d62f-53c8-b209-50b8562d661e,drugs,4a22a4dc-b055-45da-9f01-bf76585c1176,description,virbamec sol injectable dilué par dix : = ivermectine 1mg /ml .,virbamec injectable solution diluted by ten: = ivermectin 1mg/ml.,virbamec injecteerbare oplossing verdund met tien: = ivermectine 1mg/ml.,Virbamec Injektionslösung mit zehn verdünnt: = Ivermectin 1mg/ml.
b40664e2-2927-5ea9-9733-482f26aab63e,drugs,4a22a4dc-b055-45da-9f01-bf76585c1176,name,Virbamec 1% dilué par 10,Virbamec 1% diluted by 10,Virbamec 1% verdund met 10,Virbamec 1% mit 10 verdünnt
74e43a99-4589-4828-8ad5-0164eb3942f7,drugs,5307ec3f-2c33-4944-9f18-1875df94413c,description,anti-inflammatoire stéroidien,steroidal anti-inflammatory,steroïde ontstekingsremmer,steroidales Entzündungshemmer
1938534e-e616-48d2-839c-ef57e39c0ae9,drugs,5307ec3f-2c33-4944-9f18-1875df94413c,name,Dexa-Ject 2 mg/ml (IM),Dexa-Ject 2 mg/ml (IM),Dexa-Ject 2 mg/ml (IM),Dexa-Ject 2 mg/ml (IM)
0ba78017-6935-4329-aec1-69216e93c07c,drugs,533bc98d-41a4-46d8-832a-d1701d7dd0af,description,aérosol antibio,antibiotic aerosol,antibioticum aerosol,Antibiotikum Aerosol
3d031cc2-1261-4550-8d9b-b87d4bdf2841,drugs,533bc98d-41a4-46d8-832a-d1701d7dd0af,name,Fluimucil,Fluimucil,Fluimucil,Fluimucil
41caa2cb-6617-47fd-9549-c92e94748911,drugs,54c4b63c-6b46-40e0-9138-3594616ebc50,name,lysomucil,lysomucil,lysomucil,Lysomucil
bb9bedfa-d9eb-4950-bdcf-73e9ea11162e,drugs,5580df9c-2e7a-4625-a2b1-8eb4b22f435e,name,TRANQUINERVIN 10mg,TRANQUINERVIN 10mg,TRANQUINERVIN 10mg,TRANQUINERVIN 10mg
d4354ae0-d90d-49f0-9fcb-25c0a7995721,drugs,57a21315-662d-42a6-9c10-8eba4e48a1b4,description,"(ains) im, iv / 48h",(NSAID) im, iv / 48h,(NSAID) im
8883ce06-fb80-46dd-8bc4-85414fa0a336,drugs,57a21315-662d-42a6-9c10-8eba4e48a1b4,name,Tolfine (IM),Tolfine (IM),Tolfine (IM),Tolfine (IM)
85915027-67d5-5fa9-94f4-6d4995ceb753,drugs,57ac66be-f437-423c-ac58-7a21b3e57c6d,description,Acides gras insaturés et vit E ,Unsaturated fatty acids and vit E,Onverzadigde vetzuren en vit E,Ungesättigte Fettsäuren und Vit E
7b46a465-6764-5c13-9993-cba1507383a1,drugs,57ac66be-f437-423c-ac58-7a21b3e57c6d,name,Megaderm sachets,Megaderm sachets,Megaderm zakjes,Megaderm Beutel
3327fd7d-2034-4e93-bd40-ce410c2c89ac,drugs,596ed0e1-9726-4099-9f93-09b93e3e82e2,description,"(vitamines) diluate iv, im, sc",(vitamins) dilute iv, im, sc
dd3c5961-9ce2-42e1-945c-ac1329cc45f0,drugs,596ed0e1-9726-4099-9f93-09b93e3e82e2,name,"Catosal 10 % (SC, IM)",Catosal 10% (SC, IM),Catosal 10% (SC
40754482-0f67-5eb8-b9b4-665e5df93d45,drugs,5aa54502-51c0-4fd8-b14a-2af1390dfa85,description,ivermectine 10mg/ml sol injectable,ivermectin 10mg/ml injectable solution,ivermectine 10mg/ml injecteerbare oplossing,Ivermectin 10mg/ml Injektionslösung
eb4b029e-2230-500a-b3a6-187456324302,drugs,5aa54502-51c0-4fd8-b14a-2af1390dfa85,name,Virbamec 1%,Virbamec 1%,Virbamec 1%,Virbamec 1%
7dc48039-5f54-42e7-97e5-4ca11dc16daa,drugs,5d79f2aa-a905-4389-9da0-30c45a793f1a,name,Myogaster-E (IM),Myogaster-E (IM),Myogaster-E (IM),Myogaster-E (IM)
754e2f2b-2b92-58f1-a24d-d357780b4040,drugs,5e5f2043-715b-487a-b9e9-8a0d987e2961,description,"sarolaner comp 20mg ; puces, tiques, gales ; dose = 2-4mg/kg ; donc 1 comp pour renard de 5 kgs  attention, comprimé non sécable donc ne pas diviser (produit pas reparti de manière homogène dans comp) si animal bcp plus léger, travailler avec comp 10mg ; répéter traitement après 1 mois",sarolaner tab 20mg; fleas, ticks, mange; dose = 2-4mg/kg; so 1 tab for a 5kg fox caution
d0188768-92e9-5470-9c2e-0bade994ebdd,drugs,5e5f2043-715b-487a-b9e9-8a0d987e2961,name,Simparica 20mg ,Simparica 20mg,Simparica 20mg,Simparica 20mg
0688cb8a-21d0-5c44-8c0c-18b1d5efba8a,drugs,60644b7c-795e-4db7-8f09-46bf897849cb,description,amoxicillin -ac clavulanique (400+100) AMM: BE-V274197,amoxicillin - clavulanic acid (400+100) AMM: BE-V274197,amoxicilline - clavulaanzuur (400+100) AMM: BE-V274197,Amoxicillin - Clavulansäure (400+100) AMM: BE-V274197
b8460955-4fa8-5c2f-aa6c-db5e85591831,drugs,60644b7c-795e-4db7-8f09-46bf897849cb,name,clavaseptin 500mg,clavaseptin 500mg,clavaseptin 500mg,Clavaseptin 500mg
71b8a4b5-c640-5ce9-879b-2a34b92ad63b,drugs,62b9662c-168b-4823-a50c-3b821d9085f1,description,"levamisole 100mg/ml , devient 50mg/ml si dilue par 2; toujours précéder de rapidexon 15\\' avant!.. crenosoma (vers respiratoires du Hérisson) dose maxi : 27mg/kg ; je donne 25mg/kg SC, 1x/jr pendant 3 jours,, puis après 1 semaine et 2 semaines; si animal très atteint et encombré : cortico les jours de R/ et les lendemains. Certains préconisent de faire doses 2 et 3 à 48 hrs d\\'intervalle ; y penser si reaction trop forte (ce qui arrive assez souvent : vomissements juste après et vilaines selles.) par contre, normal que l\\'animal tousse plus le lendemain.",levamisole 100mg/ml, becomes 50mg/ml if diluted by 2; always precede with rapidexon 15 mins before!.. crenosoma (respiratory worms of Hedgehog) max dose: 27mg/kg; I give 25mg/kg SC, 1x/day for 3 days
a6ebca85-b290-517c-b1f5-47b16dc6da72,drugs,62b9662c-168b-4823-a50c-3b821d9085f1,name,Quadrosol 10% dilué par 2,Quadrosol 10% diluted by 2,Quadrosol 10% verdund met 2,Quadrosol 10% mit 2 verdünnt
44681916-3d55-43d4-979b-4ac421adfc77,drugs,682c64f0-dbaa-40bd-8ca4-b9abf8279ac8,description,Buscopan,Buscopan,Buscopan,Buscopan
f34605b0-cd71-4651-b267-4edb99af89a4,drugs,682c64f0-dbaa-40bd-8ca4-b9abf8279ac8,name,BUSCOPAN compositum ad us vet,BUSCOPAN compositum ad us vet,BUSCOPAN compositum ad us vet,BUSCOPAN compositum ad us vet
6323d266-5329-5f75-83e7-ab89abea3ed1,drugs,6a3c47dc-9b34-41ea-9b05-522100ca06d4,description,Repeat after 7 days,Repeat after 7 days,Herhalen na 7 dagen,Nach 7 Tagen wiederholen
c8d1b62b-f682-5af8-8f96-92da204c812d,drugs,6a3c47dc-9b34-41ea-9b05-522100ca06d4,name,Ivomec voir virbamec,Ivomec see virbamec,Ivomec zie virbamec,Ivomec siehe Virbamec
2c53667f-ab87-5ea9-92b5-6caee1fd12df,drugs,6cd3099a-8b49-41e2-88ab-8a78d838c0d7,description,"gentamycin 50mg/ml ; dose = 0,1 ml de gentakel par ml de serum physiologique pour l\\'aérosol ; faut durée de +- 10 minutes, ce qui nécessite +- 3ml de phy",gentamicin 50mg/ml; dose = 0.1 ml gentakel per ml saline for nebulization; needs duration of +- 10 minutes, which requires +- 3ml saline,gentamicine 50mg/ml; dosis = 0
15f6b952-3edf-5887-9553-fa8c0dd396c1,drugs,6cd3099a-8b49-41e2-88ab-8a78d838c0d7,name,Gentakel 5% en aérosol,Gentakel 5% for nebulization,Gentakel 5% voor verneveling,Gentakel 5% zur Vernebelung
46abfe86-9b1c-4fdb-b318-733e925beb3d,drugs,6da8a986-b2c5-4d3a-ac06-d977a10594bc,description,Tulathromycine,Tulathromycin,Tulathromycine,Tulathromycin
0b2896d7-07e8-4a93-af17-f00cf04bea27,drugs,6da8a986-b2c5-4d3a-ac06-d977a10594bc,name,Draxxin,Draxxin,Draxxin,Draxxin
92ce8654-476c-5a54-a5b3-5fdc2b84096e,drugs,73fd8f34-95b7-4b16-9b61-bbc645f789bf,description,"milbémycine oxime 4mg + praziquantel 10mg par comprimé ; vermifuge contre vers plats et vers ronds : question crenosoma : milpro chien (rapport des 2 molécules = 1pour 10 au lieu de 1pour 4 chez ct) renseigne \\""reduction de l\\'infestation par crenosoma vulpis\\""","milbemycin oxime 4mg + praziquantel 10mg per tablet; dewormer against flatworms and roundworms: question crenosoma: milpro dog (ratio of the 2 molecules = 1 to 10 instead of 1 to 4 in cat) indicates ""reduction of crenosoma vulpis infestation""","milbemycine oxime 4mg + praziquantel 10mg per tablet; ontwormer tegen platwormen en rondwormen: vraag crenosoma: milpro hond (verhouding van de 2 moleculen = 1 op 10 in plaats van 1 op 4 bij kat) geeft ""vermindering van crenosoma vulpis besmetting""","Milbemycinoxim 4mg + Praziquantel 10mg pro Tablette; Entwurmungsmittel gegen Platt- und Rundwürmer: Frage Crenosoma: Milpro Hund (Verhältnis der 2 Moleküle = 1 zu 10 statt 1 zu 4 bei Katze) gibt ""Reduzierung des Crenosoma vulpis Befalls"" an"
28073650-b0e1-5526-b3f6-e62a6d4f7651,drugs,73fd8f34-95b7-4b16-9b61-bbc645f789bf,name,Milbactor 4mg/10mg comprimé chat,Milbactor 4mg/10mg cat tablet,Milbactor 4mg/10mg tablet kat,Milbactor 4mg/10mg Tablette Katze
7d64e1cd-8e9e-4c68-95e8-4a81da9edc7b,drugs,7562cbaf-cde0-44ef-b1c3-ff7971272b7c,description,(antibiotique),(antibiotic),(antibioticum),(Antibiotikum)
50198565-e510-4939-8090-e565674d4f85,drugs,7562cbaf-cde0-44ef-b1c3-ff7971272b7c,name,Naxcel (SC),Naxcel (SC),Naxcel (SC),Naxcel (SC)
aba7be2c-ce1d-4a6c-a534-aa84cd57580e,drugs,7a7be4ef-ec53-4459-a33f-901dbd0d7783,name,fluimucil,fluimucil,fluimucil,Fluimucil
956938b8-d016-5e1e-b35a-7ee247bbfec7,drugs,7dca15c4-e5c0-421d-be3a-1058f21bd2bf,description,prudence chez lagomorphes et certains rongeurs,caution in lagomorphs and some rodents,voorzichtig bij lagomorfen en sommige knaagdieren,Vorsicht bei Lagomorphen und einigen Nagetieren
76699ddd-bc91-5e39-bee0-de66e713dbc4,drugs,7dca15c4-e5c0-421d-be3a-1058f21bd2bf,name,Stomorgyl,Stomorgyl,Stomorgyl,Stomorgyl
ae2c1bbe-cb69-4a54-ab82-1952b84a66aa,drugs,7ed26627-66bf-4288-9e3e-5e49289bdcca,name,Carbifusion 56mg/ml,Carbifusion 56mg/ml,Carbifusion 56mg/ml,Carbifusion 56mg/ml
39da083d-89aa-4e9e-bb40-ab069c02ee67,drugs,80f957ea-66e8-4cf6-90d5-bd15958aa0dd,name,Contrôle suite TRT,Follow-up control TRT,Controle vervolg TRT,Kontrolle Fortsetzung TRT
a4c6a126-843e-4179-8b16-3667098f2e0e,drugs,86a89849-bd15-4155-925b-bac1444f3a40,name,Remplacement bandage,Bandage replacement,Vervangen verband,Verbandswechsel
99907f4c-b866-4b0e-a737-a5c74565ba03,drugs,89506631-76a6-4379-807a-e32e2afa818a,description,anti inflamatoire (meoloxicam),anti-inflammatory (meloxicam),ontstekingsremmer (meloxicam),Entzündungshemmer (Meloxicam)
cea7de75-8858-4a53-99b0-4c16c1716d89,drugs,89506631-76a6-4379-807a-e32e2afa818a,name,Meloxidolor 20 mg/ml (IM),Meloxidolor 20 mg/ml (IM),Meloxidolor 20 mg/ml (IM),Meloxidolor 20 mg/ml (IM)
cb3c183f-fb79-584d-9386-9e609e32952c,drugs,8e875947-d75a-495f-b941-1db6a1fa8b96,description,"Itraconazole 10mg/ml de sol orale pour chats ; antifungique : chat : dermatophytoses; psittacidés, rapaces et anatidés : aspergillose et candidose ;  marge étroite de securité, donc prudence chez animaux débilités; ne pas donner en m temps que cefovecine et ac tolfenamique",Itraconazole 10mg/ml oral solution for cats; antifungal: cat: dermatophytosis; psittacines, birds of prey and anatids: aspergillosis and candidiasis; narrow safety margin, so caution in debilitated animals; do not give at the same time as cefovecin and tolfenamic acid
82629125-ab19-50d6-bc80-6a23a5b19c11,drugs,8e875947-d75a-495f-b941-1db6a1fa8b96,name,Itrafungol sol orale 10mg/ml,Itrafungol oral solution 10mg/ml,Itrafungol orale oplossing 10mg/ml,Itrafungol orale Lösung 10mg/ml
ec4c4275-72f1-4986-9461-92e7a18fae7f,drugs,8f043fba-e715-4629-bd4d-0d4c0b8d5517,name,Metacam 2mg SC,Metacam 2mg SC,Metacam 2mg SC,Metacam 2mg SC
c6f32edd-6d74-52e5-951d-49aa45a03d2d,drugs,8f631ade-83d5-44f2-b956-b351fa7fef92,description,"antibiotique large spectre (augmentin, synulox) ne convient pas à dilution !",broad-spectrum antibiotic (augmentin, synulox) not suitable for dilution!,breedspectrum antibioticum (augmentin
567ba91a-3e9e-51b4-8508-db576483df14,drugs,8f631ade-83d5-44f2-b956-b351fa7fef92,name,noroclav injectable (140+35),noroclav injectable (140+35),noroclav injecteerbaar (140+35),Noroclav injizierbar (140+35)
42eca956-cba2-54f5-aeab-42f0238d66a4,drugs,90852a17-193b-473a-b772-d9f4e3b941d4,description,"Gentamycine 50mg/ml ; antibiotique orange, injectable, non résorbable par la bouche; toxique pour les reins; donc réserver à cas particuliers!...ou aérosol.",Gentamicin 50mg/ml; orange antibiotic, injectable, not absorbable orally; toxic to kidneys; so reserve for specific cases!...or nebulization.
c422eeb1-1743-56b4-a92a-becad040d854,drugs,90852a17-193b-473a-b772-d9f4e3b941d4,name,Gentakel 5% en injection,Gentakel 5% injectable,Gentakel 5% injecteerbaar,Gentakel 5% Injektion
08002e53-c8b7-57ce-b7d4-f2c3cc27d9c4,drugs,913745d1-b57a-4036-9189-338e648af2d3,description,antiparasitaire polyvalent ; dilution pour petits passereaux !,multipurpose antiparasitic; dilution for small passerines!,multipurpose antiparasitair; verdunning voor kleine zangvogels!,multifunktionales Antiparasitikum; Verdünnung für kleine Singvögel!
d7060d38-255e-5f55-ad3b-ed55ef457c6c,drugs,913745d1-b57a-4036-9189-338e648af2d3,name,Virbamec 1% dilué par 40,Virbamec 1% diluted by 40,Virbamec 1% verdund met 40,Virbamec 1% mit 40 verdünnt
1dc203d5-14ea-4e3b-a507-c6bf28386f7f,drugs,92be4ec9-888b-462d-a9a8-964a5ce38cd3,name,cyclo spray,cyclo spray,cyclo spray,Cyclo Spray
6efa8abf-2337-47d3-a688-edec37aa2eae,drugs,98e3f280-9497-400d-a516-15fcb75370dc,description,"Contre les protozoaire, cryptosporidium",Against protozoa, cryptosporidium,Tegen protozoa
2a2dd55b-6eaf-45b6-90d6-9b3045cac559,drugs,98e3f280-9497-400d-a516-15fcb75370dc,name,Parofor 140mg /ml,Parofor 140mg/ml,Parofor 140mg/ml,Parofor 140mg/ml
48e689aa-fc5b-4b3f-81e8-d8a905867865,drugs,9a1e4481-4edb-4ef6-abce-6118ef0d3616,description,(antibiotique),(antibiotic),(antibioticum),(Antibiotikum)
f1e80311-c946-45dd-bad1-d344f0929d0a,drugs,9a1e4481-4edb-4ef6-abce-6118ef0d3616,name,Citramox L.A. (48H),Citramox L.A. (48H),Citramox L.A. (48H),Citramox L.A. (48H)
8c91a140-9b2a-5d84-a866-4a6fe9821c7f,drugs,9b4e77dd-04d0-4469-bee8-61bdc57337f1,description,"bromure de prifinium 7,5mg/ml de solution injectable SC, IM, IV pour chats et chiens:  traitement symptomatique des affections spasmodiques digestives, lors de diarrhée, douleurs spastiques, gastrite, météorisme, obstruction intestinale. doses pour Hérissons extrapolées ; devrait peut-être le risquer chez lapin ???",prifinium bromide 7.5mg/ml injectable solution SC, IM, IV for cats and dogs: symptomatic treatment of spastic digestive disorders
9d7928c2-df24-58b4-b204-549052266664,drugs,9b4e77dd-04d0-4469-bee8-61bdc57337f1,name,Prifinial solution injectable,Prifinial injectable solution,Prifinial injecteerbare oplossing,Prifinial Injektionslösung
78e62d75-7290-4d55-82ae-a31784872877,drugs,9c420cb9-413d-4ed7-883f-13fd0bb3e159,description,(fongicide) émulsion  à usage cutané,(fungicide) emulsion for cutaneous use,(fungicide) emulsie voor cutaan gebruik,(Fungizid) Emulsion zur kutanen Anwendung
36a6184a-1f39-4c61-9b84-b28fa575a295,drugs,9c420cb9-413d-4ed7-883f-13fd0bb3e159,name,Imaverol,Imaverol,Imaverol,Imaverol
14a3b262-d526-4e33-b245-c3d27b2fe358,drugs,a15993c3-114f-4ea8-9aca-869876b15fa6,description,(antibiotique) contre les coccidies ,(antibiotic) against coccidia,(antibioticum) tegen coccidiën,(Antibiotikum) gegen Kokzidien
8c49154d-7a3b-4be4-9695-a5f0c2cf8ea1,drugs,a15993c3-114f-4ea8-9aca-869876b15fa6,name,Baycox 5 %  (PER OS),Baycox 5% (PER OS),Baycox 5% (PER OS),Baycox 5% (PER OS)
29588ccb-7583-5336-8d4d-c1db6fdeb890,drugs,a39e6b2f-fbd7-40a4-a12e-a43ed629035a,description,"levamisole 100mg/ml produit de départ dilué par 4 donne 25mg de levamisole par ml !  ; crenosoma (vers respiratoires du Hérisson) dose maxi : 27mg/kg (France, ea) ; toxicité et protocoles très variables dans littérature( 10à 20...27mg/kg)  je donne  25 mg/kg SC, 1x/jr pendant 3 jours, puis après 1 semaine et 2 semaines; si animal très atteint et encombré : cortico les jours de R/ et les lendemains. Certains préconisent de faire doses 2 et 3 à 48 hrs d\\'intervalle ; y penser si reaction trop forte (ce qui arrive assez souvent : vomissements juste après et vilaines selles.) par contre, normal que l\\'animal tousse plus le lendemain.                                                      ",levamisole 100mg/ml starting product diluted by 4 gives 25mg levamisole per ml! ; crenosoma (respiratory worms of Hedgehog) max dose: 27mg/kg (France, ea); toxicity and protocols very variable in literature (10 to 20...27mg/kg) I give 25 mg/kg SC, 1x/day for 3 days
5075c922-5251-59d5-97aa-babf9cb8b221,drugs,a39e6b2f-fbd7-40a4-a12e-a43ed629035a,name,Quadrosol 10% dilué par 4,Quadrosol 10% diluted by 4,Quadrosol 10% verdund met 4,Quadrosol 10% mit 4 verdünnt
55650d44-9a0f-4f0d-8461-def8e81f1c79,drugs,a49121a5-2822-4797-8153-07e430cd2dd0,description,"(antiparasitaire complet) praziquantel, éprinomectine, fipronil, S-méthoprène",(complete antiparasitic) praziquantel, eprinomectin, fipronil
2978725a-98c0-45eb-91f9-58be15cdc4e9,drugs,a49121a5-2822-4797-8153-07e430cd2dd0,name,Broadline,Broadline,Broadline,Broadline
a421174e-61e7-4cd7-8b29-abf6c9b770b8,drugs,a5758ad2-b398-4327-981e-3685b865d51d,name,Euthanimal 40%,Euthanimal 40%,Euthanimal 40%,Euthanimal 40%
f605ff50-fe24-4b52-9f31-d92ad07487ec,drugs,b199e4be-a430-413c-ad53-f33be853e54d,description,"Eq, Bo, Su, Ov, Capr, Ca, Fe: 5-12,5 mg/kg selon gravité im ou iv (jusqu'à 3-4 j)",Eq, Bo, Su
8e0b3752-e53b-422a-8617-6c8c6708c28e,drugs,b199e4be-a430-413c-ad53-f33be853e54d,name,HEMOSILATE 125 MG/ML,HEMOSILATE 125 MG/ML,HEMOSILATE 125 MG/ML,HEMOSILATE 125 MG/ML
7db12632-3328-532f-9723-1630d1d6ebac,drugs,b2aa3520-5790-455b-a5f4-46b36fc3fd5b,description,Voir Emeprid,See Emeprid,Zie Emeprid,Siehe Emeprid
80e44be3-618e-5901-8b28-9163ef91e2ab,drugs,b2aa3520-5790-455b-a5f4-46b36fc3fd5b,name,Primperan sol orale 1mg/ml,Primperan oral solution 1mg/ml,Primperan orale oplossing 1mg/ml,Primperan orale Lösung 1mg/ml
acf829ac-c6e8-5811-abb8-707a05d485fc,drugs,b3749b50-e751-4c30-aa2a-a3db390e14b8,description,INTERDIT LAGOMORPHES ET RONGEURS,FORBIDDEN FOR LAGOMORPHS AND RODENTS,VERBODEN VOOR LAGOMORFEN EN KNAAGDIEREN,VERBOTEN FÜR LAGOMORPHEN UND NAGETIERE
a161e435-6701-5a23-9323-000f11f30ac7,drugs,b3749b50-e751-4c30-aa2a-a3db390e14b8,name,Clindamycine,Clindamycin,Clindamycine,Clindamycin
c5a2fde8-175b-4483-bdf7-fdbf9b8f0ff0,drugs,b47c0690-4886-4aa8-8ce2-89a539a5432b,name,Bupredine (IM),Bupredine (IM),Bupredine (IM),Bupredine (IM)
11261eb3-5e9a-4309-aead-82be2b797d04,drugs,b5f57028-60a9-448a-8cf2-655e19a0015d,description,"amoxicillin 140mg + acide clavulanique 35mg par millilitre. (identique noroclav ) Antibiotique à large spectre ! attention ! LAGOMORPHES ET RONGEURS : interdit ! relais per os avec synulox, clavobay, noroclav, etc... durée traitement : minimum 7 jours je fais l'injectable en 1 prise, per os en 2",amoxicillin 140mg + clavulanic acid 35mg per milliliter. (identical to noroclav) Broad-spectrum antibiotic! caution! LAGOMORPHS AND RODENTS: forbidden! switch per os to synulox, clavobay, noroclav
5dacba75-eab8-48a2-bdcf-ac4761966914,drugs,b5f57028-60a9-448a-8cf2-655e19a0015d,name,Synulox RTU,Synulox RTU,Synulox RTU,Synulox RTU
12996717-45eb-450b-af5b-f2e396ae22da,drugs,bc27ac2c-7996-413a-b2d1-8dd0aafdb926,description,anti inflamatoire (meoloxicam),anti-inflammatory (meloxicam),ontstekingsremmer (meloxicam),Entzündungshemmer (Meloxicam)
c6f079c1-04f9-468d-9ee2-e78fea02a924,drugs,bc27ac2c-7996-413a-b2d1-8dd0aafdb926,name,Meloxidolor 5 mg/ml (IM),Meloxidolor 5 mg/ml (IM),Meloxidolor 5 mg/ml (IM),Meloxidolor 5 mg/ml (IM)
073f5539-ce58-4625-b7f2-e28c9a853c27,drugs,bd36e1e0-fb94-41a9-8c5e-3aabc93dfda3,name,Contrôle relâcher,Release control,Controle vrijlaten,Kontrolle Freilassung
28b8de2c-3d40-4e64-abd6-f05131487247,drugs,bd9e1460-6625-4a01-8032-2662c605c3dc,name,Sedator 1mg/ml,Sedator 1mg/ml,Sedator 1mg/ml,Sedator 1mg/ml
c90a7658-89c5-592d-807e-929dd9833509,drugs,be36b9a8-a740-477a-971e-89f2e6d47411,description,Solution injectable d\\' Oxytetracycline 50mg/ml : antibiotique ok stt pour probl respi dont Bordetella,Oxytetracycline 50mg/ml injectable solution: antibiotic ok mainly for respiratory problems including Bordetella,Oxytetracycline 50mg/ml injecteerbare oplossing: antibioticum ok vooral voor luchtwegproblemen waaronder Bordetella,Oxytetracyclin 50mg/ml Injektionslösung: Antibiotikum ok hauptsächlich für Atemwegsprobleme inkl. Bordetella
f4bf554d-d985-5540-a95f-76ed0dc18ac0,drugs,be36b9a8-a740-477a-971e-89f2e6d47411,name,Oxytetracycline 5% injectable  ,Oxytetracycline 5% injectable,Oxytetracycline 5% injecteerbaar,Oxytetracyclin 5% injizierbar
2e7cacb2-e67e-447c-a27c-aba45e1f9ee6,drugs,bf2e42f6-eeee-49df-919a-cdaa2ad34ab7,name,xylazine,xylazine,xylazine,Xylazin
6be27f68-c785-5973-98f4-aa5c9842f9c8,drugs,c0f98220-ba32-4968-b180-9cc2c66c9572,description,"meloxicam 0,5mg/ml sol orale ; ",meloxicam 0.5mg/ml oral solution;,meloxicam 0,5mg/ml orale oplossing;
516c4abe-688b-5133-8729-c4461d0af642,drugs,c0f98220-ba32-4968-b180-9cc2c66c9572,name,"meloxidyl solution orale chats 0,5mg/ml",meloxidyl oral solution cats 0.5mg/ml,meloxidyl orale oplossing katten 0,5mg/ml
630e9963-0434-546b-a2b5-9b968695202e,drugs,c15655dc-3073-4273-a7d4-ac67cf87a729,description,"Ivermectine 0,5mg/ml",Ivermectin 0.5mg/ml,Ivermectine 0,5mg/ml
6eafe880-b8dc-5b65-803d-b767b30919d9,drugs,c15655dc-3073-4273-a7d4-ac67cf87a729,name,Virbamec 1% dilué par 20,Virbamec 1% diluted by 20,Virbamec 1% verdund met 20,Virbamec 1% mit 20 verdünnt
d9a92770-b194-53bc-a495-5483dc4bfb70,drugs,c2920402-8e1b-4c83-b829-547b70d593b3,description, poudre  + 15ml d\\'eau donne : amoxicillin 40mg/ml + ac clavulanique 10mg/ml ; un flacon de poudre contient 648mg d\\'amoxi et 162 ac clavul ; , powder + 15ml water gives: amoxicillin 40mg/ml + clavulanic acid 10mg/ml; one bottle of powder contains 648mg amoxi and 162 clavulanic acid;, poeder + 15ml water geeft: amoxicilline 40mg/ml + clavulaanzuur 10mg/ml; een flesje poeder bevat 648mg amoxi en 162 clavulaanzuur;, Pulver + 15ml Wasser ergibt: Amoxicillin 40mg/ml + Clavulansäure 10mg/ml; eine Flasche Pulver enthält 648mg Amoxi und 162 Clavulansäure;
3a8115ab-7367-51d4-bb02-ec96d55a5615,drugs,c2920402-8e1b-4c83-b829-547b70d593b3,name,Synulox gouttes appétentes 15ml,Synulox palatable drops 15ml,Synulox smakelijke druppels 15ml,Synulox schmackhafte Tropfen 15ml
2344310b-607e-4fdc-a48a-eee15e9d949e,drugs,c2f291e7-927f-4708-9d7f-27f12eee1d99,description,Diuretique,Diuretic,Diureticum,Diuretikum
0c0fb8d9-b15e-4b7f-a5a8-342a38249ea9,drugs,c2f291e7-927f-4708-9d7f-27f12eee1d99,name,Dimazon (IM),Dimazon (IM),Dimazon (IM),Dimazon (IM)
04eb7b77-1b4e-5352-a675-d29439b8b95e,drugs,c33660d6-1e6e-466b-b6d8-de9a6f8b655f,description,Fenbendazole 100mg / ml solution orale,Fenbendazole 100mg/ml oral solution,Fenbendazole 100mg/ml orale oplossing,Fenbendazol 100mg/ml orale Lösung
d371d92e-2ff3-5757-8649-afd291a86ddf,drugs,c33660d6-1e6e-466b-b6d8-de9a6f8b655f,name,Panacur puppy sirop,Panacur puppy syrup,Panacur puppy siroop,Panacur Welpen Sirup
7de605b8-942a-4cf5-a422-13779c469a0e,drugs,c435906c-7116-4c2c-b860-e28c39c4abb9,description,(ains) oral,(NSAID) oral,(NSAID) oraal,(NSAID) oral
53bdaf11-355c-4f80-89aa-5cc8411a94cc,drugs,c435906c-7116-4c2c-b860-e28c39c4abb9,name,"Meloxoral 1,5 mg/ml  (PER OS)",Meloxoral 1.5 mg/ml (PER OS),Meloxoral 1,5 mg/ml (PER OS)
2f2b13f6-27b1-413c-a808-d744e1658874,drugs,ccdecf03-3bd8-4040-bdd8-24d6ae230b58,name,Phosphaluvet  (PER OS),Phosphaluvet (PER OS),Phosphaluvet (PER OS),Phosphaluvet (PER OS)
dd65e071-ff95-48cf-874b-b435394f0332,drugs,cdebe0b2-034a-477f-8b82-66a57278ee6f,description,anti inflamatoire (meoloxicam),anti-inflammatory (meloxicam),ontstekingsremmer (meloxicam),Entzündungshemmer (Meloxicam)
e2fb70c5-2f41-45d9-99a0-e39183c1628c,drugs,cdebe0b2-034a-477f-8b82-66a57278ee6f,name,"Meloxidolor 0,5 mg/ml (IM)",Meloxidolor 0.5 mg/ml (IM),Meloxidolor 0,5 mg/ml (IM)
ec86dd8a-c7fa-4956-a0c1-4a8ac68a5810,drugs,cec21148-eb98-47d1-8340-812cc9381e8a,description,AINS,NSAID,NSAID,NSAID
ec531cfb-184f-4515-98ee-5459daa33ba4,drugs,cec21148-eb98-47d1-8340-812cc9381e8a,name,Finadyne,Finadyne,Finadyne,Finadyne
a1361bec-6921-4195-812a-699a4b51e4ec,drugs,d1d3e719-4746-442f-8bc1-a48c7abc059f,description," contre la trichomonose, à donner de 5 à 7 jours.", against trichomoniasis, give for 5 to 7 days., tegen trichomoniasis
5dcf40bc-c6e6-4ec8-ac5c-eab21ba139bd,drugs,d1d3e719-4746-442f-8bc1-a48c7abc059f,name,Tricho plus,Tricho plus,Tricho plus,Tricho plus
55167451-3101-5341-986d-9e84d7926744,drugs,d5feeb3a-bded-418d-86d5-45a71c0a089d,description,"plusieurs marques de solutions orales pour chats : meloxoral, meloxidyl, inflacam, metacam etc...DILUE PAR 50  pour chauve souris",several brands of oral solutions for cats: meloxoral, meloxidyl, inflacam
09437ad0-345f-505b-a660-60997220ee9e,drugs,d5feeb3a-bded-418d-86d5-45a71c0a089d,name,"Meloxicam solution orale 0,5mg/ml dilué par 50",Meloxicam oral solution 0.5mg/ml diluted by 50,Meloxicam orale oplossing 0,5mg/ml verdund met 50
4d4f70db-6797-4f84-8730-1fc95a91106c,drugs,d627bb93-e74f-4e0f-842f-780fec710702,name,Vitamines B Complex (IM),Vitamin B Complex (IM),Vitamine B Complex (IM),Vitamin-B-Komplex (IM)
4e105ac7-c773-4ac9-be90-e1157981a3cd,drugs,d95beb9d-2fd1-4986-ac03-7dfea22aa173,name,Butomidor 10 mg/ml,Butomidor 10 mg/ml,Butomidor 10 mg/ml,Butomidor 10 mg/ml
7d080a8f-c3a1-5b05-9769-1487b0e1af67,drugs,db904b82-5cbc-49fe-9283-031e919752d1,description,"meloxicam 0,5mg/ml sol orale ; AINS anti douleur et anti-inflammatoire ; attention animaux déshydratés ; éviter usage trop long pr reins et estomac (donner avec aliment) ",meloxicam 0.5mg/ml oral solution; NSAID analgesic and anti-inflammatory; caution dehydrated animals; avoid too long use for kidneys and stomach (give with food),meloxicam 0,5mg/ml orale oplossing; NSAID pijnstillend en ontstekingsremmend; let op uitgedroogde dieren; te lang gebruik vermijden voor nieren en maag (geven met voer)
798471ac-f7c1-59b5-bc2b-b2d12d024381,drugs,db904b82-5cbc-49fe-9283-031e919752d1,name,"metacam sol orale chat 0,5mg/ml",metacam oral solution cat 0.5mg/ml,metacam orale oplossing kat 0,5mg/ml
20a91849-5062-4b9e-89e9-2a6c2f86a6d0,drugs,dd2ad9e7-b28e-4d3c-9d8f-86ca11aa41dd,description,(anti-inflamatoire) im,(anti-inflammatory) im,(ontstekingsremmer) im,(Entzündungshemmer) im
4190c88c-6c76-47e4-9129-20e1f5491957,drugs,dd2ad9e7-b28e-4d3c-9d8f-86ca11aa41dd,name,Moderin La 40 mg/ml (IM),Moderin La 40 mg/ml (IM),Moderin La 40 mg/ml (IM),Moderin La 40 mg/ml (IM)
a7b9015f-b634-4b83-82d7-c0bc7f4b0991,drugs,de4b92f2-4f98-4e4d-ade5-e15c8f566890,name,Noroclav Inj,Noroclav Inj,Noroclav Inj,Noroclav Inj
1c150151-72fc-5575-87b0-f9db7341fa01,drugs,e6514849-3b33-4b67-a5e6-df77f7562d98,description,"solution orale ; DANS TOUS LES CAS POUR Chauves-souris, Lagomorphes, oiseaux excepté rapaces chez qui serait émétisant . ",oral solution; IN ALL CASES FOR Bats, Lagomorphs, birds except birds of prey in which it would be emetic.
f6c66ea0-d5b6-573f-8568-b7e7bee29808,drugs,e6514849-3b33-4b67-a5e6-df77f7562d98,name,"Baytril flavour 25mg/ml : voie orale ! C.S. ,lagomorphes,PO",Baytril flavour 25mg/ml: oral route! Bats, lagomorphs, PO
1c11ad21-8508-4455-92c2-e6b3b234daf7,drugs,e679dcdd-b857-4d4e-b9d7-4c4bc2bb0d15,description,Composition,Composition,Samenstelling,Zusammensetzung
cf20f18f-d2f4-400d-9aa5-ffa7e599c8de,drugs,e679dcdd-b857-4d4e-b9d7-4c4bc2bb0d15,name,DOFATRIM-JECT 40 mg-200 mg sol inj,DOFATRIM-JECT 40 mg-200 mg inj sol,DOFATRIM-JECT 40 mg-200 mg inj opl,DOFATRIM-JECT 40 mg-200 mg Injektionslösung
439e4b96-dbee-4dca-ba39-5a79c2b6a2bc,drugs,eb2d28a5-82b2-4fe2-b49c-f30e86e83964,description,"(vermifuge) spot on interne et externe, repeter après 7 jours",(dewormer) internal and external spot-on, repeat after 7 days,(ontwormer) inwendig en uitwendig spot-on
7adc6a79-8f2f-4a00-86c4-1e578b696ed3,drugs,eb2d28a5-82b2-4fe2-b49c-f30e86e83964,name,"Ivomec 0,2 % (POST ON)",Ivomec 0.2% (POUR-ON),Ivomec 0,2% (POUR-ON)
8ecf8c55-0a03-499a-bc5f-b49e0504c040,drugs,ef257d50-edda-4d51-b928-c8ff991fcc58,description,(antibiotique) Im 3 days,(antibiotic) IM 3 days,(antibioticum) IM 3 dagen,(Antibiotikum) IM 3 Tage
52f45db0-6ae7-427c-8d30-4f990d5a87b3,drugs,ef257d50-edda-4d51-b928-c8ff991fcc58,name,Amoxy-Kel 15 %,Amoxy-Kel 15%,Amoxy-Kel 15%,Amoxy-Kel 15%
0c640630-6a1e-5af9-89bb-4f4ff343c156,drugs,f3bce05b-1a12-490f-b5e4-15f5d7a32bcf,description,"amoxicillin 50mg + ac clavulanique 12,5mg par comprimé appétent",amoxicillin 50mg + clavulanic acid 12.5mg per palatable tablet,amoxicilline 50mg + clavulaanzuur 12,5mg per smakelijke tablet
5e226731-c793-56be-9fb8-44e8495f528f,drugs,f3bce05b-1a12-490f-b5e4-15f5d7a32bcf,name,"Kesium comp. 50+12,5 mg",Kesium tab. 50+12.5 mg,Kesium tab. 50+12,5 mg
7d7232c5-2da6-52d7-9de8-749cc41f774e,drugs,f3eb9b59-c435-4620-8cf3-37e084cf5709,description,anticoccidien ; sulfadimethoxine 1gr par sachet de 4 g de poudre; à utiliser dans eau de boisson qd refus baycox ; dose théorique pour colombidés = 50mg/kg,anticoccidial; sulfadimethoxine 1g per 4g sachet of powder; to use in drinking water when baycox refused; theoretical dose for pigeons = 50mg/kg,anticoccidiosum; sulfadimethoxine 1gr per zakje van 4 g poeder; te gebruiken in drinkwater wanneer baycox geweigerd; theoretische dosis voor duiven = 50mg/kg,Antikokzidium; Sulfadimethoxin 1g pro 4g Beutel Pulver; im Trinkwasser zu verwenden wenn Baycox verweigert; theoretische Dosis für Tauben = 50mg/kg
52b395c9-4039-5e0e-8b7f-bd89d8c92775,drugs,f3eb9b59-c435-4620-8cf3-37e084cf5709,name,coxi plus sachets ,coxi plus sachets,coxi plus zakjes,Coxi plus Beutel
bda80205-42de-5bcd-97cb-42dad790b14f,drugs,f6b28f9e-d649-4608-90ca-d9f949e0582a,description,"INTERDIT LAGOMORPHES ET RONGEURS Clindamycine 25mg antibiotique utilisé dans problèmes dentaires, certaines pyodermites, abcès, et ostéomyélites (double dose, sauf chez le chat, apriori) si bien compris, pas ok pr corynebacterium",FORBIDDEN FOR LAGOMORPHS AND RODENTS Clindamycin 25mg antibiotic used in dental problems, certain pyodermas, abscesses
35f5032b-560b-59da-89b9-bfbd5f2a0392,drugs,f6b28f9e-d649-4608-90ca-d9f949e0582a,name,Antirobe 25mg ,Antirobe 25mg,Antirobe 25mg,Antirobe 25mg
59db84f8-823e-53cc-af61-d1818f3a4426,drugs,f865eab3-1185-4fbf-8fbc-622669042617,description,"antibiotique ROUGE, dont utilisation strictement limitée au vétérinaire, après antibiogramme; ",RED antibiotic, use strictly limited to the veterinarian, after antibiogram;
b269e7d1-79b8-5d23-91ca-29c2e69605ad,drugs,f865eab3-1185-4fbf-8fbc-622669042617,name,Baytril 25mg/ml injectable S.C. ,Baytril 25mg/ml injectable S.C.,Baytril 25mg/ml injecteerbaar S.C.,Baytril 25mg/ml injizierbar S.C.
9a777499-dd49-4a3f-a9ac-f7f4d20d7663,drugs,fbdaf92c-99bc-4ee4-a51b-f8b7bf58e04f,description,anti-inflammatoire stéroidien,steroidal anti-inflammatory,steroïde ontstekingsremmer,steroidales Entzündungshemmer
ae1a9d3a-e69b-4c4b-8b40-c3dd0d030fd0,drugs,fbdaf92c-99bc-4ee4-a51b-f8b7bf58e04f,name,Naquadem (IM),Naquadem (IM),Naquadem (IM),Naquadem (IM)
cb8a1d09-3aec-4d3c-859f-215664569740,drugs,fc835f1a-5ffa-44b5-b46c-8cb09328e688,description,RL ou RL plus Glucose,RL or RL plus Glucose,RL of RL plus Glucose,RL oder RL plus Glucose
3a054633-3a84-4737-a53d-92829739cd3c,drugs,fc835f1a-5ffa-44b5-b46c-8cb09328e688,name,Réhydratation (SC),Rehydration (SC),Rehydratatie (SC),Rehydration (SC)
6d626247-8fcc-5af8-93fe-e00632393d7b,outtaketypes,0be286c1-b0db-4450-921c-3724e846dbf4,description,Animal décédé naturellement durant la prise en charge.,Animal died naturally during care.,Dier overleden natuurlijk tijdens de zorg.,Tier natürlicherweise während der Pflege verstorben.
b3451349-a827-567a-995a-0213c8cb0c73,outtaketypes,0be286c1-b0db-4450-921c-3724e846dbf4,name,Décédé,Deceased,Overleden,Verstorben
0ab14b0d-5227-5c17-8162-bcd73bf756e8,outtaketypes,16840830-73af-434a-adf4-50905db3ffe8,description,Animal euthanasié en raison de lésions ou d’un état incompatible avec une remise en liberté.,Animal euthanized due to injuries or condition incompatible with release.,Dier geëuthanaseerd wegens verwondingen of een toestand onverenigbaar met vrijlating.,Tier aufgrund von Verletzungen oder eines Zustandes
65bbfe2c-c37d-557c-b2fd-81a86b328826,outtaketypes,16840830-73af-434a-adf4-50905db3ffe8,name,Euthanasié,Euthanized,Geëuthanaseerd,Eingeschläfert
0e3d6ddc-d3f9-55cc-b4b8-fda19f9c0b4e,outtaketypes,19e57f35-25bf-421e-9846-b56901c3eaa1,description,Animal placé en captivité autorisée car espèce non indigène.,Animal placed in authorized captivity as non-native species.,Dier geplaatst in toegestaan gevangenschap omdat niet-inheemse soort.,Tier in genehmigter Gefangenschaft untergebracht
0f77c1a3-bcbf-5c8d-9520-96fb3b87d4a1,outtaketypes,19e57f35-25bf-421e-9846-b56901c3eaa1,discoverer_news,Adoption d\\'un animal non sauvage.,Adoption of a non-wild animal.,Adoptie van een niet-wild dier.,Adoption eines nicht-wilden Tieres.
c15896a4-0588-5ca1-a67c-fb8a92b0771e,outtaketypes,19e57f35-25bf-421e-9846-b56901c3eaa1,name,Adoption,Adoption,Adoptie,Adoption
bcf2378d-7b78-4fd1-8a8f-67ed22e207e4,outtaketypes,33a876d2-e6e6-4c19-a485-e32ac3dce8a2,description,Adoption d'un animal non sauvage.,Adoption of a non-wild animal.,Adoptie van een niet-wild dier.,Adoption eines nicht-wilden Tieres.
272b9674-4dcf-4b5b-a87f-9225be015ed9,outtaketypes,33a876d2-e6e6-4c19-a485-e32ac3dce8a2,discoverer_news,l’animal fut adopter,the animal was adopted,het dier werd geadopteerd,Das Tier wurde adoptiert
04b2e86b-8e90-4b5c-87a6-49555d39e494,outtaketypes,33a876d2-e6e6-4c19-a485-e32ac3dce8a2,name,Adoption,Adoption,Adoptie,Adoption
c779b6e5-254a-559f-bf95-b65b56e8764d,outtaketypes,56ab85b0-7117-4332-b9b8-d2d612026097,description,Animal arrivé décédé avant l’encodage ou la prise en charge.,Animal arrived deceased before registration or care.,Dier gearriveerd overleden voor registratie of zorg.,Tier verstorben vor Registrierung oder Pflege angekommen.
f1d3206d-de1e-5e6e-a5fa-782b1349b0ec,outtaketypes,56ab85b0-7117-4332-b9b8-d2d612026097,name,Mort à l\\'arrivée avant l\\'encodage,Dead on arrival before encoding,Dood bij aankomst voor registratie,Bei Ankunft vor Registrierung verstorben
c01a511d-6b09-4e88-b54b-3eba6e3737e6,outtaketypes,6be11a46-07c1-43c6-95d3-ae3630c8e5c0,name,Doublon,Duplicate,Dubbele,Duplikat
d8e3ca47-55d0-4901-ac96-e0da037744d0,outtaketypes,83f58302-8fd5-4bce-ac11-8407540d4869,description,animal died,animal died,dier overleden,Tier verstorben
20a34e76-9e33-42fe-a22f-a0bc6cd2c429,outtaketypes,83f58302-8fd5-4bce-ac11-8407540d4869,discoverer_news,"Malheureusement, et ce malgré nos bons soins, nous n’avons pas pu sauver l’animal que vous êtes venus nous déposer.",Unfortunately, despite our best care, we were not able to save the animal you brought to us.
10c33d4e-7e30-4615-94e8-602261c0830b,outtaketypes,83f58302-8fd5-4bce-ac11-8407540d4869,name,DCD,DCD,DCD,DCD
0e3f7c83-c58d-475a-9515-b3ed9cdc34d1,outtaketypes,b28601b2-8ff9-44b4-8ae9-7adbb8c1dac3,description,animal is freed,animal is freed,dier is vrijgelaten,Tier wurde freigelassen
69976345-d37a-45ea-a859-f7bd61ffe462,outtaketypes,b28601b2-8ff9-44b4-8ae9-7adbb8c1dac3,discoverer_news,"Nous sommes heureux de vous informer que, suite à un parcours de soins en notre centre, nous avons pu relâcher l’animal que vous nous aviez confié.",We are happy to inform you that after a period of care at our center, we were able to release the animal you entrusted to us.,We zijn blij u te kunnen meedelen dat we
93510690-dba9-4182-8343-194e257966b1,outtaketypes,b28601b2-8ff9-44b4-8ae9-7adbb8c1dac3,name,Relacher,Release,Vrijlaten,Freilassen
fec21891-8d0f-4002-bfe4-e1e24fa46757,outtaketypes,b40beb00-3840-4735-83c3-2eeedfe8f357,discoverer_news,"Malheureusement, et ce malgré nos bons soins, nous n’avons pas pu sauver l’animal que vous êtes venus nous déposer.",Unfortunately, despite our best care, we were not able to save the animal you brought to us.
40f26a79-bbcc-4187-80a0-a8135b8ec77e,outtaketypes,b40beb00-3840-4735-83c3-2eeedfe8f357,name,Euthanasier,Euthanized,Geëuthanaseerd,Eingeschläfert
ed8928bd-c7ca-501e-85df-81080771f835,outtaketypes,b9f3669d-7da4-4bf6-b5e5-63eb8c284574,description,Animal réhabilité et remis en liberté dans son milieu naturel.,Animal rehabilitated and released back into its natural habitat.,Dier gerehabiliteerd en vrijgelaten in zijn natuurlijke omgeving.,Tier rehabilitiert und in seinen natürlichen Lebensraum entlassen.
60eab2d4-94aa-5cc0-9647-89cfbcc6bc56,outtaketypes,b9f3669d-7da4-4bf6-b5e5-63eb8c284574,name,Relaché,Released,Vrijgelaten,Freigelassen
feab45f3-8372-5301-950e-614cbd5d6ef1,outtaketypes,c371a011-4c5b-4557-951e-8d4e28a973e9,description,Fiche créée en double pour le même animal.,Record created twice for the same animal.,Fiche dubbel aangemaakt voor hetzelfde dier.,Datensatz doppelt für dasselbe Tier angelegt.
b8de01cb-8bb3-5bb7-969c-127871c083ab,outtaketypes,c371a011-4c5b-4557-951e-8d4e28a973e9,name,Doublon,Duplicate,Dubbele,Duplikat
92fc25c4-96d3-4c64-8c3c-67f83e08b426,outtaketypes,ea1f0920-ab5b-4e2a-944b-e59eece6bdec,description,animal is transfered,animal is transferred,dier is overgebracht,Tier wurde überführt
19f460f1-9f9b-4184-8200-48a29d186b1f,outtaketypes,ea1f0920-ab5b-4e2a-944b-e59eece6bdec,name,Transferer,Transfer,Overbrengen,Überführen
858f88b0-16c5-472d-a4ed-9938d6c05490,outtaketypes,fc71fa06-186f-4f15-b532-9fe54c0ed0a2,description,Mort avant l'encodage de l'animal,Dead before animal registration,Dood voor registratie van het dier,Verstorben vor der Registrierung des Tieres
8d796cb5-e97d-451f-b8f5-05b44651e343,outtaketypes,fc71fa06-186f-4f15-b532-9fe54c0ed0a2,name,Mort à l'arrivée avant l'encodage,Dead on arrival before encoding,Dood bij aankomst voor registratie,Bei Ankunft vor Registrierung verstorben
8e5b28fe-f789-566f-be3d-a5fc5fce8766,outtaketypes,ff4d9031-18ed-4e77-bcc3-920671323e01,description,"Transfert de l\\'animal vers un: refuge, CREAVES, VOC, ZOO, ...",Transfer of the animal to: shelter, CREAVES, VOC
6b0e9cfa-5fb9-581b-82df-6efabb7b06a1,outtaketypes,ff4d9031-18ed-4e77-bcc3-920671323e01,name,Transféré,Transferred,Overgebracht,Überführt
25d7336b-7e62-43d5-8ee0-2488a0bb4add,species,SP1,agw_group,Rapace,Bird of prey,Roofvogel,Greifvogel
4f296be8-6c33-47bf-8660-7e7e0a1eec46,species,SP1,class,Aves,Aves,Aves,Aves
4679e640-78b6-4faf-ad0c-474b08dd92e8,species,SP1,creaves_species,Autour des palombes,Northern Goshawk,Havik,Habicht
69e18cf4-b45a-4ef4-af78-d1c9b6f80f24,species,SP1,family,Accipitridés,Accipitridae,Accipitridae,Accipitridae
d8cbe633-3219-47f4-b0fc-5083c83183d7,species,SP1,native_status,NS1,NS1,NS1,NS1
6543c010-b16b-4495-bb5d-429eadc89435,species,SP1,order,Accipitriformes,Accipitriformes,Accipitriformes,Accipitriformes
2fcc7577-3921-43f1-89a3-6b090c9d0194,species,SP1,species,Accipiter gentilis,Accipiter gentilis,Accipiter gentilis,Accipiter gentilis
e161efe0-100b-4a08-acf0-e7fadf4a3402,species,SP1,subside_group,SG1,SG1,SG1,SG1
1f6b6461-5836-450c-8541-7a7237685019,species,SP10,agw_group,Autre oiseau,Other bird,Andere vogel,Anderer Vogel
907e20df-70d4-47fb-8f12-adf064cfae78,species,SP10,class,Aves,Aves,Aves,Aves
b2d8b62c-ae81-4761-9ee0-ce753191615d,species,SP10,creaves_species,Orite à longue queue,Long-tailed Tit,Staartmees,Schwanzmeise
66db39a6-56b6-4824-bc37-a207af5f5d5a,species,SP10,family,Aegithalidés,Aegithalidae,Aegithalidae,Aegithalidae
cdbd9e5b-026f-46af-af7e-f8964a0e798f,species,SP10,native_status,NS1,NS1,NS1,NS1
45bd6fa7-faac-43c4-b593-bc1bf2d5771c,species,SP10,order,Passériformes,Passeriformes,Passeriformes,Passeriformes
881f0d0d-11d6-4cb2-b58d-a78c173079bb,species,SP10,species,Aegithalos caudatus,Aegithalos caudatus,Aegithalos caudatus,Aegithalos caudatus
9b59d55f-1935-4a9d-9b03-4227ee4fbe44,species,SP10,subside_group,SG2,SG2,SG2,SG2
86e4d238-d2d5-4994-91b3-734683dc3d6b,species,SP100,agw_group,Autre oiseau,Other bird,Andere vogel,Anderer Vogel
4ccc7e72-c9a9-4a08-bb28-523668b4f5fb,species,SP100,class,Aves,Aves,Aves,Aves
bbdcede7-a2e2-448a-bb66-c3e7f1608c0c,species,SP100,creaves_species,Linotte à bec jaune,Twite,Tween,Dreizehen-Gimpel
eee67fe4-4196-460a-b76f-1cbe65f88a3c,species,SP100,family,Fringillidés,Fringillidae,Fringillidae,Fringillidae
b7c8d0b3-3da1-4f5b-bf5e-93a68752d58a,species,SP100,native_status,NS1,NS1,NS1,NS1
89c42b7c-7966-4bed-b97f-ab698f9a82e2,species,SP100,order,Passériformes,Passeriformes,Passeriformes,Passeriformes
cab2b726-7042-42f3-a746-5091cb976a77,species,SP100,species,Carduelis flavirostris,Carduelis flavirostris,Carduelis flavirostris,Carduelis flavirostris
ae86adbd-c07b-4d3c-a5bf-9b373fd738a8,species,SP100,subside_group,SG2,SG2,SG2,SG2
c4f72b7e-fa65-447f-bc3c-399f02ea4a95,species,SP101,agw_group,Autre oiseau,Other bird,Andere vogel,Anderer Vogel
e820fee4-fca7-4af4-9c05-c0bd6e1498de,species,SP101,class,Aves,Aves,Aves,Aves
9da995d7-22f9-4afa-8db7-f3848f356ae4,species,SP101,creaves_species,Tarin des aulnes,Eurasian Siskin,Sijs,Erlenzeisig
45240d4c-6733-4b5a-9683-72f1ff95cdbd,species,SP101,family,Fringillidés,Fringillidae,Fringillidae,Fringillidae
e9560b47-ce17-404d-85c2-d9694f66bd53,species,SP101,native_status,NS1,NS1,NS1,NS1
ce3150c4-6314-40c1-95fc-525f0c115f88,species,SP101,order,Passériformes,Passeriformes,Passeriformes,Passeriformes
daff8c22-9837-4e40-8727-ea5965e8c529,species,SP101,species,Carduelis spinus,Carduelis spinus,Carduelis spinus,Carduelis spinus
2804e6de-b792-4c63-8eb5-e92716614651,species,SP101,subside_group,SG2,SG2,SG2,SG2
0bac166c-a840-4c85-a347-750eefe9d57e,species,SP102,agw_group,Autre oiseau,Other bird,Andere vogel,Anderer Vogel
1adc4388-6b2a-4645-a51b-5b77038c5f14,species,SP102,class,Aves,Aves,Aves,Aves
7e4246d1-7cb1-4d11-b388-34d591295ec1,species,SP102,creaves_species,Roselin cramoisi,Common Rosefinch,Carmijnvink,Karmingimpel
fc2c59e0-421f-4aa1-8241-e882cef32d1e,species,SP102,family,Fringillidés,Fringillidae,Fringillidae,Fringillidae
825624d0-4bb7-4743-a1b5-a8f3aafcbbad,species,SP102,native_status,NS1,NS1,NS1,NS1
4f432ac8-86c8-4c7e-ac2d-00926fb81e29,species,SP102,order,Passériformes,Passeriformes,Passeriformes,Passeriformes
7d4d1c9b-8053-41d0-a1d4-ec63beb35f92,species,SP102,species,Carpodacus erythrinus,Carpodacus erythrinus,Carpodacus erythrinus,Carpodacus erythrinus
69d5703b-7d27-4533-a894-026dd39e5a69,species,SP102,subside_group,SG2,SG2,SG2,SG2
9d78f5a1-8be0-40bc-8db5-d71932a59224,species,SP103,agw_group,Mammifère taille moyenne,Medium-sized mammal,Middelgroot zoogdier,Mittelgroßes Säugetier
904cd560-f436-4218-8625-0b2c5a71b6c2,species,SP103,class,Mammalia,Mammalia,Mammalia,Mammalia
0ab18241-9ff4-471c-89f9-a4538baada33,species,SP103,creaves_species,Castor d'Europe,European Beaver,Europese bever,Europäischer Biber
41b9cce5-b4f6-4280-8429-c72248627977,species,SP103,family,Castoridés,Castoridae,Castoridae,Castoridae
05ddebb7-609d-4558-a4ec-cd9d1ef83da1,species,SP103,native_status,NS1,NS1,NS1,NS1
b98893ff-d40e-4e11-9c06-3c6b13c43220,species,SP103,order,Castorimorpha,Castorimorpha,Castorimorpha,Castorimorpha
d99d9834-4991-41bc-ab3b-4321c3717ef2,species,SP103,species,Castor fiber,Castor fiber,Castor fiber,Castor fiber
6089a4b1-61e5-4a32-880c-d0a331698b6b,species,SP103,subside_group,SG3,SG3,SG3,SG3
ab21b821-4436-4f45-b54a-95f3c07b6452,species,SP104,agw_group,Autre oiseau,Other bird,Andere vogel,Anderer Vogel
b2a8dbf6-db30-4316-a3e9-409e8925bb7f,species,SP104,class,Aves,Aves,Aves,Aves
55f4e479-3b3e-452f-ae53-d63e63666c62,species,SP104,creaves_species,Grimpereau des jardins,Short-toed Treecreeper,Boomkruiper,Gartenbaumläufer
6730f9e7-8462-4409-9078-6119f4f2e6de,species,SP104,family,Certhiidés,Certhiidae,Certhiidae,Certhiidae
822152ee-ae42-4272-a799-8114972a00b4,species,SP104,native_status,NS1,NS1,NS1,NS1
f9150860-6937-44dc-b549-234be3a072b8,species,SP104,order,Passériformes,Passeriformes,Passeriformes,Passeriformes
ba60bd34-e762-4d71-a6df-059f89297f99,species,SP104,species,Certhia brachydactyla,Certhia brachydactyla,Certhia brachydactyla,Certhia brachydactyla
9d43388d-35d1-4535-b211-1e0ccebe395b,species,SP104,subside_group,SG2,SG2,SG2,SG2
43427c35-6cf8-410c-89f7-4ea5c6a5b38b,species,SP105,agw_group,Autre oiseau,Other bird,Andere vogel,Anderer Vogel
f566e8bc-657b-4f05-aebf-60b67845d0e6,species,SP105,class,Aves,Aves,Aves,Aves
5c2b198b-aaa0-4f70-b958-fc061303b14d,species,SP105,creaves_species,Grimpereau des bois,Eurasian Treecreeper,Boomkruiper,Waldbaumläufer
7c10a916-effe-4003-954f-b523e9d99729,species,SP105,family,Certhiidés,Certhiidae,Certhiidae,Certhiidae
8f5c4a38-7055-4531-919a-2ee2b3ae910b,species,SP105,native_status,NS1,NS1,NS1,NS1
9f85b8eb-65cb-4316-9bd9-5a4065b64ecf,species,SP105,order,Passériformes,Passeriformes,Passeriformes,Passeriformes
445a2420-7f94-42d8-ad2f-fb932ecedbb4,species,SP105,species,Certhia familiaris,Certhia familiaris,Certhia familiaris,Certhia familiaris
f76ba506-f661-44e9-9117-0cbff55aa548,species,SP105,subside_group,SG2,SG2,SG2,SG2
3b3c14f6-7dc1-47e8-abb0-0c74beda22be,species,SP106,agw_group,Ongulé,Ungulate,Hoefdier,Paarhufer
3f9ae823-8886-4f0e-8317-b8032d07600c,species,SP106,class,Mammalia,Mammalia,Mammalia,Mammalia
344a7846-8081-4071-badf-4728984a4046,species,SP106,creaves_species,Cerf élaphe,Red Deer,Rood hert,Rothirsch
64168d47-6392-4378-9587-47e84e6c09f5,species,SP106,family,Cervidés,Cervidae,Cervidae,Cervidae
037344b2-8db6-491e-a8e3-ac632a4310e2,species,SP106,native_status,NS1,NS1,NS1,NS1
6dcfa6b8-ceba-4790-bdb1-1eafe1edaf21,species,SP106,order,Pecora,Pecora,Pecora,Pecora
b2970c32-a6f8-4211-9776-7c2a1b7a5b07,species,SP106,species,Cervus elaphus,Cervus elaphus,Cervus elaphus,Cervus elaphus
62c37af6-b607-475d-a436-f192aa57f895,species,SP106,subside_group,SG3,SG3,SG3,SG3
90f89ae5-3830-4288-a078-3900b246c8b4,species,SP107,agw_group,Autre oiseau,Other bird,Andere vogel,Anderer Vogel
6de8fe65-9df5-4b3f-82ac-1321f730ddb0,species,SP107,class,Aves,Aves,Aves,Aves
f3f8c1a0-08ab-48f6-8667-4b1e24312180,species,SP107,creaves_species,Bouscarle de Cetti,Cetti's Warbler,Cetti's zanger,Cettisänger
417b310b-0ff3-43e3-89fa-2f2aa4e66321,species,SP107,family,Cettiidés,Cettiidae,Cettiidae,Cettiidae
8d6002e9-0566-4316-9c5c-cf4d4aea07f2,species,SP107,native_status,NS1,NS1,NS1,NS1
d6b42aec-8db0-4659-af9f-624c754777c2,species,SP107,order,Passériformes,Passeriformes,Passeriformes,Passeriformes
767290f0-22d7-41a8-a34c-4045d4a0c426,species,SP107,species,Cettia cetti,Cettia cetti,Cettia cetti,Cettia cetti
acf3a393-7872-4b0e-a681-b021857a441d,species,SP107,subside_group,SG2,SG2,SG2,SG2
11cd5ee1-8514-4814-b3f3-463afd5811fb,species,SP108,agw_group,Limicole,Wader,Steltloper,Watvogel
bc70a96d-8926-4d25-a056-c81e05d417b0,species,SP108,class,Aves,Aves,Aves,Aves
e728b0b6-edc4-4809-98c2-5e8da3e0cd1a,species,SP108,creaves_species,Pluvier gravelot à collier interrompu,Kentish Plover,Strandplevier,Sandregenpfeifer
63374dae-c5c1-463e-9912-3da348ab5a38,species,SP108,family,Charadriidés,Charadriidae,Charadriidae,Charadriidae
0769dbae-36f6-451c-ab41-5a756f4a242f,species,SP108,native_status,NS1,NS1,NS1,NS1
8a985c1f-0489-4bf1-bcbb-60e7fa3b2dac,species,SP108,order,Charadriiformes,Charadriiformes,Charadriiformes,Charadriiformes
6353247f-fcfc-40e0-bb47-d77774a42cff,species,SP108,species,Charadrius alexandrinus,Charadrius alexandrinus,Charadrius alexandrinus,Charadrius alexandrinus
45af06af-e466-4118-930f-9fdca80457c4,species,SP108,subside_group,SG1,SG1,SG1,SG1
79ebe8c0-e469-4bb9-ac1b-28930973978c,species,SP109,agw_group,Limicole,Wader,Steltloper,Watvogel
b4a660b0-3c7e-4841-8ad8-3a4d098a5518,species,SP109,class,Aves,Aves,Aves,Aves
f0df6fba-049c-40a0-ba47-52b8540a0c0f,species,SP109,creaves_species,Pluvier petit gravelot,Little Ringed Plover,Kleine plevier,Flussregenpfeifer
5dea0bac-6c95-458e-bba7-c5a9f27c3669,species,SP109,family,charadriidés,Charadriidae,Charadriidae,Charadriidae
15151f94-7850-4653-a786-af6844f5014f,species,SP109,native_status,NS1,NS1,NS1,NS1
bd478433-e9c8-42c8-9c96-f224acb92488,species,SP109,order,Charadriiformes,Charadriiformes,Charadriiformes,Charadriiformes
ed28facf-c403-4e0d-895d-5d0ff3f08b4f,species,SP109,species,Charadrius dubius,Charadrius dubius,Charadrius dubius,Charadrius dubius
290db560-890e-42a8-8422-f93188b58838,species,SP109,subside_group,SG1,SG1,SG1,SG1
80fd34be-1070-44b2-8ec3-63a6d6ebd2ee,species,SP11,agw_group,Rapace,Bird of prey,Roofvogel,Greifvogel
dec99b16-a7ee-4d5e-bf55-fd36cb814cf4,species,SP11,class,Aves,Aves,Aves,Aves
cfb65d68-de58-44cf-ae74-2a3528949e8e,species,SP11,creaves_species,Chouette de Tengmalm,Boreal Owl,Paapje,Rauhfußkauz
858f386d-8893-4073-93b8-0a2f5a9c6676,species,SP11,family,Strigidés,Strigidae,Strigidae,Strigidae
2334a108-d1d3-4883-918f-ee18ec680b11,species,SP11,native_status,NS1,NS1,NS1,NS1
8b274772-4418-422f-a8c1-aa7d1e15943f,species,SP11,order,Strigiformes,Strigiformes,Strigiformes,Strigiformes
75ae512b-e5b6-4afa-8161-b9f03e8985cb,species,SP11,species,Aegolius funereus,Aegolius funereus,Aegolius funereus,Aegolius funereus
8ba62fd9-bd90-4a45-94fc-052ab16ff6f1,species,SP11,subside_group,SG1,SG1,SG1,SG1
838ffa98-ba99-40cb-b48a-374d412caad3,species,SP110,agw_group,Limicole,Wader,Steltloper,Watvogel
1838a043-46f4-4887-a0f7-d5f65e24a998,species,SP110,class,Aves,Aves,Aves,Aves
a6f8cf3a-9640-406f-b85a-dc17876423c2,species,SP110,creaves_species,Pluvier grand gravelot,Common Ringed Plover,Bontbekplevier,Sandregenpfeifer
43a28a2e-a42d-4da7-b8d2-bc92ab475630,species,SP110,family,Charadriidés,Charadriidae,Charadriidae,Charadriidae
3f726c3a-3539-4d43-94af-6a6dfd90c075,species,SP110,native_status,NS1,NS1,NS1,NS1
37e1b063-8994-4b1b-aaf9-726546945b0d,species,SP110,order,Charadriiformes,Charadriiformes,Charadriiformes,Charadriiformes
eba2ef47-5229-45ea-afd9-8bd34a3cd7d4,species,SP110,species,Charadrius hiaticula,Charadrius hiaticula,Charadrius hiaticula,Charadrius hiaticula
f71fc95a-1385-425e-980a-cc7b30c96b44,species,SP110,subside_group,SG1,SG1,SG1,SG1
783a31ed-b414-440d-87d9-25d76d44d3f3,species,SP111,agw_group,Limicole,Wader,Steltloper,Watvogel
230fb0d4-c2bc-423a-a502-91892044ec2f,species,SP111,class,Aves,Aves,Aves,Aves
79b645ba-c138-4a16-a587-d30e28c05fa2,species,SP111,creaves_species,Pluvier guignard,Eurasian Dotterel,Morinelplevier,Mornellregenpfeifer
d245d7fd-b6a0-4cd4-8339-b81cd3660e27,species,SP111,family,Charadriidés,Charadriidae,Charadriidae,Charadriidae
dff1503d-3f57-4dd5-97f8-07a06f09df8e,species,SP111,native_status,NS1,NS1,NS1,NS1
9d712539-d327-4a05-b777-1f6d49d15473,species,SP111,order,Charadriiformes,Charadriiformes,Charadriiformes,Charadriiformes
239abf6e-52b8-4243-89e3-c6e2fa2f9a97,species,SP111,species,Charadrius morinellus,Charadrius morinellus,Charadrius morinellus,Charadrius morinellus
4ebb7fef-7af7-46f0-a79c-9ebab6936de0,species,SP111,subside_group,SG1,SG1,SG1,SG1
1465d64d-d470-4e74-b8f0-94a7c3c659de,species,SP112,agw_group,Autre oiseau,Other bird,Andere vogel,Anderer Vogel
34d1972f-6a60-42cb-9e2e-45bb4a632595,species,SP112,class,Aves,Aves,Aves,Aves
efee7368-88e6-4903-86dd-4f3b7aefa64d,species,SP112,creaves_species,Outarde houbara,African Houbara,Afrikaanse trap,Afrikanische Trappe
8365e8bd-df6f-4570-854e-7241c4abbedf,species,SP112,family,Otididés,Otididae,Otididae,Otididae
5d3ac89f-6545-47a8-8098-caac6c3f4c43,species,SP112,native_status,NS1,NS1,NS1,NS1
2520943e-95c3-4103-bb2b-a2f66a8ef2b7,species,SP112,order,Otidiformes,Otidiformes,Otidiformes,Otidiformes
feb6c536-b8f8-43f4-b65d-c8ca12a4942c,species,SP112,species,Chlamydotis undulata,Chlamydotis undulata,Chlamydotis undulata,Chlamydotis undulata
1484eef5-9f34-490e-af81-6d3a953d9f1f,species,SP112,subside_group,SG1,SG1,SG1,SG1
58a94004-30c6-4f24-bf5f-70573f83dd83,species,SP113,agw_group,Laridé,Gull,Meeuw,Möwe
6cf98f96-39cb-4c0c-b34f-844507cc8bdf,species,SP113,class,Aves,Aves,Aves,Aves
7ef9a4ad-71eb-450a-8cee-873077bd6e82,species,SP113,creaves_species,Guifette moustac,Whiskered Tern,Withalsstern,Weißbart-Seeschwalbe
7a589428-99cf-4281-868b-67d5236c5d36,species,SP113,family,Sternidés,Sternidae,Sternidae,Sternidae
696dc959-0697-4e8b-a19a-5af95f34ac2b,species,SP113,native_status,NS1,NS1,NS1,NS1
2e702697-9453-4c21-926d-b841bf3d5f58,species,SP113,order,Passériformes,Passeriformes,Passeriformes,Passeriformes
93fd2474-8ed5-4e6e-b6f3-28022899874c,species,SP113,species,Chlidonias hybridus,Chlidonias hybridus,Chlidonias hybridus,Chlidonias hybridus
cbf88a35-7223-4551-a2d0-6b5ace89ac4d,species,SP113,subside_group,SG1,SG1,SG1,SG1
6813906b-54bc-49ce-ac07-d518eba6ea85,species,SP114,agw_group,Laridé,Gull,Meeuw,Möwe
d02ea39f-a3cb-4088-8a13-0e102463b182,species,SP114,class,Aves,Aves,Aves,Aves
d5673806-7808-40f1-b63a-2339cf9789a3,species,SP114,creaves_species,Guifette leucoptère,White-winged Tern,Withoekstern,Weißflügel-Seeschwalbe
dc611d14-20f9-42ac-9230-dd5c0a0e8574,species,SP114,family,Sternidés,Sternidae,Sternidae,Sternidae
40967d4a-744a-49b5-9a9c-497b8426d8d7,species,SP114,native_status,NS1,NS1,NS1,NS1
07322e58-8db7-4893-ad9f-c87a30e8ae7a,species,SP114,order,Passériformes,Passeriformes,Passeriformes,Passeriformes
b5616adb-0980-4263-ab06-94f0f5a0ebd0,species,SP114,species,Chlidonias leucopterus,Chlidonias leucopterus,Chlidonias leucopterus,Chlidonias leucopterus
27cb9aad-90b7-4fb8-8aae-3e930c95ce53,species,SP114,subside_group,SG1,SG1,SG1,SG1
060e9ccc-3b2f-4661-bffd-297e2a1d3a52,species,SP115,agw_group,Laridé,Gull,Meeuw,Möwe
7dbdf351-0860-4729-9984-e6cf5f487177,species,SP115,class,Aves,Aves,Aves,Aves
e6764e9d-cfdc-405e-8b9d-46087056bddc,species,SP115,creaves_species,Guifette noire,Black Tern,Zwarte stern,Trauerseeschwalbe
8659413b-7a2c-424e-8ae0-20a0005e5e10,species,SP115,family,Sternidés,Sternidae,Sternidae,Sternidae
78269df1-dab1-4fc7-a228-b2ed8cc9eaf9,species,SP115,native_status,NS1,NS1,NS1,NS1
a6974c9a-e79f-45d3-a9fe-86ad094805f7,species,SP115,order,Passériformes,Passeriformes,Passeriformes,Passeriformes
5b35cb51-885d-4c05-b038-e733e274f1ac,species,SP115,species,Chlidonias niger,Chlidonias niger,Chlidonias niger,Chlidonias niger
43c5837e-9ec5-42fa-a12b-efa1439c0724,species,SP115,subside_group,SG1,SG1,SG1,SG1
9c609d2a-32d3-46f4-aa95-5334312f72f1,species,SP116,agw_group,Grand échassier,Large wader,Grote steltloper,Großer Watvogel
ec2eeee2-416c-4c0a-8bab-9cceafa268d3,species,SP116,class,Aves,Aves,Aves,Aves
04eb5195-bbc9-4048-8ad1-371639606fd5,species,SP116,creaves_species,Cigogne blanche,White Stork,Ooievaar,Weißstorch
cd0ac118-723a-4fdb-8013-482230c31324,species,SP116,family,Ciconiidés,Ciconiidae,Ciconiidae,Ciconiidae
42c060bf-3ded-4c7e-9b00-240b944f4d3c,species,SP116,native_status,NS1,NS1,NS1,NS1
5f2a55ef-f977-438e-85d7-0210272b43af,species,SP116,order,Ciconiiformes,Ciconiiformes,Ciconiiformes,Ciconiiformes
aa705073-262e-4f39-b788-8be2d2f295a2,species,SP116,species,Ciconia ciconia,Ciconia ciconia,Ciconia ciconia,Ciconia ciconia
aed3263f-7621-4ef8-af86-9b855f8c5f70,species,SP116,subside_group,SG1,SG1,SG1,SG1
dfdee6cc-7589-47c8-a38c-a51d8a51ba59,species,SP117,agw_group,Grand échassier,Large wader,Grote steltloper,Großer Watvogel
a470afe7-3d4c-4279-b689-0ee9a124a1b5,species,SP117,class,Aves,Aves,Aves,Aves
11ae9783-9753-40be-b2b9-c1e74335d961,species,SP117,creaves_species,Cigogne noire,Black Stork,Zwarte ooievaar,Schwarzstorch
b0110527-e304-4c50-a885-a158a0b56ed6,species,SP117,family,Ciconiidés,Ciconiidae,Ciconiidae,Ciconiidae
c4d95008-96f1-48cd-ad51-d0a175bc1f0d,species,SP117,native_status,NS1,NS1,NS1,NS1
288ef07b-b4f0-48ae-abab-e04bee121490,species,SP117,order,Ciconiiformes,Ciconiiformes,Ciconiiformes,Ciconiiformes
afd8ca6e-dc5a-4276-a708-9a8ca5579827,species,SP117,species,Ciconia nigra,Ciconia nigra,Ciconia nigra,Ciconia nigra
91b98b71-5980-4ae3-bf90-c73e8ade4288,species,SP117,subside_group,SG1,SG1,SG1,SG1
22af75be-35b7-4b74-8b1b-d4762853f9e5,species,SP118,agw_group,Autre oiseau d'eau,Other waterbird,Andere watervogel,Anderer Wasservogel
799859ce-38ce-4cc1-9913-b64b520aa900,species,SP118,class,Aves,Aves,Aves,Aves
132513ae-d17a-4a71-9c28-2a8a22a1a104,species,SP118,creaves_species,Cincle plongeur,White-throated Dipper,Waterspreeuw,Wasseramsel
dd2b4431-010c-4101-b6df-b60192da829a,species,SP118,family,Cinclidés,Cinclidae,Cinclidae,Cinclidae
7a8e8a4d-8876-4281-a8e6-2eec804c48db,species,SP118,native_status,NS1,NS1,NS1,NS1
4cdb89ed-41c1-4499-8a60-ad7df44d87b4,species,SP118,order,Passériformes,Passeriformes,Passeriformes,Passeriformes
36d2105f-9c88-4702-8755-2181655d34fd,species,SP118,species,Cinclus cinclus,Cinclus cinclus,Cinclus cinclus,Cinclus cinclus
d1309e5e-b594-4525-9e9c-0faca25f689c,species,SP118,subside_group,SG2,SG2,SG2,SG2
c597dfec-abb4-43e7-8eb5-fc76ccc6e066,species,SP119,agw_group,Rapace,Bird of prey,Roofvogel,Greifvogel
45464d1e-874f-4083-95d7-0e6fcb530bdf,species,SP119,class,Aves,Aves,Aves,Aves
fcea708f-43a0-40ca-a8fb-a9e0157c8c38,species,SP119,creaves_species,Circaète Jean le blanc,Short-toed Snake Eagle,Slangenarend,Schlangenadler
fdc881f8-816c-48e9-9eaf-bf3f609a4ce4,species,SP119,family,Accipitridés,Accipitridae,Accipitridae,Accipitridae
ca76e6bd-49cd-44ca-8c18-3c70f54d02a6,species,SP119,native_status,NS1,NS1,NS1,NS1
1a80382f-aa4d-4bb9-a9e8-c81cfaa0cc8e,species,SP119,order,Accipitriformes,Accipitriformes,Accipitriformes,Accipitriformes
3973bd00-35f1-4d52-9806-548779bd3784,species,SP119,species,Circaetus gallicus,Circaetus gallicus,Circaetus gallicus,Circaetus gallicus
f56d6e53-4153-48d9-80f1-8f30037877b3,species,SP119,subside_group,SG1,SG1,SG1,SG1
25f22ef5-8c05-4696-a494-40bcdb1eae92,species,SP12,agw_group,Anatidé  / grèbe,Duck / grebe,Eend / fuut,Ente / Taucher
c7283207-c07f-41f9-88c1-1f3e4e2fc19f,species,SP12,class,Aves,Aves,Aves,Aves
f3351b1f-be97-48d2-b6e4-36b3593054b2,species,SP12,creaves_species,Canard mandarin,Mandarin Duck,Mandarijneend,Mandarinenente
cd0c0d81-f996-4d08-921c-7a9b300b0d39,species,SP12,family,Anatidés,Anatidae,Anatidae,Anatidae
85b669d3-6934-4c37-bf97-1b705c97352f,species,SP12,native_status,NS5,NS5,NS5,NS5
cd140d2f-c191-4e7f-9f4a-5e403259f17c,species,SP12,order,Ansériformes,Anseriformes,Anseriformes,Anseriformes
8f888d67-665b-4398-a48f-3d9ffefa037f,species,SP12,species,Aix galericulata,Aix galericulata,Aix galericulata,Aix galericulata
0a6946a6-0f34-4585-8662-278437863427,species,SP12,subside_group,SG4,SG4,SG4,SG4
1d531555-7846-4c72-a8c8-b7eefdb81911,species,SP120,agw_group,Rapace,Bird of prey,Roofvogel,Greifvogel
72614d73-11d3-4dff-9e74-ba3a10acf1df,species,SP120,class,Aves,Aves,Aves,Aves
3b992459-3a96-4c7c-aec2-cb7a7cd6d663,species,SP120,creaves_species,Busard des roseaux,Western Marsh Harrier,Bruine kiekendief,Rohrweihe
395569dc-7231-43c3-a37d-0295214ef36e,species,SP120,family,Accipitridés,Accipitridae,Accipitridae,Accipitridae
0963c5b7-8776-4089-b5e6-d2f0a5f11ab4,species,SP120,native_status,NS1,NS1,NS1,NS1
e51d5a4f-d12d-4990-ad12-8e7aaf72647b,species,SP120,order,Accipitriformes,Accipitriformes,Accipitriformes,Accipitriformes
ac365eb1-d322-4832-95d8-18416963c131,species,SP120,species,Circus aeruginosus,Circus aeruginosus,Circus aeruginosus,Circus aeruginosus
c1ca0982-fdf8-4274-9876-24b75532ab28,species,SP120,subside_group,SG1,SG1,SG1,SG1
d6a7e16f-f3fc-4255-a9c3-9a00d245ae85,species,SP121,agw_group,Rapace,Bird of prey,Roofvogel,Greifvogel
c8f66bf0-679e-4fcc-adfd-68e76b4c4498,species,SP121,class,Aves,Aves,Aves,Aves
42ebf002-4e7e-4e04-994a-9b6ad033a645,species,SP121,creaves_species,Busard Saint Martin,Hen Harrier,Blauwe kiekendief,Kornweihe
630d2541-032b-4cd2-b893-0017fa22e609,species,SP121,family,Accipitridés,Accipitridae,Accipitridae,Accipitridae
7e114f8b-d0c3-4a92-b781-8b1d93226fb4,species,SP121,native_status,NS1,NS1,NS1,NS1
6f973142-9c4f-483e-abe3-57d69b9a725e,species,SP121,order,Accipitriformes,Accipitriformes,Accipitriformes,Accipitriformes
e8a7c8f5-17bf-441f-81df-bac5f7f186a1,species,SP121,species,Circus cyaneus,Circus cyaneus,Circus cyaneus,Circus cyaneus
d1247de7-9c99-48de-8c6c-8d9d2ae4e0eb,species,SP121,subside_group,SG1,SG1,SG1,SG1
c8e52793-e1bd-4f69-98d3-7bb104b5279e,species,SP122,agw_group,Rapace,Bird of prey,Roofvogel,Greifvogel
7c624e63-f7c0-41d0-b646-dcf6365f9943,species,SP122,class,Aves,Aves,Aves,Aves
199598d0-e553-4772-8554-ac77c62c0201,species,SP122,creaves_species,Busard pâle,Pallid Harrier,Steppekiekendief,Steppenweihe
84af5479-bee3-4060-b25b-3e6743cd91fe,species,SP122,family,Accipitridés,Accipitridae,Accipitridae,Accipitridae
23e0ec70-7540-462e-8627-59859a370f9d,species,SP122,native_status,NS1,NS1,NS1,NS1
e63f6863-7f7b-40ec-884f-a2c4eaa72035,species,SP122,order,Accipitriformes,Accipitriformes,Accipitriformes,Accipitriformes
96c17dc9-227e-4f3f-b964-8ff0f7024e5a,species,SP122,species,Circus macrourus,Circus macrourus,Circus macrourus,Circus macrourus
7cfdffbf-b448-4c51-b3b4-b12750e99aaa,species,SP122,subside_group,SG1,SG1,SG1,SG1
7bece3e4-e27b-4a19-a88d-5bb4b3809663,species,SP123,agw_group,Rapace,Bird of prey,Roofvogel,Greifvogel
7de40d4e-83af-4ac4-a3bd-99454dcb2426,species,SP123,class,Aves,Aves,Aves,Aves
2d0eaa1b-4273-4032-a145-3dfae2409b3f,species,SP123,creaves_species,Busard cendré,Montagu's Harrier,Grauwe kiekendief,Wiesenweihe
a9f2d50b-7883-49a9-b093-891da2b150b4,species,SP123,family,Accipitridés,Accipitridae,Accipitridae,Accipitridae
c6de773a-e62a-4276-bedc-ec9b98088f34,species,SP123,native_status,NS1,NS1,NS1,NS1
f7827074-7194-410d-9f85-6e1511dce0c8,species,SP123,order,Accipitriformes,Accipitriformes,Accipitriformes,Accipitriformes
4e2dc3c9-e57a-4e46-a15d-04865bef8e7d,species,SP123,species,Circus pygargus,Circus pygargus,Circus pygargus,Circus pygargus
ed285a47-cfda-4b07-b325-86c9ddc27e5e,species,SP123,subside_group,SG1,SG1,SG1,SG1
f360f1e5-24a8-4fb0-bddf-60ff6a968a26,species,SP124,agw_group,Autre oiseau,Other bird,Andere vogel,Anderer Vogel
80f7cfba-f137-4adc-a968-9dbe766ae51c,species,SP124,class,Aves,Aves,Aves,Aves
ff5869c2-d21a-43d0-b302-dcc800141f99,species,SP124,creaves_species,Cisticole des joncs,Zitting Cisticola,Graszanger,Cistensänger
5d16252f-969f-4ec7-9a51-3fead81fae27,species,SP124,family,Cisticolidés,Cisticolidae,Cisticolidae,Cisticolidae
57c3e5f8-b0f1-4655-b1e4-fd4e329fc789,species,SP124,native_status,NS1,NS1,NS1,NS1
bbdc0212-a9ba-46a4-9311-af17739f01f8,species,SP124,order,Passériformes,Passeriformes,Passeriformes,Passeriformes
602b9d3a-20c2-4b24-a73c-ea5fa15a70e2,species,SP124,species,Cisticola juncidis,Cisticola juncidis,Cisticola juncidis,Cisticola juncidis
6633f2a5-3341-4dbd-8d33-efcc22e2c1e6,species,SP124,subside_group,SG2,SG2,SG2,SG2
952472c0-df9d-4dbe-b30d-9a98fb04d65a,species,SP125,agw_group,Autre oiseau,Other bird,Andere vogel,Anderer Vogel
4e02fd07-931c-401a-9d64-7b6c2280f07c,species,SP125,class,Aves,Aves,Aves,Aves
63581c0e-ef3c-4e93-9bd3-9869ec0b7049,species,SP125,creaves_species,Coucou geai,Great Spotted Cuckoo,Kuifkoekoek,Häherkuckuck
f157e3c8-dc9d-4b3f-ad24-f7d8346d52aa,species,SP125,family,Cuculidés,Cuculidae,Cuculidae,Cuculidae
f9b2f04e-7e4b-4e84-89b4-f2c33b5f5243,species,SP125,native_status,NS1,NS1,NS1,NS1
fbaba0c6-e637-4dec-afed-f38cc8f0c1e7,species,SP125,order,Cuculiformes,Cuculiformes,Cuculiformes,Cuculiformes
caab2610-89ba-47f2-87fa-27f8d53b58cc,species,SP125,species,Clamator glandarius,Clamator glandarius,Clamator glandarius,Clamator glandarius
9a2e7233-841e-45ca-977c-279d2e3737ac,species,SP125,subside_group,SG2,SG2,SG2,SG2
05832158-54f0-46a0-9de9-7ce073ec6140,species,SP126,agw_group,Anatidé  / grèbe,Duck / grebe,Eend / fuut,Ente / Taucher
99cdb2bc-54b1-4cb4-a510-d6693eb7fc34,species,SP126,class,Aves,Aves,Aves,Aves
98d363e8-d854-4c12-9765-04c1cfdcef9e,species,SP126,creaves_species,Harelde boréale,Long-tailed Duck,IJseend,Eisente
49fc5894-2627-4d62-b590-29ec96726cf6,species,SP126,family,Anatidés,Anatidae,Anatidae,Anatidae
117bf3c1-65f0-4b87-af59-fd84f2b9864e,species,SP126,native_status,NS1,NS1,NS1,NS1
9f813c98-693c-4809-8ef4-52eb9b845257,species,SP126,order,Ansériformes,Anseriformes,Anseriformes,Anseriformes
c6e47e0f-ed7c-4967-8451-739e8aec8ba3,species,SP126,species,Clangula hyemalis,Clangula hyemalis,Clangula hyemalis,Clangula hyemalis
0a280c20-a3cb-4772-9329-ad6665e4885f,species,SP126,subside_group,SG1,SG1,SG1,SG1
2277ad78-0094-4b8a-ad84-e5c468f7a361,species,SP127,agw_group,Micro-mammifère,Small mammal,Klein zoogdier,Kleinsäuger
3f614dd7-9f46-4a27-a9d6-dfc1adc45225,species,SP127,class,Mammalia,Mammalia,Mammalia,Mammalia
271cdf0f-4a2d-4888-bd43-343a5b75eb77,species,SP127,creaves_species,Campagnol,Vole,Woelmuis,Wühlmaus
0572d0ca-8fc6-40fa-88d5-2fef18451a75,species,SP127,family,Muridés,Muridae,Muridae,Muridae
dd2bae21-37ba-4d2c-bc5e-44d95b258441,species,SP127,native_status,NS1,NS1,NS1,NS1
5dd27fec-c27f-4320-b777-2aa4e27775e1,species,SP127,order,Muroidea,Muroidea,Muroidea,Muroidea
c485e9ae-926f-4d24-b845-241cdebaa57e,species,SP127,species,Clethrionomys glareolus,Clethrionomys glareolus,Clethrionomys glareolus,Clethrionomys glareolus
036fe62a-98ab-4763-9714-e239171880b4,species,SP127,subside_group,SG3,SG3,SG3,SG3
21f98a69-bca9-4881-be38-1761aff14dff,species,SP128,agw_group,Autre oiseau,Other bird,Andere vogel,Anderer Vogel
47567f1c-36c7-43f2-b621-4621eea512ec,species,SP128,class,Aves,Aves,Aves,Aves
bafa5022-937e-44cc-88b0-07dbf5c07f49,species,SP128,creaves_species,Grosbec casse-noyaux,Hawfinch,Appelvink,Kernbeißer
52bfd2ae-02e1-42eb-930e-df4848459926,species,SP128,family,Fringillidés,Fringillidae,Fringillidae,Fringillidae
f1785b72-438c-4bd3-9015-2e9dbf592293,species,SP128,native_status,NS1,NS1,NS1,NS1
19a989be-507d-47be-b651-95a26dcb69df,species,SP128,order,Passériformes,Passeriformes,Passeriformes,Passeriformes
6e0acc20-263f-4f93-8ef6-6b8e1e7ff5a6,species,SP128,species,Coccothraustes coccothraustes,Coccothraustes coccothraustes,Coccothraustes coccothraustes,Coccothraustes coccothraustes
2cde58e0-2e55-4e43-a8cf-188776ea1225,species,SP128,subside_group,SG2,SG2,SG2,SG2
467b13dc-ebc9-413b-b3f9-ccf82c5262cd,species,SP129,agw_group,Autre oiseau,Other bird,Andere vogel,Anderer Vogel
e3bc00e9-560b-4b26-b474-b88f84bff135,species,SP129,class,Aves,Aves,Aves,Aves
c41765b4-c76e-4c8b-9298-d2ea706cc30a,species,SP129,creaves_species,Coulicou à bec jaune,Yellow-billed Cuckoo,Geelsnavelkoekoek,Gelbschnabelkuckuck
187e27d6-a747-43fa-b6fe-3737296584d6,species,SP129,family,Cuculidés,Cuculidae,Cuculidae,Cuculidae
21fc72fc-e9f7-450a-8d21-08749b10dbcd,species,SP129,native_status,NS1,NS1,NS1,NS1
efb27bf8-312d-4193-9449-9365c99d42a8,species,SP129,order,Cuculiformes,Cuculiformes,Cuculiformes,Cuculiformes
481dfbef-3f74-4f03-99a5-1df87b619afb,species,SP129,species,Coccyzus americanus,Coccyzus americanus,Coccyzus americanus,Coccyzus americanus
0e16c3af-0927-4de4-86b5-43442ddd2ed9,species,SP129,subside_group,SG2,SG2,SG2,SG2
16bc7d2c-7a6b-4cd8-944f-14d68dd40f65,species,SP13,agw_group,Autre oiseau,Other bird,Andere vogel,Anderer Vogel
5786c36e-4898-4eae-9c7a-5ae84aabfdb6,species,SP13,class,Aves,Aves,Aves,Aves
334bef2b-c6e9-4309-9fd4-4373e3faa071,species,SP13,creaves_species,Alouette des champs,Eurasian Skylark,Veldleeuwerik,Feldlerche
7e6b7208-867f-406f-a735-89e79ea68eac,species,SP13,family,Alaudidés,Alaudidae,Alaudidae,Alaudidae
6ee028b5-343f-49d8-b619-0f5c1fe2bd06,species,SP13,native_status,NS1,NS1,NS1,NS1
5baf044d-dd6f-4208-b0e5-94853825095f,species,SP13,order,Passériformes,Passeriformes,Passeriformes,Passeriformes
f1105e7b-1a30-4683-bdfc-26d75b5fb556,species,SP13,species,Alauda arvensis,Alauda arvensis,Alauda arvensis,Alauda arvensis
ec04e5c1-4015-4baf-85f9-0e01783d651a,species,SP13,subside_group,SG2,SG2,SG2,SG2
9687af3e-c35c-4ca2-aa46-d43ad09bc0fe,species,SP130,agw_group,Autre oiseau,Other bird,Andere vogel,Anderer Vogel
b1bf2320-15fe-4a23-866f-f6a0fe80cf2f,species,SP130,class,Aves,Aves,Aves,Aves
aa31c4a4-d65c-4f85-aa24-3f5541df96dc,species,SP130,creaves_species,Colin de Virginie,Northern Bobwhite,Bobwhite,Virginiawachtel
64838095-3d75-460c-b67d-a7bb835c5014,species,SP130,family,Phasianidés,Phasianidae,Phasianidae,Phasianidae
58e202ae-6e0c-4029-8d67-6b28c039254b,species,SP130,native_status,NS2,NS2,NS2,NS2
dd8cbeaf-4750-45cd-a15d-0a0cd44ceb99,species,SP130,order,Galliformes,Galliformes,Galliformes,Galliformes
bcff9a3d-0d1a-4e73-89b7-06496d360df7,species,SP130,species,Colinus virginianus,Colinus virginianus,Colinus virginianus,Colinus virginianus
29a991de-94af-4566-bbf2-1aa7ae84d86b,species,SP130,subside_group,SG2,SG2,SG2,SG2
4387ad64-6717-42cf-830f-830838f78d55,species,SP131,agw_group,Autre oiseau,Other bird,Andere vogel,Anderer Vogel
63191afb-da2e-44c2-a1ef-306046af3c4c,species,SP131,class,Aves,Aves,Aves,Aves
ce6f9c45-af8c-4f8c-9853-6c2ff021ceb8,species,SP131,creaves_species,Pigeon biset féral,Feral Pigeon (Rock Dove),Stadsduif,Straßentaube
3ccc6463-802a-45e1-9ea5-fa57e130c455,species,SP131,family,Colombidés,Columbidae,Columbidae,Columbidae
d89ee0c3-1f74-4ca2-a5cb-34b9cb464392,species,SP131,native_status,NS1,NS1,NS1,NS1
23917516-0f54-448e-a7c5-d7a2a70a6765,species,SP131,order,Columbiformes,Columbiformes,Columbiformes,Columbiformes
ee173fef-9728-41ab-bdf7-7bc8194cc758,species,SP131,species,Columba livia,Columba livia,Columba livia,Columba livia
aedd69c1-1a77-41d3-912f-25d829cbe4c8,species,SP131,subside_group,SG2,SG2,SG2,SG2
3756c7c2-41c4-4c99-807c-96572ff56bbc,species,SP132,agw_group,Autre oiseau,Other bird,Andere vogel,Anderer Vogel
71de5c3d-4522-478f-9380-276ce34b8169,species,SP132,class,Aves,Aves,Aves,Aves
b5603b36-5fd2-4486-a631-e0881f5bc639,species,SP132,creaves_species,Pigeon colombin,Stock Dove,Houtduif,Hohltaube
ed92996e-3a6e-40a7-bd13-a907f6aa8f47,species,SP132,family,Colombidés,Columbidae,Columbidae,Columbidae
464dfbbd-8844-4758-b2a7-7ee309fddec1,species,SP132,native_status,NS1,NS1,NS1,NS1
f44a760a-4c1c-4942-a96f-4c556e188035,species,SP132,order,Columbiformes,Columbiformes,Columbiformes,Columbiformes
980c5edc-2215-40ef-b7ce-8a9c92ac931b,species,SP132,species,Columba oenas,Columba oenas,Columba oenas,Columba oenas
edd0b305-e542-4839-b192-c9e3dced8358,species,SP132,subside_group,SG2,SG2,SG2,SG2
43b51d86-8c88-448f-ab65-2d2d3d3cb204,species,SP133,agw_group,Autre oiseau,Other bird,Andere vogel,Anderer Vogel
e5203507-993c-4d84-b399-48a91d304a2e,species,SP133,class,Aves,Aves,Aves,Aves
04b7772e-a5bf-4d12-98be-823cdd197744,species,SP133,creaves_species,Pigeon ramier,Common Wood Pigeon,Houtduif,Ringeltaube
f1f09987-8229-42e9-933e-70ae1eb703a0,species,SP133,family,Colombidés,Columbidae,Columbidae,Columbidae
d426167f-f3ff-4852-8a53-28baf14e3dd5,species,SP133,native_status,NS1,NS1,NS1,NS1
ba9503b1-49aa-49c5-8fc1-1c8c502bd2c9,species,SP133,order,Columbiformes,Columbiformes,Columbiformes,Columbiformes
f19e01d0-db3b-4787-b712-73db31594c2f,species,SP133,species,Columba palumbus,Columba palumbus,Columba palumbus,Columba palumbus
7301281a-186f-4eb5-872c-5f0eeff2a2a5,species,SP133,subside_group,SG2,SG2,SG2,SG2
14505ce9-465a-4d81-ac19-0376fff3710f,species,SP134,agw_group,Autre oiseau,Other bird,Andere vogel,Anderer Vogel
4a63cc3e-5e37-4760-b51c-9d0b21cdea0e,species,SP134,class,Aves,Aves,Aves,Aves
fd1fdd95-f733-478d-89b5-49954e7e8ccd,species,SP134,creaves_species,Rollier d'Europe,European Roller,Scharrelaar,Bienenfresser
d1297759-ab17-4f08-b721-6380a4b4c356,species,SP134,family,Coraciidés,Coraciidae,Coraciidae,Coraciidae
07ee2ae2-10fd-482c-8020-5b9c6b69572c,species,SP134,native_status,NS1,NS1,NS1,NS1
f919b8d2-d7ba-4aaa-9e72-81e7bb68222a,species,SP134,order,Coraciiformes,Coraciiformes,Coraciiformes,Coraciiformes
812f61da-0d3a-4118-a662-27dbf5d6c75f,species,SP134,species,Coracias garrulus,Coracias garrulus,Coracias garrulus,Coracias garrulus
e3d42793-dcaa-41da-84a2-5f02b5f928a0,species,SP134,subside_group,SG2,SG2,SG2,SG2
319a6f67-7b55-4980-99a2-ca01f0ec8434,species,SP135,agw_group,Reptile,Reptile,Reptiel,Reptil
154ba1c1-6487-4cd3-88cb-fdf05a7e73e0,species,SP135,class,Reptilia,Reptilia,Reptilia,Reptilia
edd404d0-9271-4f0c-8d7d-1c85ac4c9dc1,species,SP135,creaves_species,Coronelle lisse,Smooth Snake,Gladde slang,Schlingnatter
a168886c-a152-4f6f-a6c7-278851514390,species,SP135,family,Colubridae,Colubridae,Colubridae,Colubridae
00821a0a-3a54-4f1f-97b5-25460f8b9608,species,SP135,native_status,NS1,NS1,NS1,NS1
1f220931-5605-473c-8b3b-ef45a1470a58,species,SP135,order,Squamata,Squamata,Squamata,Squamata
943337a2-8667-40d7-83fb-a59e9200acaf,species,SP135,species,Coronella austriaca,Coronella austriaca,Coronella austriaca,Coronella austriaca
678d4bbd-9261-48ea-bbbd-3994dfb44f18,species,SP135,subside_group,SG2,SG2,SG2,SG2
dfd90c83-49cd-4a8d-a8c1-38918347a27f,species,SP136,agw_group,Corvidé,Corvid,Corvid,Rabenvogel
35e2a401-3a0e-417a-bf29-eeb308e3f9d9,species,SP136,class,Aves,Aves,Aves,Aves
a46b3797-2fe6-4cd4-9c87-186c2d490b1e,species,SP136,creaves_species,Grand Corbeau,Common Raven,Raaf,Kolkrabe
129f8ec7-4519-4fa4-8c0a-ac7dd7eed6e5,species,SP136,family,Corvidés,Corvidae,Corvidae,Corvidae
e376148e-c009-4321-88ca-1e189b849e9a,species,SP136,native_status,NS1,NS1,NS1,NS1
d7d8e329-259d-4c87-9d72-1034fbcdfd37,species,SP136,order,Passériformes,Passeriformes,Passeriformes,Passeriformes
6d0cbd50-a7b9-4782-aa80-0bf9ed55c3b6,species,SP136,species,Corvus corax,Corvus corax,Corvus corax,Corvus corax
794f4835-c841-4931-91d8-2914bdf12493,species,SP136,subside_group,SG2,SG2,SG2,SG2
56cce968-41c3-4a86-9831-85637d7ddb64,species,SP137,agw_group,Corvidé,Corvid,Corvid,Corvid
0487a511-6757-4886-9fe7-987f1b6d3960,species,SP137,class,Aves,Aves,Aves,Aves
eafaeace-7c2e-4231-82ae-b2aa71d8fd6d,species,SP137,creaves_species,Corneille noire,Carrion Crow,Zwarte kraai,Rabenkrähe
e7558598-ad30-4dd8-b9fa-1531e63fafb3,species,SP137,family,Corvidés,Corvidae,Corvidae,Corvidae
94fd922a-0cd2-4a13-980c-4401346889ad,species,SP137,native_status,NS1,NS1,NS1,NS1
9bca35eb-1acf-4834-8384-3433b35b0e79,species,SP137,order,Passériformes,Passeriformes,Passeriformes,Passeriformes
a19fe671-4198-4bdc-a79f-60f3ba3630c8,species,SP137,species,Corvus corone,Corvus corone,Corvus corone,Corvus corone
d410e047-c40e-4d5c-8599-ac0e9e72ac72,species,SP137,subside_group,SG2,SG2,SG2,SG2
05768724-ec2f-4515-aff0-8979b1746852,species,SP138,agw_group,Corvidé,Corvid,Corvid,Rabenvogel
15276846-df95-4b13-a03b-93a182589ba3,species,SP138,class,Aves,Aves,Aves,Aves
160b1e58-2a52-4ae1-a25b-f9ee8d566b74,species,SP138,creaves_species,Corbeau freux,Rook,Roek,Saatkrähe
fce14e63-b8d0-4f00-96f4-16d5c54d05b3,species,SP138,family,Corvidés,Corvidae,Corvidae,Corvidae
e50eb999-f783-4965-845d-8cf99d2e3f78,species,SP138,native_status,NS1,NS1,NS1,NS1
b69619b1-973d-4f2d-aecb-9cf563bd6326,species,SP138,order,Passériformes,Passeriformes,Passeriformes,Passeriformes
237910ba-eeb8-49e8-879e-eed9f1052d18,species,SP138,species,Corvus frugilegus,Corvus frugilegus,Corvus frugilegus,Corvus frugilegus
6903a47d-d5b9-446c-996d-8718dd2f57dc,species,SP138,subside_group,SG2,SG2,SG2,SG2
762bed12-d0ee-4dbb-82a1-068c7c555e93,species,SP139,agw_group,Corvidé,Corvid,Corvid,Rabenvogel
90fc8747-4a9f-42e3-9a7a-b8de9fb6bf89,species,SP139,class,Aves,Aves,Aves,Aves
7708c15b-c424-44a7-9873-6a13d9b6e772,species,SP139,creaves_species,Choucas des tours,Western Jackdaw,Kauw,Dohle
807d8f50-39b4-4fcb-8458-34ceb02e9c32,species,SP139,family,Corvidés,Corvidae,Corvidae,Corvidae
f4b8bc4f-f298-437e-b2e8-27010f7d1dd1,species,SP139,native_status,NS1,NS1,NS1,NS1
f3f90135-87e2-4822-b504-e54094ab5643,species,SP139,order,Passériformes,Passeriformes,Passeriformes,Passeriformes
ffeb9c99-246c-479a-91c1-f498894e24e4,species,SP139,species,Corvus monedula,Corvus monedula,Corvus monedula,Corvus monedula
32d24901-110f-4fd3-939f-2f2942cee0a1,species,SP139,subside_group,SG2,SG2,SG2,SG2
f8ceae3a-5004-4a1f-a5f4-00491c421290,species,SP14,agw_group,Autre oiseau d'eau,Other waterbird,Andere watervogel,Anderer Wasservogel
7e76f59d-a81f-4564-a5a0-aeaf281b0333,species,SP14,class,Aves,Aves,Aves,Aves
da05376b-51a9-4082-86b8-37799e766bf7,species,SP14,creaves_species,Pingouin torda,Razorbill,Alk,Tordalk
e398eed4-2bb8-471c-ba1d-1b655d02c654,species,SP14,family,Alcidés,Alcidae,Alcidae,Alcidae
77bdfa3c-5082-4bde-bee3-612b831dfaf6,species,SP14,native_status,NS1,NS1,NS1,NS1
8d996c65-16b9-413b-888f-7be2e8edb866,species,SP14,order,Charadriiformes,Charadriiformes,Charadriiformes,Charadriiformes
f9394cde-abac-4b0f-9086-2889c84d5341,species,SP14,species,Alca torda,Alca torda,Alca torda,Alca torda
ae4e3b76-4115-4762-8917-4d5bd4e43d44,species,SP14,subside_group,SG1,SG1,SG1,SG1
472ee376-3868-4aa4-a09d-4397de4f9d4b,species,SP140,agw_group,Autre oiseau,Other bird,Andere vogel,Anderer Vogel
8e6b4757-8c0e-48a8-965c-ef42e9410b02,species,SP140,class,Aves,Aves,Aves,Aves
5f190c7f-7f7a-49eb-a164-02a7f5b03f21,species,SP140,creaves_species,Caille des blés,Common Quail,Kwartel,Wachtel
e578a36e-9f1b-4b7a-8909-fcd5d35cc00c,species,SP140,family,Phasianidés,Phasianidae,Phasianidae,Phasianidae
d1d69686-bb68-4cd0-8607-1e71aa5853d7,species,SP140,native_status,NS1,NS1,NS1,NS1
966d92c9-9771-4946-ba81-6ae4b8d20006,species,SP140,order,Galliformes,Galliformes,Galliformes,Galliformes
aad68184-aaf7-4e65-8681-da9634647c18,species,SP140,species,Coturnix coturnix,Coturnix coturnix,Coturnix coturnix,Coturnix coturnix
661d8d8e-0e1a-48dd-9048-0c28ffc44cb9,species,SP140,subside_group,SG2,SG2,SG2,SG2
66cfbf6d-45da-47b0-86d6-909d57e1ee6d,species,SP141,agw_group,Autre oiseau,Other bird,Andere vogel,Anderer Vogel
5e42ba2a-9956-490a-bd72-e35845537c72,species,SP141,class,Aves,Aves,Aves,Aves
7d87762a-0a3f-412e-b424-af8cc319ada5,species,SP141,creaves_species,Râle des genêts,Cornerake,Kwartelkoning,Wachtelkönig
533b7abc-5445-45da-b005-82c581e5016b,species,SP141,family,Rallidés,Rallidae,Rallidae,Rallidae
b9430b2b-fc34-4eb7-b33e-c5d7acf9a4f4,species,SP141,native_status,NS1,NS1,NS1,NS1
4fa7a7cd-de64-4f76-95d3-8f1fa0854b3b,species,SP141,order,Gruiformes,Gruiformes,Gruiformes,Gruiformes
6413badd-2312-40a2-bf80-e17bf3aaf238,species,SP141,species,Crex crex,Crex crex,Crex crex,Crex crex
f6923fa6-eae9-464c-ab39-9670ff8faa6e,species,SP141,subside_group,SG1,SG1,SG1,SG1
62c13867-9dff-4842-ba8e-392f96b44224,species,SP142,agw_group,Micro-mammifère,Small mammal,Klein zoogdier,Kleinsäuger
c0f2f8ae-0c6f-437c-956f-9faa51c25b21,species,SP142,class,Mammalia,Mammalia,Mammalia,Mammalia
69a0e465-b1ea-43f6-b398-bda2b070f784,species,SP142,creaves_species,Grand Hasmter,European Hamster,Hoefijzerneus,Feldhamster
ecd62212-4105-41a5-9784-87d14d7e418e,species,SP142,family,Muridés,Muridae,Muridae,Muridae
da1c0a8d-39bd-4bd1-add5-ad4016acc43d,species,SP142,native_status,NS1,NS1,NS1,NS1
28bb72b0-eaf8-4e3c-8f54-a6b8465741d9,species,SP142,order,Muroidea,Muroidea,Muroidea,Muroidea
8e050928-8d23-4129-a57e-b5738ea6aa64,species,SP142,species,Cricetus cricetus,Cricetus cricetus,Cricetus cricetus,Cricetus cricetus
5d6104ac-edac-4f32-8519-fdf12fa4d82c,species,SP142,subside_group,SG3,SG3,SG3,SG3
9986d4f5-7df1-4b37-ae1f-8b0d32937d4f,species,SP143,agw_group,Micro-mammifère,Small mammal,Klein zoogdier,Kleinsäuger
056536a0-377f-4f8b-9ada-6b94beee5d36,species,SP143,class,Mammalia,Mammalia,Mammalia,Mammalia
3412e33c-9695-4da2-b91a-b3e617b7e1f3,species,SP143,creaves_species,Musaraigne bicolore,Bicolored Shrew,Tweekleurige spitsmuis,Zweifarbige Spitzmaus
11a381a5-2556-4759-a3a6-fdbb0bb6623b,species,SP143,family,Soricidés,Soricidae,Soricidae,Soricidae
48a75763-cfd5-4153-9e15-c83e9fe9cd32,species,SP143,native_status,NS1,NS1,NS1,NS1
2cc92345-52a7-41b8-ab9c-fd27c0f7876c,species,SP143,order,Rodentia,Rodentia,Rodentia,Rodentia
4948dc74-887e-4b0f-9a53-b8d30eeb930a,species,SP143,species,Crocidura leucodon,Crocidura leucodon,Crocidura leucodon,Crocidura leucodon
b73f6de4-de39-4c48-9d4c-8db208649117,species,SP143,subside_group,SG3,SG3,SG3,SG3
a8f162fc-b72a-4670-bb3b-d756f22d5f6c,species,SP144,agw_group,Micro-mammifère,Small mammal,Klein zoogdier,Kleinsäuger
132dedd2-458e-43ab-b9e6-5c77b5ade8e7,species,SP144,class,Mammalia,Mammalia,Mammalia,Mammalia
a782d999-e724-4389-bc45-c5d8e2254558,species,SP144,creaves_species,Musaraigne musette,Greater White-toothed Shrew,Musaraigne,Weißzahnspitzmaus
aab95100-047e-4652-a492-e1685961da64,species,SP144,family,Soricidés,Soricidae,Soricidae,Soricidae
46341195-dec0-450c-9ee7-b4b57efbb3e6,species,SP144,native_status,NS1,NS1,NS1,NS1
8e8255ea-020c-4024-9ffc-e7953f87d2b5,species,SP144,order,Rodentia,Rodentia,Rodentia,Rodentia
8715c75c-aa5f-43c3-9646-f335efb9971f,species,SP144,species,Crocidura russula,Crocidura russula,Crocidura russula,Crocidura russula
ba39b778-064c-4445-be5a-ff02bea0a386,species,SP144,subside_group,SG3,SG3,SG3,SG3
d539cc83-251b-4e04-b431-0335a54d30d7,species,SP145,agw_group,Autre oiseau,Other bird,Andere vogel,Anderer Vogel
0c21c1eb-9ee6-4d8e-906b-f700da250533,species,SP145,class,Aves,Aves,Aves,Aves
56413148-91e4-4438-b8a2-b765fdc1d553,species,SP145,creaves_species,Coucou gris,Common Cuckoo,Koekoek,Kuckuck
c1917858-4b80-421a-820d-cc91f70e47e3,species,SP145,family,Cuculidés,Cuculidae,Cuculidae,Cuculidae
c2b0ddf2-3294-422a-af90-bfcc425330ed,species,SP145,native_status,NS1,NS1,NS1,NS1
e0aca69d-a69b-4672-bb14-bb670e1f7c72,species,SP145,order,Cuculiformes,Cuculiformes,Cuculiformes,Cuculiformes
b907375d-ad4b-439d-bbe2-8f3a237e9c04,species,SP145,species,Cuculus canorus,Cuculus canorus,Cuculus canorus,Cuculus canorus
6c0c4fa6-852c-4fc6-a9ba-ec68edee5cac,species,SP145,subside_group,SG2,SG2,SG2,SG2
f17e78c5-5565-4314-83b4-1985afea5c80,species,SP146,agw_group,Anatidé  / grèbe,Duck / grebe,Eend / fuut,Ente / Taucher
63b5f2b3-2d3f-4bf7-8dfe-c73108b49193,species,SP146,class,Aves,Aves,Aves,Aves
1c5a9f66-44c2-4160-87bf-422da5360545,species,SP146,creaves_species,Cygne de Bewick,Tundra Swan (Bewick's Swan),Kleine zwaan,Pfeifschwan
18ade8ca-2659-4240-8747-652766caf131,species,SP146,family,Anatidés,Anatidae,Anatidae,Anatidae
9bdff550-cb0d-4aa9-b84c-fa436c021ed4,species,SP146,native_status,NS1,NS1,NS1,NS1
b590a23e-69fc-47da-9738-9f07376efdef,species,SP146,order,Ansériformes,Anseriformes,Anseriformes,Anseriformes
a831b4bc-3a9e-4496-ac2c-fe0d065c6271,species,SP146,species,Cygnus columbianus bewickii,Cygnus columbianus bewickii,Cygnus columbianus bewickii,Cygnus columbianus bewickii
5e38c0d6-53bb-4d8b-801d-faab744699b5,species,SP146,subside_group,SG1,SG1,SG1,SG1
1a82c596-f48e-4bb9-b619-5f1087b1ae49,species,SP147,agw_group,Anatidé  / grèbe,Duck / grebe,Eend / fuut,Ente / Taucher
3bd0518d-96e5-4c54-b449-e072e20060ed,species,SP147,class,Aves,Aves,Aves,Aves
ecd8f6f4-f852-4b83-9410-8cb44e486dae,species,SP147,creaves_species,Cygne chanteur,Whooper Swan,Wilde zwaan,Singschwan
e4a9b800-3ce6-4b57-b717-d765dff7c5e2,species,SP147,family,Anatidés,Anatidae,Anatidae,Anatidae
5d634114-b57e-4df5-9ede-40194322ea05,species,SP147,native_status,NS1,NS1,NS1,NS1
b92f0d0e-9526-4bdd-9b1e-38d6ed615c41,species,SP147,order,Ansériformes,Anseriformes,Anseriformes,Anseriformes
5c0acecb-e58f-433f-a778-5ca9303b7933,species,SP147,species,Cygnus cygnus,Cygnus cygnus,Cygnus cygnus,Cygnus cygnus
de3613fd-d38d-4fec-9dcd-7a4de51140ca,species,SP147,subside_group,SG1,SG1,SG1,SG1
ed63bc01-904c-431e-9d9c-8162076be3a4,species,SP148,agw_group,Anatidé  / grèbe,Duck / grebe,Eend / fuut,Ente / Taucher
31c4d4ce-d617-42d8-888e-ace819fa5301,species,SP148,class,Aves,Aves,Aves,Aves
c9817dff-54e5-49e4-af01-e7b54edf73f4,species,SP148,creaves_species,Cygne tuberculé,Mute Swan,Knobbelzwaan,Höckerschwan
4dbaade5-54a3-4054-a374-9d34d68d7589,species,SP148,family,Anatidés,Anatidae,Anatidae,Anatidae
47d8bdf7-8a12-487a-9619-91eb2dc40c36,species,SP148,native_status,NS1,NS1,NS1,NS1
72a5a757-9ef0-4ee2-abe8-2f23e7e3e454,species,SP148,order,Ansériformes,Anseriformes,Anseriformes,Anseriformes
cb534fb8-8111-4d9e-8fc7-0664a00cb45e,species,SP148,species,Cygnus olor,Cygnus olor,Cygnus olor,Cygnus olor
c75608cc-a2c8-4d57-a5d4-372cd9282e15,species,SP148,subside_group,SG1,SG1,SG1,SG1
4a245f27-293a-401e-a417-61cc376416cb,species,SP149,agw_group,Ongulé,Ungulate,Hoefdier,Paarhufer
ba72a93d-8d9b-422f-a48c-b10b4f5c0d50,species,SP149,class,Mammalia,Mammalia,Mammalia,Mammalia
ec966fd1-f7df-453f-9498-11f4810b9990,species,SP149,creaves_species,Daim,Fallow Deer,Edelhert,Damhirsch
2747d606-bc74-42f4-a130-38c2753ba04d,species,SP149,family,Cervidés,Cervidae,Cervidae,Cervidae
d296295f-050b-40c9-8632-0bc1b2d302ab,species,SP149,native_status,NS2,NS2,NS2,NS2
6d3da50d-f531-47c3-bced-0849d662f95e,species,SP149,order,Pecora,Pecora,Pecora,Pecora
8bf5809f-6aea-4ec9-a744-c418362211c1,species,SP149,species,Dama dama,Dama dama,Dama dama,Dama dama
f64e360c-fc5e-40f3-86d3-32587f14cdde,species,SP149,subside_group,SG3,SG3,SG3,SG3
44f2d2ff-9302-41e7-82ba-aed1c6150946,species,SP15,agw_group,Autre oiseau,Other bird,Andere vogel,Anderer Vogel
4d322eab-2a6c-447a-947d-44b8867f5468,species,SP15,class,Aves,Aves,Aves,Aves
5f8e17ea-4618-471a-8197-3d8fc87ba1a1,species,SP15,creaves_species,Martin-pêcheur d'Europe,Common Kingfisher,Ijsvogel,Eisvogel
3b3c5956-4fc2-4358-b252-5c1ae80b397f,species,SP15,family,Alcédinidés,Alcedinidae,Alcedinidae,Alcedinidae
5c8a83ae-97a1-4c27-9b41-89e580fa20e4,species,SP15,native_status,NS1,NS1,NS1,NS1
60e56274-93b0-402a-b7ef-a501b28f02c5,species,SP15,order,Coraciiformes,Coraciiformes,Coraciiformes,Coraciiformes
c896f436-57d4-40b8-85e3-ea3658f160a6,species,SP15,species,Alcedo atthis,Alcedo atthis,Alcedo atthis,Alcedo atthis
f5b02ee7-f2e9-433c-ba7c-d2904c912aae,species,SP15,subside_group,SG1,SG1,SG1,SG1
eeaa4cb0-326d-4696-b4c6-51968515fa44,species,SP150,agw_group,Autre oiseau,Other bird,Andere vogel,Anderer Vogel
3e1df72f-3e15-4cd1-bb26-d88a0e0adea5,species,SP150,class,Aves,Aves,Aves,Aves
c3a571ef-4e09-443d-bb79-5dd21432c1dd,species,SP150,creaves_species,Hirondelle de fenêtre,Common House Martin,Huiszwaluw,Mehlschwalbe
1f99158a-b22b-42a4-9974-3433ae31e810,species,SP150,family,Hirundinidés,Hirundinidae,Hirundinidae,Hirundinidae
c1e59bd5-883f-42c8-b6c6-700ff66571b4,species,SP150,native_status,NS1,NS1,NS1,NS1
c100f47c-97fc-43e2-86bd-8209782448f4,species,SP150,order,Passériformes,Passeriformes,Passeriformes,Passeriformes
5c604089-92b3-44a2-9f7e-a204edc0fc66,species,SP150,species,Delichon urbica,Delichon urbica,Delichon urbica,Delichon urbica
d63ef824-27bf-4417-b0a9-f71494a7846a,species,SP150,subside_group,SG2,SG2,SG2,SG2
5938a739-c6db-4e65-95ba-255d4ae72250,species,SP151,agw_group,Autre oiseau,Other bird,Andere vogel,Anderer Vogel
761c55bf-4e8d-4308-8435-8466f1b3338d,species,SP151,class,Aves,Aves,Aves,Aves
4a043225-778c-4153-a671-3b44287ddd9a,species,SP151,creaves_species,Pic à dos blanc,White-backed Woodpecker,Witrugspecht,Weißrückenspecht
cab86083-5145-417c-8528-534526a8564f,species,SP151,family,Picidés,Picidae,Picidae,Picidae
9f81cf83-d377-4524-9eeb-fac8487eee83,species,SP151,native_status,NS1,NS1,NS1,NS1
a498b41d-f6b4-4368-b0eb-50cc5333539a,species,SP151,order,Piciformes,Piciformes,Piciformes,Piciformes
fd3a0b16-1e30-4ee6-8e66-80db545470e1,species,SP151,species,Dendrocopos leucotos,Dendrocopos leucotos,Dendrocopos leucotos,Dendrocopos leucotos
1a9b54e5-5b1f-41b8-97d3-9ee5d5afafa4,species,SP151,subside_group,SG2,SG2,SG2,SG2
cf1c6aa8-25e9-46b3-b04a-decd3b011a35,species,SP152,agw_group,Autre oiseau,Other bird,Andere vogel,Anderer Vogel
9e85de8b-2297-44dc-84f2-af59fa666224,species,SP152,class,Aves,Aves,Aves,Aves
551ba7a9-6787-4c6d-8911-54867bc86261,species,SP152,creaves_species,Pic épeiche,Great Spotted Woodpecker,Grote bonte specht,Buntspecht
80942a70-6530-4479-9be2-9a33630a9012,species,SP152,family,Picidés,Picidae,Picidae,Picidae
b0ea3e8c-8e8c-4174-9cc4-1164454827a0,species,SP152,native_status,NS1,NS1,NS1,NS1
0f398b5b-3f0f-437f-b5d0-49ca9792ceca,species,SP152,order,Piciformes,Piciformes,Piciformes,Piciformes
cc8ec829-deac-4818-b028-07cc483851e4,species,SP152,species,Dendrocopos major,Dendrocopos major,Dendrocopos major,Dendrocopos major
687f28b9-e945-43d5-9836-28dda806d01c,species,SP152,subside_group,SG2,SG2,SG2,SG2
ec3b4ac3-4614-4b25-a196-b8333161bb1a,species,SP153,agw_group,Autre oiseau,Other bird,Andere vogel,Anderer Vogel
26354511-d5b2-41a3-bbd2-31d84ab18ae0,species,SP153,class,Aves,Aves,Aves,Aves
f613e24a-a459-41dd-b2d6-cc01d89d3f79,species,SP153,creaves_species,Pic mar,Middle Spotted Woodpecker,Middelste bonte specht,Mittelspecht
888a3b2a-74bb-4187-9ca9-035653315fcc,species,SP153,family,Picidés,Picidae,Picidae,Picidae
b50efa6e-807f-4669-9a20-46c19df4290e,species,SP153,native_status,NS1,NS1,NS1,NS1
101b793a-a3a4-48df-9824-58cd6c819d2d,species,SP153,order,Piciformes,Piciformes,Piciformes,Piciformes
b8220bff-1425-467e-b6d7-462bed4f25a6,species,SP153,species,Dendrocopos medius,Dendrocopos medius,Dendrocopos medius,Dendrocopos medius
e6586314-e8a7-4af7-98d0-6009d5290f66,species,SP153,subside_group,SG2,SG2,SG2,SG2
7b8cde29-8ba0-4868-b8e4-51524650c57c,species,SP154,agw_group,Autre oiseau,Other bird,Andere vogel,Anderer Vogel
e4b7ab47-adcb-4ec1-85cc-bc955be68a11,species,SP154,class,Aves,Aves,Aves,Aves
c8130dfb-004e-4d77-b5d9-a790013db30d,species,SP154,creaves_species,Pic épeichette,Lesser Spotted Woodpecker,Kleine bonte specht,Kleinspecht
8760ec1c-92e3-4e84-a59c-15717f9f1011,species,SP154,family,Picidés,Picidae,Picidae,Picidae
0ea06969-e726-4400-a9e3-54f0f004302f,species,SP154,native_status,NS1,NS1,NS1,NS1
18e090a7-27d9-420f-933a-bcf0944d3d79,species,SP154,order,Piciformes,Piciformes,Piciformes,Piciformes
9e92a136-f0cf-44c5-a593-b42940b9a592,species,SP154,species,Dendrocopos minor,Dendrocopos minor,Dendrocopos minor,Dendrocopos minor
37b304cc-1a7b-4c3e-8ade-9551bda92608,species,SP154,subside_group,SG2,SG2,SG2,SG2
0fe7134f-9b31-4865-87d9-1b2cd193d88b,species,SP155,agw_group,Autre oiseau,Other bird,Andere vogel,Anderer Vogel
d653c1f6-4e3b-474a-8d22-d0709e2867de,species,SP155,class,Aves,Aves,Aves,Aves
8f30b34a-cf63-40e8-a14c-b8e53eab3265,species,SP155,creaves_species,Pic noir,Black Woodpecker,Zwarte specht,Schwarzspecht
097d84e4-d6b8-4364-992d-0c12d3b4e0a4,species,SP155,family,Picidés,Picidae,Picidae,Picidae
44910fa1-624c-48be-a925-e58729db8f62,species,SP155,native_status,NS1,NS1,NS1,NS1
5f2f70f2-8ca7-4020-980c-42b1b3410df3,species,SP155,order,Piciformes,Piciformes,Piciformes,Piciformes
3513b6c7-5b2f-4afe-97cb-4b1f9b00771e,species,SP155,species,Dryocopus martius,Dryocopus martius,Dryocopus martius,Dryocopus martius
179f6511-920c-4908-9854-2302b2ed41ad,species,SP155,subside_group,SG2,SG2,SG2,SG2
5c373c27-1e8c-4905-b195-a591be688ec1,species,SP156,agw_group,Grand échassier,Large wader,Grote steltloper,Großer Watvogel
e6f73faa-55ae-4099-bf12-04e41c584073,species,SP156,class,Aves,Aves,Aves,Aves
edf4d423-fe61-4860-94c9-07f470b66bf0,species,SP156,creaves_species,Aigrette garzette,Little Egret,Kleine zilverreiger,Seidenreiher
de5eb661-dc6c-4dd6-9b8f-ca76b524b4bb,species,SP156,family,Ardeidés,Ardeidae,Ardeidae,Ardeidae
e66a5007-32d3-4286-aa3a-a46b86c8794c,species,SP156,native_status,NS1,NS1,NS1,NS1
b77484df-516f-4a88-853e-e7da9cc4d451,species,SP156,order,Pélécaniformes,Pelecaniformes,Pelecaniformes,Pelecaniformes
ba1f108b-bc7e-4ff0-aec4-1740404c4136,species,SP156,species,Egretta garzetta,Egretta garzetta,Egretta garzetta,Egretta garzetta
ef13e6a6-d48b-40d3-991d-2c22d4e49cf7,species,SP156,subside_group,SG1,SG1,SG1,SG1
57d000bd-b7df-4df5-a8fc-5eba634fb901,species,SP157,agw_group,Rapace,Bird of prey,Roofvogel,Greifvogel
c7820d49-e988-4d61-902c-8215a9f14d15,species,SP157,class,Aves,Aves,Aves,Aves
0de0681a-8377-4542-ae2f-c8184c4f08d0,species,SP157,creaves_species,Elanion blanc,Black-winged Kite,Blauwe wouw,Gleitaar
3014bc08-8350-467b-bf3a-d8969fcfd26b,species,SP157,family,Accipitridés,Accipitridae,Accipitridae,Accipitridae
de80b0d4-f329-4ebc-a6f1-f10ebf98ecb8,species,SP157,native_status,NS1,NS1,NS1,NS1
057eaea7-1726-4336-938b-4f92e346d178,species,SP157,order,Accipitriformes,Accipitriformes,Accipitriformes,Accipitriformes
3aea786d-6dd8-49d1-a787-802c55a3a4fd,species,SP157,species,Elanus caeruleus,Elanus caeruleus,Elanus caeruleus,Elanus caeruleus
bf648724-ce6c-4f59-80e5-73ac2af9619b,species,SP157,subside_group,SG1,SG1,SG1,SG1
a8a82c3f-3607-4349-884a-83ae9ca80d4e,species,SP158,agw_group,Micro-mammifère,Small mammal,Klein zoogdier,Kleinsäuger
bff68564-5b33-43ce-ba3f-d9b7e0255ed2,species,SP158,class,Mammalia,Mammalia,Mammalia,Mammalia
846fdd93-e779-4a4c-945b-543774d28c84,species,SP158,creaves_species,Lérot,Garden Dormouse,Eikelmuis,Gartenschläfer
d589c005-d1c8-4e4f-a245-11fe4de8714a,species,SP158,family,Muscardinidés,Muscardinidae,Muscardinidae,Muscardinidae
70d9b743-bb0d-4eee-9825-0fac577bcfec,species,SP158,native_status,NS1,NS1,NS1,NS1
235d8b14-687c-4f69-9679-33a9546a12e3,species,SP158,order,Rodentia,Rodentia,Rodentia,Rodentia
4a7c8755-3346-4c9e-879f-6bb2dbb5d9a1,species,SP158,species,Eliomys quercinus,Eliomys quercinus,Eliomys quercinus,Eliomys quercinus
ea661801-8dde-444a-a5b6-f0bffd021984,species,SP158,subside_group,SG3,SG3,SG3,SG3
db4fc863-d2e1-477f-b7cc-abeda53345fa,species,SP159,agw_group,Autre oiseau,Other bird,Andere vogel,Anderer Vogel
15515dbd-38ff-436f-a876-ca5b7767dcb4,species,SP159,class,Aves,Aves,Aves,Aves
63c9137f-41d1-4d80-a990-05cae940cbce,species,SP159,creaves_species,Bruant auréole,Yellow-breasted Bunting,Wilgengors,Weidenammer
aefe0b65-a148-4375-b565-f8753f80ee9e,species,SP159,family,Emberizidés,Emberizidae,Emberizidae,Emberizidae
0a6b0f21-71cf-4935-a559-94b2625ac7e1,species,SP159,native_status,NS1,NS1,NS1,NS1
c7c3d528-a5b1-4dac-9ed1-dea86ea72ccd,species,SP159,order,Passériformes,Passeriformes,Passeriformes,Passeriformes
538ef6d1-6d56-424a-8d05-690bd9cadea3,species,SP159,species,Emberiza aureola,Emberiza aureola,Emberiza aureola,Emberiza aureola
6df5ec01-6492-4a4c-bd7e-91b831c4d0ea,species,SP159,subside_group,SG2,SG2,SG2,SG2
3bb9e1de-d358-4f1c-bc1f-a0b36fae204f,species,SP16,agw_group,Autre oiseau,Other bird,Andere vogel,Anderer Vogel
1ffe66ff-a75f-4e89-b86f-c6ad7fc8b2f3,species,SP16,class,Aves,Aves,Aves,Aves
a66905a3-b707-46a5-adfd-cc90843e1dc4,species,SP16,creaves_species,Perdrix rouge,Red-legged Partridge,Rode patrijs,Rothuhn
fce7b0c6-d754-430c-b4e0-d7aca798ec13,species,SP16,family,Phasianidés,Phasianidae,Phasianidae,Phasianidae
fb88da90-dc91-4e16-9059-a904a6e8e074,species,SP16,native_status,NS5,NS5,NS5,NS5
d92f9eb1-07f8-45c2-bb34-189e4f7d2f14,species,SP16,order,Galliformes,Galliformes,Galliformes,Galliformes
6eb111f9-85ab-4981-ab7c-969447393a98,species,SP16,species,Alectoris fufa,Alectoris fufa,Alectoris fufa,Alectoris fufa
a5ee256e-7cc6-494a-91de-be1893526ac9,species,SP16,subside_group,SG2,SG2,SG2,SG2
d581cca2-3947-4fc9-a0a3-821290dbb181,species,SP160,agw_group,Autre oiseau,Other bird,Andere vogel,Anderer Vogel
c27ba37a-d3ff-4d58-8c1d-7dd87fe3fcc3,species,SP160,class,Aves,Aves,Aves,Aves
984e6ca8-5cf6-4418-bfc1-5aa26a9b3f9e,species,SP160,creaves_species,Bruant proyer,Corn Bunting,Grauwe gors,Grauammer
88d66a2f-9fef-41cf-84d6-0c5644337087,species,SP160,family,Emberizidés,Emberizidae,Emberizidae,Emberizidae
a09447bb-db3d-4b77-ae40-4a0786565b87,species,SP160,native_status,NS1,NS1,NS1,NS1
7bbb7fa9-2d0c-4c4f-a1bb-181fe9835af2,species,SP160,order,Passériformes,Passeriformes,Passeriformes,Passeriformes
a6bb985b-7184-4714-8dfe-e89ca51de233,species,SP160,species,Emberiza calandra,Emberiza calandra,Emberiza calandra,Emberiza calandra
aab03ac3-39d7-4dcf-9f6a-b37bf62c737d,species,SP160,subside_group,SG2,SG2,SG2,SG2
bca0e80e-783b-488f-ad47-32877f03678c,species,SP161,agw_group,Autre oiseau,Other bird,Andere vogel,Anderer Vogel
5f5afe0b-ae12-4993-8b41-e52e656cd2f0,species,SP161,class,Aves,Aves,Aves,Aves
f542c86e-1e47-4888-84a3-d43d3fae1b2b,species,SP161,creaves_species,Bruant fou,Rock Bunting,Grauwe gors,Zippammer
cd49a735-2d46-4bbd-9847-029fa9a960cc,species,SP161,family,Emberizidés,Emberizidae,Emberizidae,Emberizidae
eeb4b9ea-3f53-481b-91fc-c51a1dd0a82a,species,SP161,native_status,NS1,NS1,NS1,NS1
79b82b21-c513-4d32-9024-cf0ebad6c6a4,species,SP161,order,Passériformes,Passeriformes,Passeriformes,Passeriformes
906f6cc0-eac6-41e2-a395-f53402e4b343,species,SP161,species,Emberiza cia,Emberiza cia,Emberiza cia,Emberiza cia
d0e3ec67-cb0f-4d1a-a161-2b3de5e0e9f0,species,SP161,subside_group,SG2,SG2,SG2,SG2
cf9f18af-0e68-4568-9721-d3330025e8a0,species,SP162,agw_group,Autre oiseau,Other bird,Andere vogel,Anderer Vogel
78ed9df5-7333-403c-967b-f0d929607b2c,species,SP162,class,Aves,Aves,Aves,Aves
38412a16-a49c-4cde-a74d-bcecd31f13d6,species,SP162,creaves_species,Bruant zizi,Cirl Bunting,Grauwe gors,Zippammer
e7e2f577-a246-40b9-a924-2c8a8efa4b44,species,SP162,family,Emberizidés,Emberizidae,Emberizidae,Emberizidae
f45fffa7-aecc-452f-9a61-1c320a5a67de,species,SP162,native_status,NS1,NS1,NS1,NS1
aadc6688-8801-436e-aca6-7f6ac97c2f3c,species,SP162,order,Passériformes,Passeriformes,Passeriformes,Passeriformes
58af2328-541e-4c59-8bf1-7197222feca3,species,SP162,species,Emberiza cirlus,Emberiza cirlus,Emberiza cirlus,Emberiza cirlus
134921cf-bdcf-49c0-9c19-5d51fcc421a1,species,SP162,subside_group,SG2,SG2,SG2,SG2
ee9edf27-8293-4cab-b6a4-6138d1e89b21,species,SP163,agw_group,Autre oiseau,Other bird,Andere vogel,Anderer Vogel
123568b5-7e56-400e-8876-5f096d78f203,species,SP163,class,Aves,Aves,Aves,Aves
3fdaf926-a4e9-4c66-8562-a2d8ba0f1e8c,species,SP163,creaves_species,Bruant jaune,Yellowhammer,Grauwe gors,Goldammer
e3a6cd52-9972-47af-a0dc-f4df3bbd8aa0,species,SP163,family,Emberizidés,Emberizidae,Emberizidae,Emberizidae
17d9b045-6cf5-43d6-9a1a-4c4e77f1c86e,species,SP163,native_status,NS1,NS1,NS1,NS1
7be9eab1-e2fc-422e-88b8-01301d49d904,species,SP163,order,Passériformes,Passeriformes,Passeriformes,Passeriformes
cc2c0a6a-eca7-4e00-960b-946057eec5c4,species,SP163,species,Emberiza citrinella,Emberiza citrinella,Emberiza citrinella,Emberiza citrinella
dbe6204b-bc65-4e02-9c46-141752c26512,species,SP163,subside_group,SG2,SG2,SG2,SG2
37050ac2-3f22-400e-ab21-72ac14631c24,species,SP164,agw_group,Autre oiseau,Other bird,Andere vogel,Anderer Vogel
14d3a64f-a28d-4da5-9ddd-8d0ffb5236a9,species,SP164,class,Aves,Aves,Aves,Aves
3e31e5b2-ebfb-48ec-bfe4-20583a4eca67,species,SP164,creaves_species,Bruant ortolan,Ortolan Bunting,Grauwe gors,Ortolan
2ba256e8-7d1f-40c6-a36e-743f2bfe0153,species,SP164,family,Emberizidés,Emberizidae,Emberizidae,Emberizidae
e5377e03-2f41-4327-9622-f2d323c4c1d7,species,SP164,native_status,NS1,NS1,NS1,NS1
49ea9589-f0c7-4ba5-9362-5679b04f38f3,species,SP164,order,Passériformes,Passeriformes,Passeriformes,Passeriformes
2ec710fe-2f08-4847-96ba-599fd4e0562e,species,SP164,species,Emberiza hortulana,Emberiza hortulana,Emberiza hortulana,Emberiza hortulana
63716568-447f-487c-8a1c-54a6bffde5cc,species,SP164,subside_group,SG2,SG2,SG2,SG2
24646e31-4eab-4f1a-9e25-86af2c3352fd,species,SP165,agw_group,Autre oiseau,Other bird,Andere vogel,Anderer Vogel
71a1bd34-bfd5-4e2a-8a7b-ea6dc41dbc34,species,SP165,class,Aves,Aves,Aves,Aves
b34e3cc6-00fb-4f7d-a0a3-4eeaaffb3b2c,species,SP165,creaves_species,Bruant à calotte blanche,Pine Bunting,Witkopgors,Fichtenammer
f9f0fdd8-fd0c-4cf0-9e1e-2125b54c95af,species,SP165,family,Emberizidés,Emberizidae,Emberizidae,Emberizidae
5a66f021-85f1-46e5-90ee-7ea47deeded9,species,SP165,native_status,NS1,NS1,NS1,NS1
5363464a-474a-4407-8cad-4d7aec718b08,species,SP165,order,Passériformes,Passeriformes,Passeriformes,Passeriformes
8616f3fc-b77e-42bb-bb35-23f3091e09b1,species,SP165,species,Emberiza leucocephala,Emberiza leucocephala,Emberiza leucocephala,Emberiza leucocephala
5d699bcb-4837-4a14-b03c-9dbd49325d8e,species,SP165,subside_group,SG2,SG2,SG2,SG2
283b0cc9-b7d9-4e8b-abb9-ce5a5ddec72e,species,SP166,agw_group,Autre oiseau,Other bird,Andere vogel,Anderer Vogel
8efc098b-b0dd-4ec3-8efc-2332f0d2741a,species,SP166,class,Aves,Aves,Aves,Aves
ce108a21-3639-4f42-b90e-56e7c8394ff6,species,SP166,creaves_species,Bruant nain,Little Bunting,Kleine gors,Zwergammer
768f6eef-d7f2-456b-98b5-7b60fcf8352d,species,SP166,family,Emberizidés,Emberizidae,Emberizidae,Emberizidae
3103162a-7da7-4d15-aba9-f57fa25c0330,species,SP166,native_status,NS1,NS1,NS1,NS1
bb4f987a-24bc-48e8-98e6-f10613d7fbf1,species,SP166,order,Passériformes,Passeriformes,Passeriformes,Passeriformes
ae9e3226-12e6-4d0a-a545-88fb018d66fe,species,SP166,species,Emberiza pusilla,Emberiza pusilla,Emberiza pusilla,Emberiza pusilla
0f518783-e776-4b8a-8032-e5f410252966,species,SP166,subside_group,SG2,SG2,SG2,SG2
80a9d9f0-5898-474d-ab40-91c4b0b38165,species,SP167,agw_group,Autre oiseau,Other bird,Andere vogel,Anderer Vogel
700825b1-38c7-4541-a451-2e52c01a1d99,species,SP167,class,Aves,Aves,Aves,Aves
68076606-056a-4c48-b936-318a069d29fd,species,SP167,creaves_species,Bruant rustique,Rustic Bunting,Grauwe gors,Waldammer
aefd905e-8c63-4290-aed5-8670014f2802,species,SP167,family,Emberizidés,Emberizidae,Emberizidae,Emberizidae
ef694f0c-ff79-4224-a715-e8c0f42a3cd9,species,SP167,native_status,NS1,NS1,NS1,NS1
35919898-40cd-47b7-b75d-098ea6aeb2a3,species,SP167,order,Passériformes,Passeriformes,Passeriformes,Passeriformes
d4718ee7-4708-4dd9-b088-a96eeea28509,species,SP167,species,Emberiza rustica,Emberiza rustica,Emberiza rustica,Emberiza rustica
7e254504-5322-42aa-a1cf-f78969d8201d,species,SP167,subside_group,SG2,SG2,SG2,SG2
1bcf1076-07fb-4c47-a86b-56bfc83f3f1e,species,SP168,agw_group,Autre oiseau,Other bird,Andere vogel,Anderer Vogel
add421af-5968-4dbd-b929-f7368688d77e,species,SP168,class,Aves,Aves,Aves,Aves
82c45fe3-29c3-4e40-8b5a-28bd688a1d88,species,SP168,creaves_species,Bruant des roseaux,Reed Bunting,Grauwe gors,Rohrammer
c773c68e-a679-43dc-86fc-58963a7f2f93,species,SP168,family,Emberizidés,Emberizidae,Emberizidae,Emberizidae
ff63148e-765c-4549-a1fa-a6dc8b738db6,species,SP168,native_status,NS1,NS1,NS1,NS1
e0502669-603f-47e9-a742-c42b6889feb9,species,SP168,order,Passériformes,Passeriformes,Passeriformes,Passeriformes
d4fbc9c4-8126-4783-aaa8-35606d9c7b68,species,SP168,species,Emberiza schoeniclus,Emberiza schoeniclus,Emberiza schoeniclus,Emberiza schoeniclus
464c5da1-f07c-4a09-8331-7acb991ce77e,species,SP168,subside_group,SG2,SG2,SG2,SG2
eb342f53-e357-45ea-bb65-e8b3cceebb42,species,SP169,agw_group,Chauve-souris,Bat,Vleermuis,Fledermaus
d430b5c9-b483-4b8e-b063-47d9409a4bc2,species,SP169,class,Mammalia,Mammalia,Mammalia,Mammalia
7b3da1b8-f011-4c2f-b657-c3a5fd07a06c,species,SP169,creaves_species,Murin,Mouse-eared bat,Myotis,Mausohr
32d596b0-cefb-4df8-9049-8a088f46a43a,species,SP169,family,Verspertilionidés,Vespertilionidae,Vespertilionidae,Vespertilionidae
cd285638-8880-4e3e-9d8f-bcada76262c2,species,SP169,native_status,NS1,NS1,NS1,NS1
73820283-82fa-42ac-a685-7ff7e23a3f07,species,SP169,order,Chiroptera,Chiroptera,Chiroptera,Chiroptera
76b1b2df-80de-472f-8f24-1d1aae7901d4,species,SP169,species,Eptesicus nilssonii,Eptesicus nilssonii,Eptesicus nilssonii,Eptesicus nilssonii
9797555e-c1e1-417b-8248-8c1e7e28f2f3,species,SP169,subside_group,SG2,SG2,SG2,SG2
6809e69b-fa43-4bfc-887c-2db448eec6bc,species,SP17,agw_group,Autre oiseau d'eau,Other waterbird,Andere watervogel,Anderer Wasservogel
270ae71f-de25-49c7-9836-5a98c7beb595,species,SP17,class,Aves,Aves,Aves,Aves
a3936887-9c0e-444b-93bf-0a7d38029387,species,SP17,creaves_species,Mergule nain,Little Auk,Kleine alk,Krabbentaucher
c485ab9c-4cfb-45b3-949f-1e8da926a868,species,SP17,family,Alcidés,Alcidae,Alcidae,Alcidae
0198ff0a-5369-497f-bf84-c3ce0b4ebd20,species,SP17,native_status,NS1,NS1,NS1,NS1
f27af78b-5a2e-4b0e-b691-075713ae8b62,species,SP17,order,Charadriiformes,Charadriiformes,Charadriiformes,Charadriiformes
9e2364a7-75e6-4ea4-9302-23b09c5163f8,species,SP17,species,Alle alle,Alle alle,Alle alle,Alle alle
55305580-a7df-4391-9575-c03fd177337c,species,SP17,subside_group,SG1,SG1,SG1,SG1
145ff17c-d91b-4bca-850d-03c9b88c1e95,species,SP170,agw_group,Chauve-souris,Bat,Vleermuis,Fledermaus
29052e70-07f8-4786-92fb-02794faeb485,species,SP170,class,Mammalia,Mammalia,Mammalia,Mammalia
32b8df57-c8b5-432c-8b47-720dac53ddeb,species,SP170,creaves_species,Sérotine commune,Serotine bat,Laatvlieger,Breitflügelfledermaus
f425a7ae-b4f1-4ffe-887c-07dcf6a1f5d9,species,SP170,family,Verspertilionidés,Vespertilionidae,Vespertilionidae,Vespertilionidae
b6b699c1-06b8-4978-9035-39d2b4e0ff79,species,SP170,native_status,NS1,NS1,NS1,NS1
69535df8-4900-443d-b7da-b182e0550e07,species,SP170,order,Chiroptera,Chiroptera,Chiroptera,Chiroptera
dd491a88-b774-4a54-944a-9d409cfa388d,species,SP170,species,Eptesicus serotinus,Eptesicus serotinus,Eptesicus serotinus,Eptesicus serotinus
e61a32ce-9278-4907-9364-6f5c0a7d15fe,species,SP170,subside_group,SG2,SG2,SG2,SG2
b083fbad-cd5c-44cb-aee3-8f4f0c81d2cc,species,SP171,agw_group,Autre oiseau,Other bird,Andere vogel,Anderer Vogel
460d5384-7b16-424d-97db-d35178996537,species,SP171,class,Aves,Aves,Aves,Aves
90157233-baf4-40cd-8303-27623bb055f9,species,SP171,creaves_species,Alouette haussecol,Horned Lark,Strangleeuwerik,Ohrenlerche
211c8965-086e-47a6-ac6d-3d0fdd7df26f,species,SP171,family,Alaudidés,Alaudidae,Alaudidae,Alaudidae
7d349b10-c1ca-460b-85e6-9aafd3059c4c,species,SP171,native_status,NS1,NS1,NS1,NS1
c9dd2b97-16eb-4d6e-8319-3782c82f78bc,species,SP171,order,Passériformes,Passeriformes,Passeriformes,Passeriformes
275ffaba-02e0-4212-979d-9ab7034068ed,species,SP171,species,Eremophila alpestris,Eremophila alpestris,Eremophila alpestris,Eremophila alpestris
eb0a13d3-b8e4-4944-b816-3d95aa193a2d,species,SP171,subside_group,SG2,SG2,SG2,SG2
906a970f-7e62-454b-a791-61999bc500db,species,SP172,agw_group,Micro-mammifère,Small mammal,Klein zoogdier,Kleinsäuger
942fde80-6049-44c4-8419-26cbabee35ed,species,SP172,class,Mammalia,Mammalia,Mammalia,Mammalia
f3e6c877-6f78-48e9-ac0c-e05a1a1534fa,species,SP172,creaves_species,Hérisson,West European Hedgehog,Egel,Braunbrustigel
5bb0d5e4-a398-49a2-91ce-307315dcbb04,species,SP172,family,Erinaceidae,Erinaceidae,Erinaceidae,Erinaceidae
fa40869e-04ed-4359-8635-1b34a04a3f5d,species,SP172,native_status,NS1,NS1,NS1,NS1
cea3303f-d886-443e-a534-60d699734510,species,SP172,order,Eulipotyphla,Eulipotyphla,Eulipotyphla,Eulipotyphla
8e0cd259-d923-42d3-8b25-8f4ffda175f1,species,SP172,species,Erinaceus europaeus,Erinaceus europaeus,Erinaceus europaeus,Erinaceus europaeus
1a152db6-0b7f-421a-8f44-aa2cb4ea2bbf,species,SP172,subside_group,SG3,SG3,SG3,SG3
7b0bd8a0-dea1-4ddd-99fc-3f609fc8ce8e,species,SP173,agw_group,Autre oiseau,Other bird,Andere vogel,Anderer Vogel
97fa0f6f-ee98-4e89-a492-c6a5d674261c,species,SP173,class,Aves,Aves,Aves,Aves
7c5ae6eb-13a7-4d79-a0ad-15d4f0d508fd,species,SP173,creaves_species,Rougegorge familier,European Robin,Roodborst,Rotkehlchen
3b3e29b5-840e-4f6f-98c4-9ac90b321a21,species,SP173,family,Muscicapidés,Muscicapidae,Muscicapidae,Muscicapidae
88564402-5588-4c5f-8a4c-476fb58dad47,species,SP173,native_status,NS1,NS1,NS1,NS1
1064d2c1-8c52-4a14-9f39-8eb5eb2e9d75,species,SP173,order,Passériformes,Passeriformes,Passeriformes,Passeriformes
4f3a7c9a-b30d-40f5-aef8-6edccd5dde62,species,SP173,species,Erithacus rubecula,Erithacus rubecula,Erithacus rubecula,Erithacus rubecula
d76e534c-7a97-4542-8237-b39683a0669b,species,SP173,subside_group,SG2,SG2,SG2,SG2
12c6e20c-7fa3-4ba7-8a02-d5f015b6d8ef,species,SP174,agw_group,Rapace,Bird of prey,Roofvogel,Greifvogel
57bdbaa8-c4ed-42a3-9abe-4ce6df9d5ad4,species,SP174,class,Aves,Aves,Aves,Aves
7e2a1ce5-8259-44d9-897b-34bfaf457257,species,SP174,creaves_species,Faucon émerillon,Merlin,Smelleken,Merlin
92688ea8-ec3c-415c-83f8-ff2b3e856139,species,SP174,family,Falconidés,Falconidae,Falconidae,Falconidae
4d45a53e-b21b-4c22-af20-4491452e54da,species,SP174,native_status,NS1,NS1,NS1,NS1
42e88c1d-7e27-47fc-a701-de311e877f55,species,SP174,order,Falconiformes,Falconiformes,Falconiformes,Falconiformes
2c11c238-874a-4377-8716-afa212272576,species,SP174,species,Falco columbarius,Falco columbarius,Falco columbarius,Falco columbarius
72428015-b765-4c9e-b4c7-7d8c548fb0de,species,SP174,subside_group,SG1,SG1,SG1,SG1
584e4664-8377-4476-aeeb-1e7ae24f1c0a,species,SP175,agw_group,Rapace,Bird of prey,Roofvogel,Greifvogel
1b8ad983-7455-4b16-854e-e33097c2e979,species,SP175,class,Aves,Aves,Aves,Aves
e75b9d2d-0299-48d3-bab8-ad1367e926bc,species,SP175,creaves_species,Faucon pèlerin,Peregrine Falcon,Slechtvalk,Wanderfalke
507821ac-1000-4cf5-b855-84eef2543015,species,SP175,family,Falconidés,Falconidae,Falconidae,Falconidae
32068694-a20c-4d1d-a3b5-0845e6148010,species,SP175,native_status,NS1,NS1,NS1,NS1
a0dda4a6-47f6-48a3-9015-e9f0522b4903,species,SP175,order,Falconiformes,Falconiformes,Falconiformes,Falconiformes
06d19044-4b94-40a8-8565-3a790f818542,species,SP175,species,Falco peregrinus,Falco peregrinus,Falco peregrinus,Falco peregrinus
50790cba-4c17-458f-b8a8-429d76992fde,species,SP175,subside_group,SG1,SG1,SG1,SG1
35cac439-1a5a-47ce-b403-1f315742b5d1,species,SP176,agw_group,Rapace,Bird of prey,Roofvogel,Greifvogel
f9ec4c8b-2224-49e4-bc58-3b59f5d8cd14,species,SP176,class,Aves,Aves,Aves,Aves
68cd089b-898e-4f48-b689-c2fdf0c3d54a,species,SP176,creaves_species,Faucon hobereau,Eurasian Hobby,Boomvalk,Baumfalke
9b12ac00-2ad2-4d2c-a9dc-0637868277d0,species,SP176,family,Falconidés,Falconidae,Falconidae,Falconidae
e3046ff2-7d6a-43c9-93a0-b32f816f71c2,species,SP176,native_status,NS1,NS1,NS1,NS1
102af226-1391-48d2-90ba-907008d7ff84,species,SP176,order,Falconiformes,Falconiformes,Falconiformes,Falconiformes
39554e65-2803-42e7-bc67-eaa1d31f1612,species,SP176,species,Falco subbuteo,Falco subbuteo,Falco subbuteo,Falco subbuteo
d6f49435-ffb3-457a-b38a-a9ee2047ab07,species,SP176,subside_group,SG1,SG1,SG1,SG1
11feda55-90c2-4d8d-b92a-4142ae2fe88a,species,SP177,agw_group,Rapace,Bird of prey,Roofvogel,Greifvogel
3f4e56d9-d5af-4a6c-8727-635da486f678,species,SP177,class,Aves,Aves,Aves,Aves
b22e1b26-de09-4368-a609-a817a440ab3b,species,SP177,creaves_species,Faucon crécerelle,Common Kestrel,Torenvalk,Turmfalke
8e988baf-ea58-4f5a-99b2-5e546e443bb3,species,SP177,family,Falconidés,Falconidae,Falconidae,Falconidae
fd1ed6ba-89f7-46c7-8fb3-47fc0d6de786,species,SP177,native_status,NS1,NS1,NS1,NS1
3bf15d72-e19e-4a22-9489-8b60d2642ec3,species,SP177,order,Falconiformes,Falconiformes,Falconiformes,Falconiformes
2e6216ba-abd6-4224-b267-344ef0b0ba12,species,SP177,species,Falco tinnunculus,Falco tinnunculus,Falco tinnunculus,Falco tinnunculus
a2be23a9-7896-47e5-ae87-e03562351318,species,SP177,subside_group,SG1,SG1,SG1,SG1
0e15edae-fd14-4a00-8501-9a2e6332ae9c,species,SP178,agw_group,Rapace,Bird of prey,Roofvogel,Greifvogel
a74897f8-e98d-4ca1-aa72-e0a4d3a92b34,species,SP178,class,Aves,Aves,Aves,Aves
880621c4-dbff-47ca-8efe-a78e5b762b79,species,SP178,creaves_species,Faucon kobez,Red-footed Falcon,Grauwe valk,Rotfußfalke
dc6ade08-c2b6-4376-9eaa-3a2656c3146a,species,SP178,family,Falconidés,Falconidae,Falconidae,Falconidae
069b7d70-9aec-4a04-b0d0-93cacc17b339,species,SP178,native_status,NS1,NS1,NS1,NS1
ad27da39-a1c3-4bd9-bbf9-675f5757beb6,species,SP178,order,Falconiformes,Falconiformes,Falconiformes,Falconiformes
278bfceb-e735-42ff-9248-d254e68cd8b7,species,SP178,species,Falco vespertinus,Falco vespertinus,Falco vespertinus,Falco vespertinus
eb529b20-eae9-4e1c-af60-8a68266cf24c,species,SP178,subside_group,SG1,SG1,SG1,SG1
0ec91a25-b434-44b4-9a03-0502945e7de1,species,SP179,agw_group,Domestique,Domestic,gedomesticeerd,Haustier
f53a67d2-04b9-4408-acc0-90b1ac386409,species,SP179,class,Mammalia,Mammalia,Mammalia,Mammalia
abe2f0d7-6d58-4bee-94ef-afacf29a11b9,species,SP179,creaves_species,Chat haret,Feral cat,Verwilderde kat,Verwilderte Katze
d1646129-9b00-4cf4-8e76-f812a94cd91a,species,SP179,family,Félidés,Felidae,Felidae,Felidae
2e20e182-f7d4-466e-b11a-9539b56c4af5,species,SP179,native_status,NS4,NS4,NS4,NS4
8c1425c9-8b32-4806-b41c-b121990209ff,species,SP179,order,Carnivora,Carnivora,Carnivora,Carnivora
0ed12df2-01df-4850-a92e-2f547f767835,species,SP179,species,Felis catus,Felis catus,Felis catus,Felis catus
2a470340-f441-4c11-8981-d0d6ae4df05b,species,SP179,subside_group,SG4,SG4,SG4,SG4
e7d04883-4547-42e1-826b-fd4f23976197,species,SP18,agw_group,Anatidé  / grèbe,Duck / grebe,Eend / fuut,Ente / Taucher
942765e5-47ad-4019-aee9-4f451aa1c2c6,species,SP18,class,Aves,Aves,Aves,Aves
e7f4d9d3-b27c-4eaf-aff9-b295a90150ef,species,SP18,creaves_species,Ouette d'Egypte,Egyptian Goose,Nijlgans,Nilgans
79ce4996-ee17-45ce-b317-15814283470c,species,SP18,family,Anatidés,Anatidae,Anatidae,Anatidae
aa6567e0-ffe4-40cc-80fc-d1afd0ed6194,species,SP18,native_status,NS3,NS3,NS3,NS3
dd1b4423-67ae-444b-8472-edb3f6f08786,species,SP18,order,Ansériformes,Anseriformes,Anseriformes,Anseriformes
3de17145-b171-4af9-8435-eb12d5504f5e,species,SP18,species,Alopochen aegyptiacus,Alopochen aegyptiacus,Alopochen aegyptiacus,Alopochen aegyptiacus
a49d97b4-f1cc-48ed-9060-282562244267,species,SP18,subside_group,SG1,SG1,SG1,SG1
fb2d5466-e9a9-4699-a823-f3fc499ab297,species,SP180,agw_group,Mammifère taille moyenne,Medium-sized mammal,Middelgroot zoogdier,Mittelgroßes Säugetier
a94a81ed-f937-40b0-b6db-ad23a5647148,species,SP180,class,Mammalia,Mammalia,Mammalia,Mammalia
90c18b9c-852a-4392-a84b-065b368e76ef,species,SP180,creaves_species,Chat sylvestre,European Wildcat,Wilde kat,Wildkatze
bd03a961-bd9a-485d-ad7b-0bcc2b95f4c5,species,SP180,family,Félidés,Felidae,Felidae,Felidae
d3c98538-892d-4841-a122-b5184372f9db,species,SP180,native_status,NS1,NS1,NS1,NS1
dcaa90fa-e029-4704-a102-5419a601dda9,species,SP180,order,Carnivora,Carnivora,Carnivora,Carnivora
2a700d3f-9847-4a45-a201-317d34989027,species,SP180,species,Felis silvestris,Felis silvestris,Felis silvestris,Felis silvestris
475718b8-49cc-432f-9c3f-775985da6ff7,species,SP180,subside_group,SG3,SG3,SG3,SG3
b0778dcb-a284-402c-8e90-6e30ae02fb29,species,SP181,agw_group,Autre oiseau,Other bird,Andere vogel,Anderer Vogel
de5e7052-db2e-4421-97c9-1f0b0649ff2d,species,SP181,class,Aves,Aves,Aves,Aves
b1d2226d-9a7f-4346-8611-4284537befbf,species,SP181,creaves_species,Gobemouche à collier,Collared Flycatcher,Withkraagvliegenvanger,Halsbandschnäpper
76bb8bfe-8085-4fa5-9b19-7eea326bf619,species,SP181,family,Muscicapidés,Muscicapidae,Muscicapidae,Muscicapidae
fbe80356-9d6b-4008-867d-565f535e3bb8,species,SP181,native_status,NS1,NS1,NS1,NS1
433b1a36-328f-4858-bc5d-99f8458a199f,species,SP181,order,Passériformes,Passeriformes,Passeriformes,Passeriformes
f2fc3f38-c498-468b-8d69-6bbd603a3b40,species,SP181,species,Ficedula albicollis,Ficedula albicollis,Ficedula albicollis,Ficedula albicollis
655d9e8e-850f-42dc-a10a-06106e242322,species,SP181,subside_group,SG2,SG2,SG2,SG2
076c9eb4-b5c6-450b-a04f-75d9ba532fcc,species,SP182,agw_group,Autre oiseau,Other bird,Andere vogel,Anderer Vogel
81ae9c21-a062-477a-bc80-1f9b4a4269be,species,SP182,class,Aves,Aves,Aves,Aves
436edf65-5ffc-4518-b6b9-2e3321f9c54f,species,SP182,creaves_species,Gobemouche noir,European Pied Flycatcher,Bonte vliegenvanger,Trauerschnäpper
ea195fd3-8668-404a-b498-6288ba265460,species,SP182,family,Muscicapidés,Muscicapidae,Muscicapidae,Muscicapidae
554551a1-ba9c-48d5-801e-b41548561add,species,SP182,native_status,NS1,NS1,NS1,NS1
7366573d-fc2d-4fa6-b4fe-55e42e5509ce,species,SP182,order,Passériformes,Passeriformes,Passeriformes,Passeriformes
b06fd1ac-ac52-4867-a0d1-9fb03b3c6d24,species,SP182,species,Ficedula hypoleuca,Ficedula hypoleuca,Ficedula hypoleuca,Ficedula hypoleuca
0e2697ac-f805-4d55-b3df-812ba8e39d1b,species,SP182,subside_group,SG2,SG2,SG2,SG2
5dcb9f80-ba0a-416e-a8c3-49343e321725,species,SP183,agw_group,Autre oiseau,Other bird,Andere vogel,Anderer Vogel
f6b9e223-56f8-4b00-b9f7-d7a7ddfb0456,species,SP183,class,Aves,Aves,Aves,Aves
7bb172c7-a976-426e-96a8-62fdb256fa83,species,SP183,creaves_species,Gobemouche nain,Red-breasted Flycatcher,Kleine vliegenvanger,Zwergschnäpper
48670d57-fda0-4fa4-966b-d8319379f911,species,SP183,family,Muscicapidés,Muscicapidae,Muscicapidae,Muscicapidae
2b0951bb-a1aa-4ee1-a7cc-bf759e0ce7ec,species,SP183,native_status,NS1,NS1,NS1,NS1
b4e701d4-78b0-47b0-8b4b-e4951d6cb0ca,species,SP183,order,Passériformes,Passeriformes,Passeriformes,Passeriformes
f914e98e-912f-433a-97e4-87468e626753,species,SP183,species,Ficedula parva,Ficedula parva,Ficedula parva,Ficedula parva
c7b878a2-a057-476c-b040-72c15ccedf51,species,SP183,subside_group,SG2,SG2,SG2,SG2
c832f6bd-3010-4213-9199-e9504594ba82,species,SP184,agw_group,Autre oiseau d'eau,Other waterbird,Andere watervogel,Anderer Wasservogel
bb32a5d6-f4cc-4cfc-9a7e-595fc727ebb7,species,SP184,class,Aves,Aves,Aves,Aves
301e3e52-6f9a-4e15-b849-8604d745d6bc,species,SP184,creaves_species,Macareux moine,Atlantic Puffin,Papegaaiduiker,Papageientaucher
2e7e43a2-b304-4fd1-92f0-6ba9f4c603ad,species,SP184,family,Alcidés,Alcidae,Alcidae,Alcidae
8bb0e4a5-4b74-49b1-b0fe-65bb6b6738f5,species,SP184,native_status,NS1,NS1,NS1,NS1
e71f890c-95a9-4ce9-aab4-82292c0382f0,species,SP184,order,Charadriiformes,Charadriiformes,Charadriiformes,Charadriiformes
3d481063-b3f5-4d16-8c23-b637f3468dc4,species,SP184,species,Fratercula arctica,Fratercula arctica,Fratercula arctica,Fratercula arctica
9324b993-7b2d-49f8-8ee1-ce49efb961b0,species,SP184,subside_group,SG1,SG1,SG1,SG1
8351f7f5-8574-4c7b-8a8d-8b6d6d09788f,species,SP185,agw_group,Autre oiseau,Other bird,Andere vogel,Anderer Vogel
fbe6d150-a155-40b5-99c2-53760c2a273d,species,SP185,class,Aves,Aves,Aves,Aves
40d4dc62-b8f9-437e-9a30-ee1dbe2528bc,species,SP185,creaves_species,Pinson des arbres,Common Chaffinch,Vink,Buchfink
a14b9493-1a7c-40a6-a2a9-5a8785549f5e,species,SP185,family,Fringillidés,Fringillidae,Fringillidae,Fringillidae
e6efc77c-150e-49c9-8c30-8851d65d2ef8,species,SP185,native_status,NS1,NS1,NS1,NS1
b1ef6b4e-60a5-422d-b72a-3c50bf10e8f6,species,SP185,order,Passériformes,Passeriformes,Passeriformes,Passeriformes
7ec702d3-24e8-4d3b-9093-daf1573cb3d6,species,SP185,species,Fringilla coelebs,Fringilla coelebs,Fringilla coelebs,Fringilla coelebs
0f31a3cd-49b0-48fc-9fec-f0a4e3e35ba0,species,SP185,subside_group,SG2,SG2,SG2,SG2
a2c1d44d-36b8-4a20-9cc7-5c06bcc3cb15,species,SP186,agw_group,Autre oiseau,Other bird,Andere vogel,Anderer Vogel
449e1204-7079-47e1-b948-33d00597effb,species,SP186,class,Aves,Aves,Aves,Aves
8bdf969d-11db-48f4-aefd-c2adcf768332,species,SP186,creaves_species,Pinson du Nord,Brambling,Keep,Bergfink
70b1a323-7f0e-4c92-9e08-89ec56396043,species,SP186,family,Fringillidés,Fringillidae,Fringillidae,Fringillidae
aa5ec4d5-8bf3-4b2b-9772-41cbaa0aa492,species,SP186,native_status,NS1,NS1,NS1,NS1
c68e9d08-4ffd-4e1a-8af5-308448754c48,species,SP186,order,Passériformes,Passeriformes,Passeriformes,Passeriformes
f16548ab-eb08-481b-8985-1f927fd9e60e,species,SP186,species,Fringilla montifringilla,Fringilla montifringilla,Fringilla montifringilla,Fringilla montifringilla
818b6265-be1b-412c-a7c4-d7649fb1a7b2,species,SP186,subside_group,SG2,SG2,SG2,SG2
ce4b7fc2-a6f6-4e39-8ecb-38e59ec5de56,species,SP187,agw_group,Autre oiseau d'eau,Other waterbird,Andere watervogel,Anderer Wasservogel
d8214ee1-8b2c-401a-8229-213cb12bf176,species,SP187,class,Aves,Aves,Aves,Aves
cb3a9778-f509-43c1-8487-c86631956b39,species,SP187,creaves_species,Foulque macroule,Eurasian Coot,Meerkoet,Blässhuhn
111d5b44-fb24-40d8-8ce0-756fe7dbc0a1,species,SP187,family,Rallidés,Rallidae,Rallidae,Rallidae
2e0ac3c4-ef86-43b4-a6f6-4c25e42945fd,species,SP187,native_status,NS1,NS1,NS1,NS1
877082c1-7669-4363-9946-053ec37eecf5,species,SP187,order,Gruiformes,Gruiformes,Gruiformes,Gruiformes
139b1499-cbde-495e-8603-ec0ff834a516,species,SP187,species,Fulica atra,Fulica atra,Fulica atra,Fulica atra
7c85f322-a019-4399-9ca5-e37e2582e8da,species,SP187,subside_group,SG1,SG1,SG1,SG1
e31fc88d-ad4e-4595-92a1-898892f94c98,species,SP188,agw_group,Autre oiseau d'eau,Other waterbird,Andere watervogel,Anderer Wasservogel
d142ca3c-5917-44ef-9f4f-fe2bc0443a78,species,SP188,class,Aves,Aves,Aves,Aves
90fb645c-f174-476d-a0e8-1d1d5ff31111,species,SP188,creaves_species,Fulmar boréal,Northern Fulmar,Noordse stormvogel,Eissturmvogel
c79a0b72-ee68-4667-9bf8-90d7f6b81177,species,SP188,family,Procellaridés,Procellariidae,Procellariidae,Procellariidae
d484cb2b-d06f-4c03-b615-53623ed18941,species,SP188,native_status,NS1,NS1,NS1,NS1
cdb41b86-bd88-4ccc-bc9e-cdb96a5242fd,species,SP188,order,Procellariiformes,Procellariiformes,Procellariiformes,Procellariiformes
ecbd7d1a-4c19-46d6-b9bd-0901b461c536,species,SP188,species,Fulmarus glacialis,Fulmarus glacialis,Fulmarus glacialis,Fulmarus glacialis
99466b41-ed09-434e-872a-2803e2c5ca42,species,SP188,subside_group,SG1,SG1,SG1,SG1
0dc81701-5806-446b-83da-e1d2744bced5,species,SP189,agw_group,Autre oiseau,Other bird,Andere vogel,Anderer Vogel
cd3df8d6-6fc5-404a-8e3c-1273e73e088b,species,SP189,class,Aves,Aves,Aves,Aves
a57ba06e-5f9a-4b37-81a5-cee4fa9e0b24,species,SP189,creaves_species,Cochevis huppé,Crested Lark,Kuifleeuwerik,Haubenlerche
9a87db4e-4341-4257-b0bf-fde14c1cbea4,species,SP189,family,Alaudidés,Alaudidae,Alaudidae,Alaudidae
843b868b-f815-4491-9191-ce1a01c3ba85,species,SP189,native_status,NS1,NS1,NS1,NS1
349ccc6b-c812-4b9e-bc60-7e8477909a0b,species,SP189,order,Passériformes,Passeriformes,Passeriformes,Passeriformes
cc7355d5-5841-43a2-b0e4-3123179e48e6,species,SP189,species,Galerida cristata,Galerida cristata,Galerida cristata,Galerida cristata
e42acff8-1f8b-4648-8f81-eb58989a4256,species,SP189,subside_group,SG2,SG2,SG2,SG2
c46658a8-3b78-46bd-8ad8-a1559e1b1ffd,species,SP19,agw_group,Batracien,Amphibian,Amfibie,Amphibie
81eda471-4138-4961-977c-673b3ff90eff,species,SP19,class,Amphibia,Amphibia,Amphibia,Amphibia
7e913e62-d199-4b6b-95c1-61ee01e65215,species,SP19,creaves_species,Alyte accoucheur,Common Midwife Toad,Vroedmeesterpad,Geburtshelferkröte
6077e355-f2b4-4b7d-8ecf-58dcd9bcc22a,species,SP19,family,Alytidae,Alytidae,Alytidae,Alytidae
c6d0de53-471c-45f0-9adc-b52d7c4e27a8,species,SP19,native_status,NS1,NS1,NS1,NS1
cd8445b5-0985-46b4-957f-319046c8f2fd,species,SP19,order,Anura,Anura,Anura,Anura
a9cdb1aa-5aa5-4c4d-ba56-f604a7c7405d,species,SP19,species,Alytes obstetricans,Alytes obstetricans,Alytes obstetricans,Alytes obstetricans
dbd0db6d-4adf-41ca-8f45-137b744546bc,species,SP19,subside_group,SG2,SG2,SG2,SG2
eefc3af7-ab8e-4f0c-abd8-5e23946b7372,species,SP190,agw_group,Limicole,Wader,Steltloper,Watvogel
546316c8-51ca-40dc-b893-44a81251c413,species,SP190,class,Aves,Aves,Aves,Aves
891882f6-ffb5-4342-b817-0c17cc09e352,species,SP190,creaves_species,Bécassine des marais,Common Snipe,Watersnip,Bekassine
fea35412-5d6c-4f6b-9738-eea24ed6687f,species,SP190,family,Scolopacidés,Scolopacidae,Scolopacidae,Scolopacidae
55dca88b-1af7-4361-9da4-0447e6d3842e,species,SP190,native_status,NS1,NS1,NS1,NS1
d64f9ef8-bd89-45a4-a43d-14b6ef551a24,species,SP190,order,Charadriiformes,Charadriiformes,Charadriiformes,Charadriiformes
70d1b2ca-f1e7-4f05-9469-6e78719e9895,species,SP190,species,Gallinago gallinago,Gallinago gallinago,Gallinago gallinago,Gallinago gallinago
47d64269-f2d2-4bc2-b8cc-4b153d08565f,species,SP190,subside_group,SG1,SG1,SG1,SG1
4c2dca40-7a2f-4602-b00a-fb9424bddea7,species,SP191,agw_group,Limicole,Wader,Steltloper,Watvogel
f3d0c436-3fb1-46f8-8bb1-ebb662cc4eb0,species,SP191,class,Aves,Aves,Aves,Aves
fdcf027b-47b8-4a0b-ac1e-31d7e9c68acd,species,SP191,creaves_species,Bécassine double,Great Snipe,Poelsnip,Doppelschnepfe
7ac6d1a4-ccd1-4777-b0de-773b406d85b5,species,SP191,family,Scolopacidés,Scolopacidae,Scolopacidae,Scolopacidae
e779f33e-c314-479a-9dd8-386336f29851,species,SP191,native_status,NS1,NS1,NS1,NS1
237a46fa-2fa7-40ee-a800-c6261d2af0aa,species,SP191,order,Charadriiformes,Charadriiformes,Charadriiformes,Charadriiformes
c647bd45-3608-4692-a1bb-0176a7350db1,species,SP191,species,Gallinago media,Gallinago media,Gallinago media,Gallinago media
60f470cf-65eb-450a-8aa0-e4879e3e5635,species,SP191,subside_group,SG1,SG1,SG1,SG1
e44de53c-6156-4c19-ba01-907a2e82ed6c,species,SP192,agw_group,Autre oiseau d'eau,Other waterbird,Andere watervogel,Anderer Wasservogel
68ad6d83-26f7-47e3-abe1-f1e0e1ddf15f,species,SP192,class,Aves,Aves,Aves,Aves
adb49222-911f-4051-921d-f3e2b5aced09,species,SP192,creaves_species,Gallinule poule d'eau,Common Moorhen,Waterhoen,Teichhuhn
a1c29cee-0f92-44cc-a544-7d518f3a0d62,species,SP192,family,Rallidés,Rallidae,Rallidae,Rallidae
77fbf411-bffb-4ccd-81ca-61f68723f60e,species,SP192,native_status,NS1,NS1,NS1,NS1
38828480-af18-44e8-8d5b-4419ffe8f068,species,SP192,order,Gruiformes,Gruiformes,Gruiformes,Gruiformes
ebb66e9e-e75d-413b-b3e3-90534b45bafc,species,SP192,species,Gallinula chloropus,Gallinula chloropus,Gallinula chloropus,Gallinula chloropus
0a67e904-2a8c-4744-9234-e0121d7a9685,species,SP192,subside_group,SG1,SG1,SG1,SG1
45b4716b-c396-4c3f-9977-2c909cfcb392,species,SP193,agw_group,Corvidé,Corvid,Corvid,Rabenvogel
1924da78-9691-4de1-8c87-be85a67e3d4f,species,SP193,class,Aves,Aves,Aves,Aves
bafa32e2-8cf4-43ce-abc1-1e9e46182a49,species,SP193,creaves_species,Geai des chênes,Eurasian Jay,Vlaamse gaai,Eichelhäher
8c41fb23-eb30-4149-807a-04f81067ee41,species,SP193,family,Corvidés,Corvidae,Corvidae,Corvidae
d983a35f-0080-47dc-929c-d91f951ecb13,species,SP193,native_status,NS1,NS1,NS1,NS1
dcc86266-df0b-4589-b0bb-0f58c5b5d3c8,species,SP193,order,Passériformes,Passeriformes,Passeriformes,Passeriformes
6424d6ce-2a03-4efa-874c-6654981d7917,species,SP193,species,Garrulus glandarius,Garrulus glandarius,Garrulus glandarius,Garrulus glandarius
a57fdb00-11c5-4897-9c6e-5df01a9cfdfa,species,SP193,subside_group,SG2,SG2,SG2,SG2
953fc5cc-3158-4859-a59c-5927ff234ff2,species,SP194,agw_group,Autre oiseau d'eau,Other waterbird,Andere watervogel,Anderer Wasservogel
0bfc0831-9a9f-4ffb-823e-b36c61e13f45,species,SP194,class,Aves,Aves,Aves,Aves
d185995b-5d31-481a-b245-b7bb23fd5a7b,species,SP194,creaves_species,Plongeon arctique,Black-throated Diver (Arctic Loon),Parelduiker,Prachttaucher
476694a1-161f-448e-9c75-e94fa3d47830,species,SP194,family,Gaviidés,Gaviidae,Gaviidae,Gaviidae
c74572f9-314c-4bdc-a067-19aff128461e,species,SP194,native_status,NS1,NS1,NS1,NS1
453d392c-325e-4124-9124-b5128d4f8c80,species,SP194,order,Gaviiformes,Gaviiformes,Gaviiformes,Gaviiformes
989d4e7f-2386-4e3e-85d2-f9ded382367d,species,SP194,species,Gavia arctica,Gavia arctica,Gavia arctica,Gavia arctica
1133d2c2-c963-472c-8644-7553117f076b,species,SP194,subside_group,SG1,SG1,SG1,SG1
70f9c101-5285-4d69-8d1a-0b8da9724577,species,SP195,agw_group,Autre oiseau d'eau,Other waterbird,Andere watervogel,Anderer Wasservogel
b1365632-56c9-437a-9383-6ce2e292b45a,species,SP195,class,Aves,Aves,Aves,Aves
1c22c1ef-b121-4b76-8e25-790e3afa6564,species,SP195,creaves_species,Plongeon catmarin,Red-throated Diver,Roodkeelduiker,Sterntaucher
330640ac-c596-4e78-ad49-01ff0c2179ab,species,SP195,family,Gaviidés,Gaviidae,Gaviidae,Gaviidae
6ab0407c-eb67-4a92-adf2-fdb9dbb95d1d,species,SP195,native_status,NS1,NS1,NS1,NS1
9663d6b7-2afe-4381-916a-93ec1565405f,species,SP195,order,Gaviiformes,Gaviiformes,Gaviiformes,Gaviiformes
67cbc5d9-788b-41cd-bf73-bb47a312d3ed,species,SP195,species,Gavia stellata,Gavia stellata,Gavia stellata,Gavia stellata
06592be1-d81a-4bf0-869d-f02df3a87bce,species,SP195,subside_group,SG1,SG1,SG1,SG1
9a850e0e-420a-4290-914f-c0500ecd8f30,species,SP196,agw_group,Laridé,Gull,Meeuw,Möwe
78a83057-8fc8-40bc-aaf8-95c78ce92432,species,SP196,class,Aves,Aves,Aves,Aves
cd230c8c-5c10-4ed1-91af-9f045316cc74,species,SP196,creaves_species,Sterne hansel,Gull-billed Tern,Lachstern,Lachseeschwalbe
8332fb7d-37a6-4463-a53c-f0a7ba5d9aa5,species,SP196,family,Sternidés,Sternidae,Sternidae,Sternidae
95c107ce-2af5-4a1b-880e-961a9d4e4b91,species,SP196,native_status,NS1,NS1,NS1,NS1
0b6eb777-088d-4247-9209-86459a4c56f1,species,SP196,order,Passériformes,Passeriformes,Passeriformes,Passeriformes
aac807dd-d94e-475a-b01f-9e9ce387791c,species,SP196,species,Gelochelidon nilotica,Gelochelidon nilotica,Gelochelidon nilotica,Gelochelidon nilotica
b66ebc80-7fcd-411f-a8a8-7c3890f903ea,species,SP196,subside_group,SG1,SG1,SG1,SG1
ab50ca4a-66a6-4263-a5cf-d143c0b5bc71,species,SP197,agw_group,Mustélidé,Mustelid,Marterachtige,Marderartiger
7ae4a8a8-4134-452e-bd11-a7fb03488324,species,SP197,class,Mammalia,Mammalia,Mammalia,Mammalia
c5c4fb69-b6a6-4ee8-a7db-fd7a1deb0b5b,species,SP197,creaves_species,Genette,Genet,Genetta,Ginsterkatze
52e1a001-9f24-4833-866d-05cfa4e90277,species,SP197,family,Viverridés,Viverridae,Viverridae,Viverridae
0c43c29b-fe4e-4344-baf9-edb0414214f2,species,SP197,native_status,NS2,NS2,NS2,NS2
64262d4e-72e5-4749-b991-9626bac70df5,species,SP197,order,Viverroidea,Viverroidea,Viverroidea,Viverroidea
67559eb9-a018-4776-9212-5ebd62a1f1c6,species,SP197,species,Genetta genetta,Genetta genetta,Genetta genetta,Genetta genetta
6d0092cd-ddf4-4bab-ab7b-ad843a50a47f,species,SP197,subside_group,SG3,SG3,SG3,SG3
5ab4bd1e-4411-4785-bd96-3e0d2f1ff7e9,species,SP198,agw_group,Autre oiseau,Other bird,Andere vogel,Anderer Vogel
7c0601e9-4afc-49ee-97c5-66c3e91376c7,species,SP198,class,Aves,Aves,Aves,Aves
e87dc5f5-3923-4366-bed4-e1f8ea41c2be,species,SP198,creaves_species,Glaréole à collier,Collared Pratincole,Vorkstaartplevier,Brachschwalbe
f1538bac-2a74-47ce-bb54-ad3ccebb8039,species,SP198,family,Glaréolidés,Glareolidae,Glareolidae,Glareolidae
fe63384a-b299-4bd2-a649-01425495d49d,species,SP198,native_status,NS1,NS1,NS1,NS1
afa9f0a8-8e7d-42ae-a67e-7a2beb5bdbee,species,SP198,order,Charadriiformes,Charadriiformes,Charadriiformes,Charadriiformes
51597b14-3914-44a5-93bb-b3a54a53e156,species,SP198,species,Glareola pratincola,Glareola pratincola,Glareola pratincola,Glareola pratincola
342a967b-485b-4f1e-8f81-16b344602df6,species,SP198,subside_group,SG1,SG1,SG1,SG1
cdf655c2-a342-4369-9f06-dac2381f545b,species,SP199,agw_group,Rapace,Bird of prey,Roofvogel,Greifvogel
16113dba-e272-4ee3-99bf-6ba1e950bd6e,species,SP199,class,Aves,Aves,Aves,Aves
24af63b0-a5ac-45de-bb70-1eeddc10b64b,species,SP199,creaves_species,Chevêchette d'Europe,Eurasian Pygmy Owl,Dwerguil,Sperlingskauz
77162951-0b49-4681-a24b-db392c343a85,species,SP199,family,Strigidés,Strigidae,Strigidae,Strigidae
7d28c86a-8219-4e6d-a27f-33b775f27552,species,SP199,native_status,NS1,NS1,NS1,NS1
17690e4a-0846-4663-936a-1db1578f934a,species,SP199,order,Strigiformes,Strigiformes,Strigiformes,Strigiformes
5e454178-7652-4ffc-9516-a47b87c7b52e,species,SP199,species,Glaucidium passerinum,Glaucidium passerinum,Glaucidium passerinum,Glaucidium passerinum
a63d6f64-5cf5-4ddd-b0c9-f320f4657658,species,SP199,subside_group,SG1,SG1,SG1,SG1
5836e19e-7e19-4d39-a6ea-d4173a86d039,species,SP2,agw_group,Rapace,Bird of prey,Roofvogel,Greifvogel
d17c8dde-0b35-457e-9dc6-33444e710310,species,SP2,class,Aves,Aves,Aves,Aves
eeb657f1-d0cd-47cc-9bbb-62cc27843cc7,species,SP2,creaves_species,Epervier d'Europe,Eurasian Sparrowhawk,Sperwer,Sperber
7cbbe261-5a97-4862-ab63-cdbe8801f3c0,species,SP2,family,Accipitridés,Accipitridae,Accipitridae,Accipitridae
c7629d1a-ad48-41fb-98eb-4c9a27e1031b,species,SP2,native_status,NS1,NS1,NS1,NS1
4806adc0-906a-4d2b-a75b-51fde7426a0c,species,SP2,order,Accipitriformes,Accipitriformes,Accipitriformes,Accipitriformes
cd1c45b9-89e1-46b3-bf34-ac760e63f461,species,SP2,species,Accipiter nisus,Accipiter nisus,Accipiter nisus,Accipiter nisus
7e0321d9-816d-49af-b05f-5ca1c7be8fd9,species,SP2,subside_group,SG1,SG1,SG1,SG1
f0631595-2f5a-4b1f-80bd-d7fac00538b0,species,SP20,agw_group,Anatidé  / grèbe,Duck / grebe,Eend / fuut,Ente / Taucher
9c8ecdfd-09ca-4e28-948f-759de5bf0bee,species,SP20,class,Aves,Aves,Aves,Aves
af9a88be-9840-4c62-8cfc-8a93f013fbf8,species,SP20,creaves_species,Canard pilet,Northern Pintail,Pijlstaart,Stockente
529832d0-50bf-489e-b4da-9b93fd86e859,species,SP20,family,Anatidés,Anatidae,Anatidae,Anatidae
e5ff78f4-be4a-4e8d-a589-a410158fa8f1,species,SP20,native_status,NS1,NS1,NS1,NS1
25ddfc4b-fd32-4f86-b219-9cffea16332d,species,SP20,order,Ansériformes,Anseriformes,Anser,
35e83142-ef57-41d1-ab1c-dd1729e9b576,species,SP20,species,Anas acuta,,,
638d8699-84c0-45b6-b31a-22c6ba72235e,species,SP20,subside_group,SG1,,,
4a1783e8-0ebf-4e44-9162-5dedde8e3901,species,SP200,agw_group,Micro-mammifère,,,
910ca731-7a0c-4f15-adb1-c60afe0258a2,species,SP200,class,Mammalia,,,
d524726d-33ff-4933-ae74-2506ce63ef9b,species,SP200,creaves_species,Loir,,,
d776b39b-f55f-4738-853e-4f4eed8f286d,species,SP200,family,Muscardinidés,,,
6e47432f-b3a5-4e04-b6ba-d921d019a2d7,species,SP200,native_status,NS1,,,
cf605bd3-deb9-4da5-a2f6-d8673396796b,species,SP200,order,Rodentia,,,
a835b150-cd82-43d0-881c-0db4ac17bb4e,species,SP200,species,Glis glis,,,
6c9b4aa4-4f60-4d4a-a920-8d00cfa2e267,species,SP200,subside_group,SG3,,,
95053478-c102-4465-8b3c-5d8875f92331,species,SP201,agw_group,Autre oiseau d'eau,,,
bf4619e3-69c6-4f4e-a30c-697d7aa4b776,species,SP201,class,Aves,,,
2c805628-496a-4d07-a8a7-e78c7d94fae9,species,SP201,creaves_species,Grue cendrée,,,
906988c6-82fb-4c81-b2f0-47d8cb234b0f,species,SP201,family,Gruidés,,,
6e2b2d91-155b-4472-8e5f-d27b74541593,species,SP201,native_status,NS1,,,
2dbc8563-7bed-4429-9fbd-51a5c33ad790,species,SP201,order,Gruiformes,,,
e40d292a-3014-4f90-bc2b-9481bdbf9de4,species,SP201,species,Grus grus,,,
effba14c-5cb8-4c61-a00f-38b072bf594d,species,SP201,subside_group,SG1,,,
e0415f0c-cc58-41b3-b245-a80a5a9dbbfc,species,SP202,agw_group,Rapace,,,
53206e4b-f273-47fe-96e7-132c4fb661c1,species,SP202,class,Aves,,,
c31f7c4c-e57a-44f0-93f2-6bcee50cdcbb,species,SP202,creaves_species,Vautour fauve,,,
e6f23172-441a-40dc-96f4-d4ecc1faa3e2,species,SP202,family,Accipitridés,,,
e34726f2-253f-4eb1-8ebd-6aaf823343f7,species,SP202,native_status,NS1,,,
0b15065c-2b46-4839-a244-6b56cc7d6d8f,species,SP202,order,Accipitriformes,,,
61542ab8-f5e3-4557-bb25-8d9a5e28b18a,species,SP202,species,Gyps fulvus,,,
484ce63d-c40b-4511-b4c3-363ca36bcb7f,species,SP202,subside_group,SG1,,,
ec67755a-53c6-4f0f-86d3-d77786feabf3,species,SP203,agw_group,Limicole,,,
65e83465-a4cb-44eb-8199-2c63e755ec8b,species,SP203,class,Aves,,,
71a99295-ac55-466f-8df2-333a446304d0,species,SP203,creaves_species,Huîtrier pie,,,
615d9949-5c90-4ded-9c69-f0143ef8d68d,species,SP203,family,Haematopodidés,,,
6e2d0cb6-00ad-4f70-b4ca-df35f8732b43,species,SP203,native_status,NS1,,,
3046f8d3-e244-4262-a82a-033dfd3338fa,species,SP203,order,Charadriiformes,,,
dbc425a3-5bc0-466b-862e-125b9ba1d6a9,species,SP203,species,Haematopus ostralegus,,,
a0be059d-655f-484c-bb6b-c8d3b1e15e46,species,SP203,subside_group,SG1,,,
fc993ecc-375f-4479-b971-046bf0f080e0,species,SP204,agw_group,Rapace,,,
de5fdca0-98ec-487b-ae2e-117313d6704a,species,SP204,class,Aves,,,
6941a34a-347c-4ec8-8a06-eb40e88a07d5,species,SP204,creaves_species,Pygargue à queue blanche,,,
069c547d-c7fc-4e68-91c5-f4674c0d9051,species,SP204,family,Accipitridés,,,
24acad74-91ef-4b3e-ada7-39ee345fb1a0,species,SP204,native_status,NS1,,,
e54b60d6-1f90-4c6c-8ef0-5cac4d3e8def,species,SP204,order,Accipitriformes,,,
f6da6b01-96ab-4409-b9e4-691a7da39df3,species,SP204,species,Haliaeetus albicilla,,,
dd604509-50a8-411c-a295-b7cc6a6ecc50,species,SP204,subside_group,SG1,,,
d4c256e1-270f-4bdb-a0a3-53a7d9a37f03,species,SP205,agw_group,Rapace,,,
68364b65-5af2-4e00-ad7b-68d42ea0987d,species,SP205,class,Aves,,,
01c893d1-297c-48ce-adb6-7b75e87f3a05,species,SP205,creaves_species,Aigle de Bonelli,,,
50457528-ffdd-4d0b-8619-63a8ea3c0361,species,SP205,family,Accipitridés,,,
a4d671da-f64d-4bc2-902e-b7cdfced6276,species,SP205,native_status,NS1,,,
18b90668-ad3c-4cee-9625-b797ff7fea32,species,SP205,order,Accipitriformes,,,
97606530-f24d-4aa4-ba35-313eaf255811,species,SP205,species,Hieraaetus fasciatus,,,
5e86ed78-5dd4-450b-9068-011a4579d53d,species,SP205,subside_group,SG1,,,
3ce7917a-8122-4805-b54e-9ed6e262764f,species,SP206,agw_group,Rapace,,,
a75ad1d4-c87b-45d5-b946-df7b665b1542,species,SP206,class,Aves,,,
7f12a55d-542c-4d8c-8938-939bce47e270,species,SP206,creaves_species,Aigle botté,,,
665c1a16-5ecc-46c7-abaf-c368986eea06,species,SP206,family,Accipitridés,,,
efcd82a4-7a7f-477e-9c84-620f89b85300,species,SP206,native_status,NS1,,,
b6d426e3-9d9c-4eaf-a021-db2440a33ec2,species,SP206,order,Accipitriformes,,,
9cd1d545-da46-46d1-9419-b874a4919465,species,SP206,species,Hieraaetus pennatus,,,
7afb3390-bdb0-4c73-8490-89919291535f,species,SP206,subside_group,SG1,,,
1b57e465-1a21-4782-a672-c56bdad95e76,species,SP207,agw_group,Limicole,,,
00aaae1e-5cbb-4039-abd7-2dcdb4c0fbaf,species,SP207,class,Aves,,,
b07a5b08-4256-45d8-acbe-585de967c6e2,species,SP207,creaves_species,Echasse blanche,,,
58ce9e6f-6ab4-4cba-bb55-f8bab563d355,species,SP207,family,Récurvirostridés,,,
726a8358-b826-4048-8b59-cce1fd5cc475,species,SP207,native_status,NS1,,,
d021b362-aa16-4652-8f44-3842deefc14c,species,SP207,order,Charadriiformes,,,
12f78234-df67-4c13-8ecc-69efcd9699ca,species,SP207,species,Himantopus himantopus,,,
d2486538-fc2d-4d7c-bfb7-44ff7cee3569,species,SP207,subside_group,SG1,,,
8f82c6b3-d0ed-4ca2-9ac7-6a802834c686,species,SP208,agw_group,Autre oiseau,,,
d599b93f-cb39-438b-9a4f-86f063c60def,species,SP208,class,Aves,,,
755a1bc4-4fde-4b15-adb8-1ca44809f9d2,species,SP208,creaves_species,Hypolaïs ictérine,,,
af0a42ae-7ecc-4e58-8348-cd04d128bccd,species,SP208,family,Acrocéphalidés,,,
3e24a417-2f79-43a6-81ed-cc006d0efaa9,species,SP208,native_status,NS1,,,
1fd16102-54b0-4ff5-8ed8-491a2cb5b4a4,species,SP208,order,Passériformes,,,
e475d0cd-8916-4fed-becd-7877a666e9b0,species,SP208,species,Hippolais icterina,,,
acebf5de-42a3-4e1d-b17a-dfe3e7cdbb4a,species,SP208,subside_group,SG2,,,
30355a31-2544-4071-bd70-65275fdbf661,species,SP209,agw_group,Autre oiseau,,,
adcb42b4-e68b-47c9-8fed-d6c7a5840173,species,SP209,class,Aves,,,
40e9887b-4421-42a0-a828-c39f12dff4e1,species,SP209,creaves_species,Hypolaïs polyglotte,,,
620ee030-2e94-43c9-9d51-2fe5da4810f4,species,SP209,family,Acrocéphalidés,,,
57c9ed23-b0fa-4db5-b199-d1e50230539e,species,SP209,native_status,NS1,,,
fcd0d3fd-1cfd-4ce9-aa23-dde6195bb071,species,SP209,order,Passériformes,,,
c33d385b-15e4-4d06-afce-883fba28c18e,species,SP209,species,Hippolais polyglotta,,,
1d6e46da-0c61-4025-a970-bd74110241fd,species,SP209,subside_group,SG2,,,
f8e05a98-abbc-414d-8526-7e4582128c9f,species,SP21,agw_group,Anatidé  / grèbe,,,
438bd80a-9083-499a-9045-91dd30f7a56c,species,SP21,class,Aves,,,
8157a932-9cb0-4494-9247-14a37ab7b497,species,SP21,creaves_species,Canard souchet,,,
12a659d0-8926-4638-9bc9-a4c215de072e,species,SP21,family,Anatidés,,,
c0af555f-b2cc-4d25-91b0-998c17015f0a,species,SP21,native_status,NS1,,,
7df97023-33cf-45de-a12f-cc9fa6a52a83,species,SP21,order,Ansériformes,,,
6fa206bf-cdb5-4f98-b96f-a466b1638540,species,SP21,species,Anas clypeata,,,
2f038a82-6620-4910-9bb2-e82ee5d5e086,species,SP21,subside_group,SG1,,,
1bfc5a26-d453-4163-9d6f-b17d7c9728fa,species,SP210,agw_group,Autre oiseau,,,
b4e93ef3-f676-4979-bdf0-46d44c67de45,species,SP210,class,Aves,,,
69bd325d-1c96-49a6-a1d6-b13fc85cf8b6,species,SP210,creaves_species,Hirondelle rousseline,,,
c9e13569-edf0-40d9-a58d-42d08c422444,species,SP210,family,Hirundinidés,,,
f738e56c-652f-4255-a283-318ee863daed,species,SP210,native_status,NS1,,,
dbbede2a-0db1-4e5a-bc32-36ff8d20fbf8,species,SP210,order,Passériformes,,,
b61caa9c-d2e9-4497-804b-337b6f6db46f,species,SP210,species,Hirundo daurica,,,
6426d424-80d9-414c-98ea-97017ca8cc8c,species,SP210,subside_group,SG2,,,
8d800dc5-c002-4f22-b4b0-8378c1ea1bcd,species,SP211,agw_group,Autre oiseau,,,
3f00c799-8e59-4fae-964e-67a28b63a7cd,species,SP211,class,Aves,,,
af750822-786e-4d93-ada9-463f7306d846,species,SP211,creaves_species,Hirondelle rustique,,,
4d20edab-d45b-4c7c-b245-e422d46b12dc,species,SP211,family,Hirundinidés,,,
802f3fc9-ee36-43a3-aed4-7b799f27d8a1,species,SP211,native_status,NS1,,,
8f628f64-670c-4e95-ad55-888a59bb7fed,species,SP211,order,Passériformes,,,
a14eb20f-79ad-4789-b82e-953891447f43,species,SP211,species,Hirundo rustica,,,
fa5d7e69-b780-40fe-b5f6-f316ffc0f413,species,SP211,subside_group,SG2,,,
a641dca2-83e1-462b-b0d0-eee07240c330,species,SP212,agw_group,Autre oiseau d'eau,,,
03b15416-b105-4b4d-9933-c200ab77b8fd,species,SP212,class,Aves,,,
ff20ef80-0833-46c2-9890-6ecad4a6c4fe,species,SP212,creaves_species,Océanite tempête,,,
e321ac69-fc05-48a8-b621-b50287e15e27,species,SP212,family,Hydrobatidés,,,
cc550dcc-c23c-4201-b626-0f25c3d5b68f,species,SP212,native_status,NS1,,,
3649638c-c809-4782-9594-8e803c0f6479,species,SP212,order,Procellariiformes,,,
63457556-2975-46cf-80ec-e32e3ca43a45,species,SP212,species,Hydrobates pelagicus,,,
e53033e7-f582-4d2b-a98e-b1ec9fa80cf1,species,SP212,subside_group,SG1,,,
aca4696a-711a-489a-98a7-98391d10d7f5,species,SP213,agw_group,Batracien,,,
ecd8e788-4e84-4b08-b5ac-a8a392ce6d16,species,SP213,class,Amphibia,,,
291ddae9-0857-4d50-a5f9-9a0e77af99de,species,SP213,creaves_species,Rainette verte,,,
8b599938-addd-49ab-8eef-00a1dba04900,species,SP213,family,Hylidae,,,
4eb5cb06-de32-4bc6-85be-2098c36376df,species,SP213,native_status,NS1,,,
f82b05cf-33ce-4b70-83fa-8e7ae7bdea67,species,SP213,order,Anura,,,
f071f70b-9706-4836-88f6-047a72ea55cb,species,SP213,species,Hyla arborea,,,
74f42416-4dcc-4238-9357-c3ac968be2a1,species,SP213,subside_group,SG2,,,
8531a707-2aa2-4303-ab57-494509f4b3b4,species,SP214,agw_group,Batracien,,,
ec4fff56-177d-4589-8392-c3954f127434,species,SP214,class,Amphibia,,,
83399503-53e6-4304-b203-daf2694b1eaf,species,SP214,creaves_species,Triton alpestre,,,
6e75d1b1-5422-4292-adc7-c769fd698aed,species,SP214,family,Salamandridae,,,
2ed47167-3a70-49f1-a821-129cc3c074cb,species,SP214,native_status,NS1,,,
bfa80624-4498-4614-8ab0-1a1104ad633f,species,SP214,order,Caudata,,,
1aae51cf-b849-4d35-a0f2-61d597d535ca,species,SP214,species,Ichthyosaura alpestris,,,
d4eceaa8-ada8-4ac4-8d0d-a2b6c5c63638,species,SP214,subside_group,SG2,,,
cb8f4547-d35b-4988-8b53-f6aec85fd65b,species,SP215,agw_group,Grand échassier,,,
c1bc24bb-97f6-45b0-9a33-565792b55ef9,species,SP215,class,Aves,,,
fff3ca09-ed9c-48e3-bb28-8f3817d22fb4,species,SP215,creaves_species,Blongios nain,,,
77960ff5-1784-4210-ad2a-492533911b35,species,SP215,family,Ardeidés,,,
40d8fb02-f18f-4dc6-b8ad-08e48f467b9d,species,SP215,native_status,NS1,,,
ad3e2faf-8191-478c-92e8-78820b279042,species,SP215,order,Pélécaniformes,,,
9c4a0f22-392d-4b3e-a6b0-c85d1ce3fe46,species,SP215,species,Ixobrychus minutus,,,
076c293f-b095-428f-b8d5-c571c530f7ae,species,SP215,subside_group,SG1,,,
446ebca4-db91-4cc0-9318-1952a9a9d643,species,SP216,agw_group,Autre oiseau,,,
42288be2-d4d0-4d2c-8026-d07b5661269f,species,SP216,class,Aves,,,
5d31ea0e-e648-4fe2-9d8f-02f2f31e4e18,species,SP216,creaves_species,Torcol fourmilier,,,
2ed0554f-6379-4d95-bf3c-2844c028278d,species,SP216,family,Picidés,,,
11d4aa73-a8b9-4027-b1f2-d3d22d395f7f,species,SP216,native_status,NS1,,,
c08880a2-4d06-4995-bb14-9956b9af3358,species,SP216,order,Piciformes,,,
f066f37d-e09e-450e-884c-6970410deca1,species,SP216,species,Jynx torquilla,,,
0775849d-eb10-474a-98ba-c840d8230461,species,SP216,subside_group,SG2,,,
9cfb628c-dc92-48df-895f-ff1631545cd9,species,SP217,agw_group,Reptile,,,
66d79bc3-4b2a-4d50-8b87-a1ce11d7428a,species,SP217,class,Reptilia,,,
d4479de5-9774-4de9-96ac-b294fc5dff62,species,SP217,creaves_species,Lézard des souches,,,
72ac4f07-b7e0-4948-a1f7-3da6881dba94,species,SP217,family,Lacertidae,,,
fc534f19-f1f5-4238-aed2-a3fad0d9d2ea,species,SP217,native_status,NS1,,,
5be1d37e-24ce-44a3-bac0-01f1efa39aca,species,SP217,order,Squamata,,,
c5ab91f8-dd81-46ee-9cfe-493755e7c23d,species,SP217,species,Lacerta agilis,,,
3aa896f8-c566-44c8-a52d-476509ff0170,species,SP217,subside_group,SG2,,,
a6677728-b518-4bb4-9170-512fc255e35f,species,SP218,agw_group,Autre oiseau,,,
a850693f-7344-4441-9080-01dca8469c51,species,SP218,class,Aves,,,
55c3664b-9c00-4dbd-96f5-61ac5c6c1bb5,species,SP218,creaves_species,Lagopède,,,
dbc007ad-99ba-46fa-9384-cc48ba77d0a0,species,SP218,family,Phasianidés,,,
8d6c0b6f-06a2-494e-bd23-77e38e11ab72,species,SP218,native_status,NS1,,,
b1d8f291-e85f-4612-8bfd-0998b2328168,species,SP218,order,Galliformes,,,
b29da0fc-0efe-46d0-9d80-da67838d9d6d,species,SP218,species,Lagopus lagopus,,,
9838408b-4b82-4945-b41e-ad3438ec3f88,species,SP218,subside_group,SG2,,,
aad0bbbb-b303-42eb-a928-4b5e8e9ffc98,species,SP219,agw_group,Autre oiseau,,,
97ee47a4-5c13-43de-8ae2-cd07420f9001,species,SP219,class,Aves,,,
843f6647-c205-453d-9780-687fa5c26500,species,SP219,creaves_species,Pie-grièche écorcheur,,,
6a2513fc-e0eb-43c3-bf7f-9af037a912c8,species,SP219,family,Laniidés,,,
bfc8b88b-e5e2-402c-b438-9067e7517df2,species,SP219,native_status,NS1,,,
36f63c22-5350-489f-b32d-543e18b23dc4,species,SP219,order,Passériformes,,,
794b980c-5e17-4d8e-9a16-cef3d776865c,species,SP219,species,Lanius collurio,,,
2420ee9f-8b30-4c93-a316-50a129a43371,species,SP219,subside_group,SG2,,,
c20673f2-ad1f-4ab5-a22f-b1524e64a5b8,species,SP22,agw_group,Anatidé  / grèbe,,,
3d110972-f486-4a08-b129-ad9093188ce6,species,SP22,class,Aves,,,
df241b3d-659c-4ba7-96fe-ea96fa5474ab,species,SP22,creaves_species,Sarcelle d'hiver,,,
8e8e0a54-da1f-411f-a774-e2ce0dc45282,species,SP22,family,Anatidés,,,
c95f049e-86f3-4001-8e0e-1040bf4920c4,species,SP22,native_status,NS1,,,
940913a9-43b9-42c0-8d75-382567e01faa,species,SP22,order,Ansériformes,,,
33178088-9575-457b-88a5-36c9eef37cdb,species,SP22,species,Anas crecca,,,
d96076db-0ca7-436e-bcd5-0eb9aeb2cc3b,species,SP22,subside_group,SG1,,,
485fff3f-9e3f-4f72-9f5c-117b0b8e10cf,species,SP220,agw_group,Autre oiseau,,,
4fdeee90-5223-425d-89cb-19283eb882bb,species,SP220,class,Aves,,,
46fffdab-e0c1-4b14-bd7c-a52501aa441b,species,SP220,creaves_species,Pie-grièche grise,,,
868df552-be4b-49bc-8665-ed33426c6e4c,species,SP220,family,Laniidés,,,
74f6f415-48e6-4652-b56e-4cd34d795f64,species,SP220,native_status,NS1,,,
4385658f-f374-41bc-8613-f9e99ede101e,species,SP220,order,Passériformes,,,
6e9ef7e1-919e-419e-bbcf-fbd3d8cfed6f,species,SP220,species,Lanius excubitor,,,
32360be8-b9d1-4134-93c9-2fb4ab3d815c,species,SP220,subside_group,SG2,,,
de280f2a-a9bb-4a60-a030-3de6f870be0f,species,SP221,agw_group,Autre oiseau,,,
3de87d9e-553a-48b9-8869-3806236deab9,species,SP221,class,Aves,,,
a9508205-2eb4-42aa-a378-f69f649642e3,species,SP221,creaves_species,Pie-grièche à poitrine rose,,,
6ac2dfda-72ea-4431-a97e-842ba3c37da3,species,SP221,family,Laniidés,,,
3cef216a-f8a5-4247-811a-6a0c64105c6d,species,SP221,native_status,NS1,,,
f3ee0f7e-d25b-4ad0-9128-68ec5b28e143,species,SP221,order,Passériformes,,,
7d3c7c53-8065-403e-90ce-274742698098,species,SP221,species,Lanius minor,,,
86c4dfda-d03c-46f9-8a2c-3c971fbc5f9e,species,SP221,subside_group,SG2,,,
3a0233fc-7b95-406c-82bb-8ac7ce2842fb,species,SP222,agw_group,Autre oiseau,,,
1a4df866-5320-4f4c-8361-e899395136be,species,SP222,class,Aves,,,
1e364244-f18a-4a18-ad86-434e5d01b3a4,species,SP222,creaves_species,Pie-grièche à tête rousse,,,
d2a1579b-ab27-47a2-990c-6e4c97391407,species,SP222,family,Laniidés,,,
29472819-d59b-42ef-aa64-5b151e669abe,species,SP222,native_status,NS1,,,
94ad09d0-24ea-4de7-8fe1-09c4a040439c,species,SP222,order,Passériformes,,,
eec30605-646f-40e5-94c7-af9aa8b5d096,species,SP222,species,Lanius senator,,,
3c612a00-b5bb-4512-9a4a-e08c33b10a20,species,SP222,subside_group,SG2,,,
7609f455-9fba-4b80-906f-b846003bf1e9,species,SP223,agw_group,Laridé,,,
43d256a9-0e53-4809-8754-5ef006cdfbba,species,SP223,class,Aves,,,
59a35355-f63c-4d09-b1bd-4f63830b6348,species,SP223,creaves_species,Goéland argenté,,,
619fbd1d-6795-4116-9f0d-ffaf8a6b2a08,species,SP223,family,Laridés,,,
533f567a-925a-4b4b-bca8-125a77b199f4,species,SP223,native_status,NS1,,,
abd31d0f-6b17-4349-8f34-082352a41934,species,SP223,order,Charadriiformes,,,
c32daf2e-da3d-40b4-bd5b-1a1498ece15c,species,SP223,species,Larus argentatus,,,
d30711c7-5997-41fe-b3d4-e59a80c374db,species,SP223,subside_group,SG1,,,
544c2244-216d-484d-aa87-624af93f6f7b,species,SP224,agw_group,Laridé,,,
edacd8e4-d3c9-4a52-9b12-7fd5ef567c07,species,SP224,class,Aves,,,
90759107-15e0-4f45-ace6-3693bcd207ce,species,SP224,creaves_species,Goéland pontique,,,
531a1ae0-35ba-4530-bca2-ba5fa0703fd1,species,SP224,family,Laridés,,,
732d265e-8c15-4c34-aee9-29b8d6fadbaf,species,SP224,native_status,NS1,,,
e27e5b58-fb63-4fc2-b046-3bed702d956e,species,SP224,order,Charadriiformes,,,
c7a431b4-990e-4bc9-bf0d-ae43400ed2a6,species,SP224,species,Larus cachinnans,,,
6fcba862-cd04-48b1-9d30-cf7ff2b21bb4,species,SP224,subside_group,SG1,,,
cd10fc6e-8b60-4568-8dd8-6bc3ec4502d2,species,SP225,agw_group,Laridé,,,
d06caed0-ac89-424b-9627-8c4c7b2a1381,species,SP225,class,Aves,,,
79536fc6-7c7c-4474-b409-0446f3d6744c,species,SP225,creaves_species,Goéland cendré,,,
cac036aa-920a-4ea4-aa90-69dfa69f5bb8,species,SP225,family,Laridés,,,
155c6e79-cbe2-4005-a35a-4603096bd0ac,species,SP225,native_status,NS1,,,
625cae11-6b07-42f0-8032-5ae293f47e65,species,SP225,order,Charadriiformes,,,
8efde211-7dcf-4f1a-97a7-485b328a1f77,species,SP225,species,Larus canus,,,
741c8975-451c-4432-90d7-35bd58c608ba,species,SP225,subside_group,SG1,,,
1a4dea43-de0e-4cb0-af9d-18955e9c2266,species,SP226,agw_group,Laridé,,,
ee539fc1-6386-4e07-a942-72da332b0b77,species,SP226,class,Aves,,,
cedf5230-5622-43d6-9ab2-7e3240140153,species,SP226,creaves_species,Goéland brun,,,
8126da21-ec7b-45cb-ba9a-cac2d3ddc67f,species,SP226,family,Laridés,,,
9e8d4d2c-436c-46da-bf0d-18deeda50738,species,SP226,native_status,NS1,,,
aac63311-ea4e-412e-99f4-73db2866351a,species,SP226,order,Charadriiformes,,,
660212d6-3cc9-4187-a1fe-42a0bd289fcf,species,SP226,species,Larus fuscus,,,
9957b65f-8c58-473e-927d-8006f6f0cb46,species,SP226,subside_group,SG1,,,
ece55cfe-b9d0-4f00-941b-efe38c050abb,species,SP227,agw_group,Laridé,,,
fa82c4eb-b6b5-441c-acab-ffe2adfb94d6,species,SP227,class,Aves,,,
a1ae4063-a4da-4554-9c33-e62318b0fed1,species,SP227,creaves_species,Goéland à ailes blanches,,,
102d371f-0945-42ed-8a16-f22d6fab85b6,species,SP227,family,Laridés,,,
362d0d1e-7f1f-486b-b464-a1ca8c875024,species,SP227,native_status,NS1,,,
cd42a465-74c6-496f-818e-6ce21659fa1c,species,SP227,order,Charadriiformes,,,
1ccbd371-0f09-46f5-b1bd-798fc2d67538,species,SP227,species,Larus glaucoides,,,
4633dc2d-8ca1-43e0-9eaf-ef6bab997131,species,SP227,subside_group,SG1,,,
5d41b397-9296-42a1-8654-6425d581cded,species,SP228,agw_group,Laridé,,,
738afd42-043c-426b-ac53-e444fffba777,species,SP228,class,Aves,,,
6f200b32-1c20-4970-85a9-014911da9864,species,SP228,creaves_species,Goéland bourgmestre,,,
7c16335f-a7db-4d7c-9211-743fc72a2944,species,SP228,family,Laridés,,,
9817facf-1f39-45f0-84b0-0ec893bc64e7,species,SP228,native_status,NS1,,,
c82dcad8-c4dc-42e5-b582-5992a3ce2610,species,SP228,order,Charadriiformes,,,
705b25c4-cfcb-4d73-a1fb-f105ccd37497,species,SP228,species,Larus hyperboreus,,,
bf0dc29a-dce3-487f-9957-4633f1827a78,species,SP228,subside_group,SG1,,,
a3a88c6e-722a-4286-b045-536f62c82fd4,species,SP229,agw_group,Laridé,,,
7b67aa6b-c11b-47ca-b6da-fdbb2aea0a9e,species,SP229,class,Aves,,,
dd3a0827-d126-4678-b811-af950890afd6,species,SP229,creaves_species,Goéland marin,,,
56c95745-dfca-439d-a8cb-bdf36a79d67f,species,SP229,family,Laridés,,,
6f953d87-c575-48f6-bfb6-06583739a130,species,SP229,native_status,NS1,,,
224affc0-06ff-45b3-8816-8034019b186b,species,SP229,order,Charadriiformes,,,
ed4a84e7-f421-4da9-8f47-3176f2838644,species,SP229,species,Larus marinus,,,
23c761c0-40a6-488d-8791-f94e95ffc6c1,species,SP229,subside_group,SG1,,,
ee808bf6-65d4-4014-9219-4a374040a1be,species,SP23,agw_group,Anatidé  / grèbe,,,
2b9c1352-d6d8-4d55-8480-55228424ee26,species,SP23,class,Aves,,,
fbb0c776-6594-4253-bcf7-dbf2146d73c5,species,SP23,creaves_species,Sarcelle à ailes bleues,,,
715575dc-efb5-491b-a029-32b0d09e169b,species,SP23,family,Anatidés,,,
b21be050-5875-41f4-aae2-7ace56ed8f30,species,SP23,native_status,NS1,,,
2856689f-26ef-443d-b838-629dd433f8ac,species,SP23,order,Ansériformes,,,
7eb7677f-ad75-4107-a290-7ee7b9a4937f,species,SP23,species,Anas discors,,,
18377975-86cc-4d96-9c8c-572c4a2fdcf9,species,SP23,subside_group,SG1,,,
c167515b-6763-481d-bca2-54bf56e47406,species,SP230,agw_group,Laridé,,,
b273ea46-be10-4683-a400-75aee9bd5767,species,SP230,class,Aves,,,
d8067925-db7b-4a6c-9078-71d819aa6c7c,species,SP230,creaves_species,Mouette mélanocéphale,,,
e2c3e720-d659-42e4-ba69-3341501d16ce,species,SP230,family,Laridés,,,
2eed5dac-14e9-4583-8cf2-652ec7f87e54,species,SP230,native_status,NS1,,,
ce37387f-1c8d-4bc9-b35e-e040ec33c741,species,SP230,order,Charadriiformes,,,
664023ed-856c-4b1a-8ed8-b1c349e6f250,species,SP230,species,Larus melanocephalus,,,
c5582449-ae41-462d-a4ad-46ef16ddf5e7,species,SP230,subside_group,SG1,,,
3ef1653a-70a9-43c6-8ce8-37c1c2f8c26c,species,SP231,agw_group,Laridé,,,
32b9ff09-eff3-4672-b7a6-2f18619ff215,species,SP231,class,Aves,,,
2e1f32af-3b5c-4f31-8de8-45c6733a8db6,species,SP231,creaves_species,Goéland leucophée,,,
efb4dbe6-0f37-4fac-bf54-302b17cfd8f6,species,SP231,family,Laridés,,,
bcd01dd5-c46a-4ffc-8c0d-f12f3dd79fc3,species,SP231,native_status,NS1,,,
bbcc5c9e-624a-47f6-8d21-f660fbf5e62d,species,SP231,order,Charadriiformes,,,
566542a5-3362-42bc-b37f-da9971c59704,species,SP231,species,Larus michahellis,,,
494d7d3c-6fc2-486f-82b2-935fa29f93a9,species,SP231,subside_group,SG1,,,
362ee240-d87d-45bc-a5dc-df02d5e4a6af,species,SP232,agw_group,Laridé,,,
f83d6c63-bbf6-4840-bb87-b36ff6c3450b,species,SP232,class,Aves,,,
a44c00ce-6624-4dd3-a786-8a169ab41371,species,SP232,creaves_species,Mouette pygmée,,,
d6162d4c-d917-46c9-9f81-ebc582b36cc5,species,SP232,family,Laridés,,,
21f5479d-8896-405c-82b1-cb341168764d,species,SP232,native_status,NS1,,,
4b80e520-5bd1-439f-b9bb-aa1908a90687,species,SP232,order,Charadriiformes,,,
37350984-d635-492e-b9b3-fb97ff043219,species,SP232,species,Larus minutus,,,
fa6ef869-7e2c-4fea-903f-5b60a9df4a7b,species,SP232,subside_group,SG1,,,
6ea5d77e-a9fc-4867-a285-7897abafe4b3,species,SP233,agw_group,Laridé,,,
4bfefd1f-5974-4db5-a059-0bd663cacabf,species,SP233,class,Aves,,,
d0fc34a1-c5ed-4d1e-9fc5-15bacb856d23,species,SP233,creaves_species,Mouette rieuse,,,
1f754f5c-47e3-428f-b07f-49bce6cec881,species,SP233,family,Laridés,,,
a1bb59a6-2249-42b7-974c-84b2af338550,species,SP233,native_status,NS1,,,
81404574-4b46-4e08-a2b9-3d92bba962be,species,SP233,order,Charadriiformes,,,
27c4a360-c2be-48b5-9427-510fc8707a1d,species,SP233,species,Larus ridibundus,,,
d07bf0c6-0e9d-4573-aed2-5bb90cf1fb03,species,SP233,subside_group,SG1,,,
95314e65-3967-4cbd-a584-9ad2a1a47c3d,species,SP234,agw_group,Laridé,,,
68f6ba8e-7b70-4254-94c4-fb5294a3ffb7,species,SP234,class,Aves,,,
ed8c265f-aa6b-4bce-ba22-cc9276bba0a6,species,SP234,creaves_species,Mouette de Sabine,,,
cfed05cf-32c8-49a7-b545-81dac881cc01,species,SP234,family,Laridés,,,
7079bef9-4870-4a61-9161-1682f421057f,species,SP234,native_status,NS1,,,
c393d286-5f79-4e12-b9bf-1cfa60204035,species,SP234,order,Charadriiformes,,,
d967bcd2-da49-47ca-9eaa-738c790e20c3,species,SP234,species,Larus sabini,,,
06285bd7-67d4-4169-8e61-6520302fcdc7,species,SP234,subside_group,SG1,,,
13cc09b0-d1d7-4393-96db-cc3d82b03ff3,species,SP235,agw_group,Mammifère taille moyenne,,,
ad71a216-bf37-4ecb-917d-96460bc95283,species,SP235,class,Mammalia,,,
12a3f199-4f0e-42cc-b031-29c779c9c48f,species,SP235,creaves_species,Lièvre d'Europe,,,
9c4bedfc-9d55-4f9b-a73b-024596320bcd,species,SP235,family,Léporidés,,,
bd27ea81-609d-4a05-8ead-82406ed54cb0,species,SP235,native_status,NS1,,,
01f1fa85-2060-4735-b869-20dd9370cd68,species,SP235,order,Lagomorpha,,,
9fa36e10-d632-4217-8307-3bd22661439e,species,SP235,species,Lepus europaeus,,,
bf85ee35-9589-496d-8fe7-c2386b683cf3,species,SP235,subside_group,SG3,,,
60c09260-35d4-4204-b9f3-0b8f0b8e8d60,species,SP236,agw_group,Limicole,,,
7ae48c21-a6c4-4365-92a8-02f9dc73ce5f,species,SP236,class,Aves,,,
f0448802-7b0f-4009-afed-f511871274dd,species,SP236,creaves_species,Bécasseau falcinelle,,,
4dbba3bd-e98a-4719-bb71-9b14a9d86e96,species,SP236,family,Scolopacidés,,,
29fcf873-3f78-4688-9057-5660e5eb4d11,species,SP236,native_status,NS1,,,
411efb14-bce9-461f-8265-828078380366,species,SP236,order,Charadriiformes,,,
913cae72-3d08-4050-983c-56cbc9b54525,species,SP236,species,Limicola falcinellus,,,
a14da90e-fbaa-4dab-b87d-227ec57a0cf3,species,SP236,subside_group,SG1,,,
28cd027d-22c1-4741-8258-6a9cc0212f7b,species,SP237,agw_group,Limicole,,,
b0caa8fa-ed01-4231-8337-24decf039f74,species,SP237,class,Aves,,,
6333632f-774f-4918-a769-3435725d82e2,species,SP237,creaves_species,Barge rousse,,,
e610880e-33bf-4c79-bd40-b86c7626bcc8,species,SP237,family,Scolopacidés,,,
1c6cdda3-62a6-4764-b965-948f39afd7c7,species,SP237,native_status,NS1,,,
e83a3baf-781f-4cdb-82ab-908e75cd9bf1,species,SP237,order,Charadriiformes,,,
e799f0aa-99be-4252-ba09-1b1e06717ce2,species,SP237,species,Limosa lapponica,,,
dbc51022-df74-4385-9a09-d346bb87168c,species,SP237,subside_group,SG1,,,
0d5b7f2b-17a4-4227-b8fc-d8f77da63009,species,SP238,agw_group,Limicole,,,
e418a67a-ddc5-4554-a0ed-57c683aba62a,species,SP238,class,Aves,,,
e38a7cc1-11e2-4b80-9ed2-49bb01193bda,species,SP238,creaves_species,Barge à queue noire,,,
e0673617-6550-4402-bef5-e261b840f2d5,species,SP238,family,Scolopacidés,,,
4916114a-09ee-41b7-aebe-665d1f7e536e,species,SP238,native_status,NS1,,,
ba4384b8-568d-43a9-a1fa-b09e13f11172,species,SP238,order,Charadriiformes,,,
0d2be7e6-a634-458c-85e1-bd56c30a4323,species,SP238,species,Limosa limosa,,,
fd15c577-d4c9-4e0f-b7ad-e2c7f6a079b0,species,SP238,subside_group,SG1,,,
e2d54e5e-89d3-499d-b189-506ca87c2c05,species,SP239,agw_group,Batracien,,,
adb3e52d-4a03-49c5-acbb-98e8f4772c25,species,SP239,class,Amphibia,,,
720744de-217f-40c0-989b-676faa119e1f,species,SP239,creaves_species,Triton palmé,,,
8e8977e6-0b4f-4333-ab61-b2737b0f5209,species,SP239,family,Salamandridae,,,
60ee2353-7070-4f1b-8068-4ddddb32fc25,species,SP239,native_status,NS1,,,
6a5487d3-00c5-4e51-96bb-b0d1247336f4,species,SP239,order,Caudata,,,
fafde2a1-fe3a-416c-a39c-efe8d0fbc9b7,species,SP239,species,Lissotriton helveticus,,,
2f4ad4a3-768b-4b0b-a393-597590c58328,species,SP239,subside_group,SG2,,,
b82eb224-a9de-4ddc-ab42-a7cfbc13736b,species,SP24,agw_group,Anatidé  / grèbe,,,
6a9862d7-18f3-4735-bcfd-ee20bf819296,species,SP24,class,Aves,,,
607192c8-b4aa-4944-a342-dc5d21926da2,species,SP24,creaves_species,Canard siffleur,,,
1ff06f67-4ab9-4080-be3f-b521f0803ffe,species,SP24,family,Anatidés,,,
70fa521d-cf9d-41c9-bbeb-786fc9faacf3,species,SP24,native_status,NS1,,,
b6ee7591-f64b-451b-ae88-c07ac958bcfd,species,SP24,order,Ansériformes,,,
e9f4e4cb-8f5f-4b09-84a8-1f884e7f1427,species,SP24,species,Anas penelope,,,
5afc936b-5ad8-4398-9b3f-cdfbc5cb4061,species,SP24,subside_group,SG1,,,
3b44eca9-aefc-467a-930f-df637cd5f0bf,species,SP240,agw_group,Batracien,,,
f5e2b51f-511c-45ed-9d35-2988af7af0d3,species,SP240,class,Amphibia,,,
81c858e4-a7ab-4a1a-8ef9-4d7591fe33c0,species,SP240,creaves_species,Triton ponctué,,,
854a93f1-4147-405e-8f19-a78a933f81e7,species,SP240,family,Salamandridae,,,
cf52b8c2-88fe-4e10-8e32-a76e206feb4e,species,SP240,native_status,NS1,,,
e6964605-f4d8-40ff-bda2-958ec93a44c1,species,SP240,order,Caudata,,,
a363be50-2e52-4e9d-b9af-a2c48a995c60,species,SP240,species,Lissotriton vulgaris,,,
97e591aa-8705-40f1-bad1-69d627c1f2c7,species,SP240,subside_group,SG2,,,
4ffa21d2-9444-48d5-98c7-45e09913874c,species,SP241,agw_group,Batracien,,,
ea8eb4d0-218c-4ba2-add5-ed7b3ae47372,species,SP241,class,Amphibia,,,
4059ddcf-e9cb-468b-a36c-9dd37949e098,species,SP241,creaves_species,Grenouille taureau,,,
3c076fa9-d6e6-460c-bb45-310c939747b2,species,SP241,family,Ranidae,,,
6d0c0634-2252-4ad3-a0fd-13f9b06b5da4,species,SP241,native_status,NS3,,,
a3d65345-20f4-4bad-90a4-a64fe47c9a13,species,SP241,order,Anura,,,
efd52ba9-9361-4e14-9a77-8d6741042669,species,SP241,species,Lithobates catesbeianus,,,
15b8d45c-2f3c-4300-971b-a23bda0d48c1,species,SP241,subside_group,SG2,,,
63ca51d6-bfd9-4bd7-bd49-0cd1f051f7d3,species,SP242,agw_group,Autre oiseau,,,
c26a80bd-c550-472a-9daa-01d62418b295,species,SP242,class,Aves,,,
31f3880f-5e77-4639-b0c7-2ea21294673d,species,SP242,creaves_species,Locustelle fluviatile,,,
caf94f9a-2b0a-476c-afc0-c72175fec4eb,species,SP242,family,Locustellidés,,,
cdf4cc0d-3a56-4414-a37c-1e92f5b010b4,species,SP242,native_status,NS1,,,
18c82552-9a27-4391-88f3-6f9d8bb285e2,species,SP242,order,Passériformes,,,
86d67b8a-06d7-41a2-8ba1-9c2190eb5fb1,species,SP242,species,Locustella fluviatilis,,,
794097e2-5ceb-4297-ae50-0e926662c7bd,species,SP242,subside_group,SG2,,,
42b8d775-eb0d-44a2-b878-cc76fc45a0f5,species,SP243,agw_group,Autre oiseau,,,
cb534919-7e31-4740-aac2-d0aa5f72310d,species,SP243,class,Aves,,,
cad5ee53-c3c3-4604-8265-653ef6703b5a,species,SP243,creaves_species,Locustelle luscinoïde,,,
4c5f1a93-44aa-4bf5-b194-9191778c8431,species,SP243,family,Locustellidés,,,
25d794bb-b60a-49e4-aa48-f654800f5bde,species,SP243,native_status,NS1,,,
1f04e06a-24d2-4fbd-a46d-8375da64f7eb,species,SP243,order,Passériformes,,,
dc4f7d38-eea6-41a1-9018-8f76238922c6,species,SP243,species,Locustella luscinioides,,,
497e9da5-1641-45c9-8de2-35547e268be5,species,SP243,subside_group,SG2,,,
416fa62c-875d-4253-b3ef-f0a01a635b39,species,SP244,agw_group,Autre oiseau,,,
6e26e3d6-8811-4dc5-a5b2-86150b8720d2,species,SP244,class,Aves,,,
318ab7e8-10fe-4897-a676-d061ba535800,species,SP244,creaves_species,Locustelle tachetée,,,
66327dd8-4a39-44c9-806c-17abce32d44b,species,SP244,family,Locustellidés,,,
bbeb9a1d-8d14-409e-83bd-e08fb9e21124,species,SP244,native_status,NS1,,,
2ee68b6c-cdb6-4836-bddd-8ee0ae9e0800,species,SP244,order,Passériformes,,,
81aa3fa8-d1d9-4acd-bac1-9666590b6054,species,SP244,species,Locustella naevia,,,
cc1fdda7-39be-4645-a7db-d13a73714ba2,species,SP244,subside_group,SG2,,,
8a5a6186-8a23-495d-b2f8-ed174b5f89f1,species,SP245,agw_group,Autre oiseau,,,
8df71454-31ed-4430-b291-39d0fe7957c6,species,SP245,class,Aves,,,
7a986bbc-7c2d-4dc6-b6cb-1618317af097,species,SP245,creaves_species,Bec-croisé des sapins,,,
27346cb0-5075-464f-996f-f3fccea7a105,species,SP245,family,Fringillidés,,,
6420b5d4-5545-49b6-b82e-15d509f552be,species,SP245,native_status,NS1,,,
c170fd6f-9c4a-43cc-899c-26fd908775b9,species,SP245,order,Passériformes,,,
c2fe7395-f492-4742-9c3b-cf4a486a375e,species,SP245,species,Loxia curvirostra,,,
12a2bbaf-bd13-4073-83e5-37d56a08c3cf,species,SP245,subside_group,SG2,,,
3853a13b-7f08-46da-80a5-c879053ab7e4,species,SP246,agw_group,Autre oiseau,,,
dcf1a349-d58e-4061-8473-cae336738c5e,species,SP246,class,Aves,,,
4e619035-9014-4b12-a63f-a5825b0f6ef0,species,SP246,creaves_species,Bec-croisé bifascié,,,
361b669e-795d-4bed-8da7-34cc56e68903,species,SP246,family,Fringillidés,,,
19088244-9ef9-4f7b-91a1-72c1fa468e19,species,SP246,native_status,NS1,,,
90f60fdb-7779-4908-8a5d-03e3585d1fa7,species,SP246,order,Passériformes,,,
ae0733f9-d45e-433b-b5ec-1f7d7238f3fc,species,SP246,species,Loxia leucoptera,,,
16ca251b-3947-491b-bc7a-5e87f7b6dc37,species,SP246,subside_group,SG2,,,
f1787719-d49a-4bff-927a-cf64ca599486,species,SP247,agw_group,Autre oiseau,,,
2214bc25-c039-4b92-85c9-8d81e18be6cd,species,SP247,class,Aves,,,
e03fab39-0b6a-4237-a393-42664d423909,species,SP247,creaves_species,Bec-croisé perroquet,,,
4f38fb33-8c4f-4f63-8a95-7f765e321b9e,species,SP247,family,Fringillidés,,,
4f4032b4-a9ea-4ef3-bfb9-551f9664e097,species,SP247,native_status,NS1,,,
e48bd08c-d3a5-4e35-a85c-c56f154a4d77,species,SP247,order,Passériformes,,,
47da6834-245e-4916-9b3f-a8dfa380b984,species,SP247,species,Loxia pityopsittacus,,,
3136a037-c682-4a5f-8a69-b21676b173b4,species,SP247,subside_group,SG2,,,
60e26477-b7be-4b46-a6c6-4ef826a3124b,species,SP248,agw_group,Autre oiseau,,,
9fedf4b9-ed7a-497f-af46-b31b69ff475d,species,SP248,class,Aves,,,
e09a2ab0-ba29-49d7-8b3b-b7ecc1aae7ed,species,SP248,creaves_species,Alouette lulu,,,
bdc131d4-441d-4b08-b6e6-cfad72a2acb0,species,SP248,family,Alaudidés,,,
2eb23346-9cc5-44e1-8498-623409a56f41,species,SP248,native_status,NS1,,,
0734fba9-bf7c-4316-92d2-b71a332593b7,species,SP248,order,Passériformes,,,
11fdf9e5-0185-4ce8-b482-850f87df4450,species,SP248,species,Lullula arborea,,,
2bc4aa3c-5b04-4549-950b-8c9f8b7d706e,species,SP248,subside_group,SG2,,,
aed94119-5eb7-4015-b0fb-100409247b09,species,SP249,agw_group,Autre oiseau,,,
2dc0e7f9-cbe7-49a4-a7c0-34ffeb212250,species,SP249,class,Aves,,,
a9e7bbfc-bc8e-4e5d-9ad4-737ca6499a86,species,SP249,creaves_species,Rossignol progné,,,
3f182722-8f61-4d03-8583-14020ff98eb7,species,SP249,family,Muscicapidés,,,
4dfe54ca-2861-4cc0-9a37-fe2358ec0956,species,SP249,native_status,NS1,,,
0f4df655-d92a-4cac-9aef-255ffa2cb10b,species,SP249,order,Passériformes,,,
41d257ca-63d3-4007-b573-ded12710b0a8,species,SP249,species,Luscinia luscinia,,,
b356f9c3-8b49-4f6b-8732-b081f5ca0982,species,SP249,subside_group,SG2,,,
a2e185dd-a2a0-4c71-ac79-9543d4acb6ba,species,SP25,agw_group,Anatidé  / grèbe,,,
0092ce0f-cc78-4041-8ec8-661bb188d984,species,SP25,class,Aves,,,
83792a0a-9ea1-4667-a7e8-88f2c665980c,species,SP25,creaves_species,Canard colvert,,,
789b7ad0-f237-4e30-886e-d3e30e7d9a92,species,SP25,family,Anatidés,,,
edf92987-a0ac-4d57-bd72-851601afdce1,species,SP25,native_status,NS1,,,
041deb0f-3d64-401e-a3fd-0286bf124638,species,SP25,order,Ansériformes,,,
1dfe0b9c-7a63-4acc-bac6-f985d9ee041f,species,SP25,species,Anas platyrhynchos,,,
6b8a555e-f502-4822-a52a-65672631e3f1,species,SP25,subside_group,SG1,,,
36b90d06-4462-41c7-b497-1aa9febc27ed,species,SP250,agw_group,Autre oiseau,,,
fcf3f5e1-ceea-4c21-981a-bfdbc4a2d4dd,species,SP250,class,Aves,,,
b8a60785-29fa-4cbc-a130-100ddda6cb5a,species,SP250,creaves_species,Rossignol philomèle,,,
d727b3a5-2fd9-4004-af8e-d641199d2cce,species,SP250,family,Muscicapidés,,,
bf073ec6-c971-491f-982f-bef3bb92fad2,species,SP250,native_status,NS1,,,
d52641c5-7aa5-4565-87f3-804ff4774e6d,species,SP250,order,Passériformes,,,
49ae9d01-5a51-4e52-b709-b239f475d2ca,species,SP250,species,Luscinia megarhynchos,,,
884a938b-5a79-4352-987f-6ade72061420,species,SP250,subside_group,SG2,,,
b4aec987-3d08-4010-8e48-3f4d557cfca8,species,SP251,agw_group,Autre oiseau,,,
0055ea40-44f1-4711-a635-9954522c5156,species,SP251,class,Aves,,,
ad9e802e-7611-4f57-842a-b59551de1e30,species,SP251,creaves_species,Gorgebleue à miroir,,,
8f681595-2c5e-401a-9bc8-0b277fd7bac4,species,SP251,family,Muscicapidés,,,
5b61150e-d64d-417b-a08d-0dc5cee52892,species,SP251,native_status,NS1,,,
5eb391a1-7fae-47fd-a560-6e3b1385176d,species,SP251,order,Passériformes,,,
c1794741-43d0-43d2-a2f9-210127973415,species,SP251,species,Luscinia svecica,,,
8818c574-4450-43df-8978-c76bed510b1c,species,SP251,subside_group,SG2,,,
aedbe3fb-968c-4ade-b8e7-b3ec5215d093,species,SP252,agw_group,Mustélidé,,,
552e33da-6b8e-4f2b-a686-3983c97fe9c7,species,SP252,class,Mammalia,,,
2456caf9-32e0-4ba0-9b18-67f81a1b1817,species,SP252,creaves_species,Loutre,,,
ea17b94d-0569-4e86-a8dd-c2b95496bf7a,species,SP252,family,Mustélidés,,,
4afaa411-26c3-4010-90e5-d429d3c22018,species,SP252,native_status,NS1,,,
f37aa9f0-5b5a-4195-80fc-31f1bd7349fe,species,SP252,order,Musteloidea,,,
70030dd9-0794-4235-a6cd-d506b559781e,species,SP252,species,Lutra lutra,,,
12112ddb-9ce5-4f84-86b7-c4e38fd26e78,species,SP252,subside_group,SG3,,,
0fb05bdf-6122-4d28-9251-08b00e7af918,species,SP253,agw_group,Limicole,,,
58d1e8d6-9b0f-4b8a-9046-3d49fe849ea4,species,SP253,class,Aves,,,
50b4a69c-1bde-4830-86ac-45cae3259ce0,species,SP253,creaves_species,Bécassine sourde,,,
9cc31e21-c9b4-485b-ab04-48bc0ab1b92e,species,SP253,family,Scolopacidés,,,
bccda736-89e1-4ebf-a745-e3d24606f9b0,species,SP253,native_status,NS1,,,
20099d36-6011-499d-a71f-2c533d6bf42d,species,SP253,order,Charadriiformes,,,
e2f207b6-d866-463b-8d38-d9baf1916264,species,SP253,species,Lymnocryptes minimus,,,
51872025-2d0f-4b85-a29d-e0cf7ac3355b,species,SP253,subside_group,SG1,,,
5be0e141-6746-4453-9063-62aa1bf4f751,species,SP254,agw_group,Mammifère taille moyenne,,,
a02e2ee1-6772-48d0-9177-48f509ff219b,species,SP254,class,Mammalia,,,
50d9c5b9-bce9-4f66-ba5b-e832920cf753,species,SP254,creaves_species,Lynx boréal,,,
b958b480-0cbf-47df-a12f-d7ca47b43d44,species,SP254,family,Félidés,,,
8bd25eb0-d7d2-4ac6-b44a-49a1d6289f2e,species,SP254,native_status,NS1,,,
e6a8d394-3217-41de-a726-bc63be8ad9ae,species,SP254,order,Carnivora,,,
dfcfdeed-4ff1-4d3d-9fd7-704207ca76c3,species,SP254,species,Lynx lynx,,,
3aac5ebb-a99e-49df-941d-43ada3c61d94,species,SP254,subside_group,SG3,,,
9a6883bb-39c3-4946-a9cf-cb28b0c01b7b,species,SP255,agw_group,Mustélidé,,,
afddc379-c051-4f96-9604-f840f097d8c2,species,SP255,class,Mammalia,,,
fa3ac8bf-cf18-49f4-8380-efa782aa7f4a,species,SP255,creaves_species,Fouine,,,
f575035e-1c64-40e6-855e-f660eb319819,species,SP255,family,Mustélidés,,,
0912f35c-fd78-4dda-b874-23f46d545f9f,species,SP255,native_status,NS1,,,
9ac77e74-49aa-4d31-92cb-6c345589ba5d,species,SP255,order,Musteloidea,,,
8a20144f-9405-4e8b-8d2a-68c54e562793,species,SP255,species,Martes foina,,,
740f6582-d98f-4bf7-8073-bc72bd72f3cf,species,SP255,subside_group,SG3,,,
33582e4a-7ab3-4d0e-a831-715ad76ef700,species,SP256,agw_group,Mustélidé,,,
bf678a71-42f5-4eeb-9cb6-45f1fa5517fa,species,SP256,class,Mammalia,,,
bb20af8f-c34d-47a7-ab5d-cb7af52ebace,species,SP256,creaves_species,Martre des pins,,,
82acf0c8-6ca5-40bd-b1cd-2726827280ef,species,SP256,family,Mustélidés,,,
9561ca04-54d0-47f9-8fb7-b14681b6345e,species,SP256,native_status,NS1,,,
22b5a21b-ae68-4ccc-bae1-5807ee9ce7a4,species,SP256,order,Musteloidea,,,
23eb7f89-be02-4270-a6f7-2277bdbbce1a,species,SP256,species,Martes martes,,,
0cab17f4-5ef8-4d04-97f6-70b83aa2ccc0,species,SP256,subside_group,SG3,,,
21de8585-4be2-4885-9caf-dec69d94f70e,species,SP257,agw_group,Anatidé  / grèbe,,,
dfce0631-ea23-4063-9ed7-3d02ea03f897,species,SP257,class,Aves,,,
e7a87a25-a104-4927-a286-84448aa63892,species,SP257,creaves_species,Macreuse brune,,,
7f34c900-151d-46fa-bef0-c4675cdb763a,species,SP257,family,Anatidés,,,
07df7b13-f1fe-47d7-8ab5-e40c24ad405b,species,SP257,native_status,NS1,,,
cfb25afa-4b59-4d6b-bf34-882ecb744a39,species,SP257,order,Ansériformes,,,
0d537aae-f943-4ad6-967c-52dc734fd63a,species,SP257,species,Melanitta fusca,,,
6f333148-3d0d-433c-9ecd-67cb036cba25,species,SP257,subside_group,SG1,,,
77b0cba3-525a-41b8-85f9-49852e7dfe32,species,SP258,agw_group,Anatidé  / grèbe,,,
930bb9cc-6b94-40a0-ba5e-9d4ac5c1107d,species,SP258,class,Aves,,,
9cd46847-a639-4c48-954e-8e145b8d0cdd,species,SP258,creaves_species,Macreuse noire,,,
7a45e870-6fc5-461f-9d04-453e39f74167,species,SP258,family,Anatidés,,,
ea336caa-3e88-4362-aaf9-552462882107,species,SP258,native_status,NS1,,,
1d88aa98-4256-4a3f-a57c-b3b5c501884b,species,SP258,order,Ansériformes,,,
64aea9cc-7f49-430a-aa1b-cca8a68863b4,species,SP258,species,Melanitta nigra,,,
3a0f0262-b115-41b8-8f00-10689b06b075,species,SP258,subside_group,SG1,,,
6016769f-a022-4179-bc71-549e63967dbd,species,SP259,agw_group,Autre oiseau,,,
05748e24-fa4d-4756-bcdf-c22c46725773,species,SP259,class,Aves,,,
3a598369-0455-47c0-ad23-fbd4a792ce08,species,SP259,creaves_species,Alouette calandre,,,
d5e49806-cbfb-4fa1-8d6f-e738f70b2ebd,species,SP259,family,Alaudidés,,,
65e4ff1f-187d-47de-84de-f0ea38d597c2,species,SP259,native_status,NS1,,,
fa6b25a4-aba7-43f3-bd7d-14d5b82cb5d9,species,SP259,order,Passériformes,,,
4bed7062-944b-4138-b307-91a9b86f4711,species,SP259,species,Melanocorypha calandra,,,
1b3320f4-efb8-4fa9-add1-e66d5f0646fc,species,SP259,subside_group,SG2,,,
e77865b9-578b-48c7-b7a8-12045623670c,species,SP26,agw_group,Domestique,,,
822d89ac-c3da-4e7a-9803-eacd0db284c5,species,SP26,class,Aves,,,
00302ca4-c810-48d9-9864-151ab90f3d4f,species,SP26,creaves_species,Colvert hybride,,,
f573fd57-ac41-4cb3-956f-3d08fe383f63,species,SP26,family,Anatidés,,,
9c32437d-a194-4e3a-a0e4-4c6a0270560e,species,SP26,native_status,NS4,,,
a708e834-2280-428f-a0a2-e6cedff81161,species,SP26,order,Ansériformes,,,
5e47a677-3bd2-4ba1-88f4-454ce480a391,species,SP26,species,Anas platyrhynchos domesticus CI,,,
d136d535-6388-4d8e-b048-0c48975b5723,species,SP26,subside_group,SG4,,,
91f7c756-1621-4477-8f2a-db691135a7fa,species,SP260,agw_group,Autre oiseau,,,
6b8f9ab8-df6b-4998-bb24-ec7494ee38b9,species,SP260,class,Aves,,,
65c13d80-2240-494d-90e3-81193d7aa139,species,SP260,creaves_species,Alouette leucoptère,,,
eae68cdb-86b0-49cb-ba1c-a3272689405c,species,SP260,family,Alaudidés,,,
9648291d-fd7c-4e50-9001-895751f18013,species,SP260,native_status,NS1,,,
9c1d11e3-8b5c-492a-85b9-8cbe6e2a95d0,species,SP260,order,Passériformes,,,
cb77f2b8-2f32-413c-bd8e-839518c4b995,species,SP260,species,Melanocorypha leucoptera,,,
75d68f58-3956-4771-99cc-3518eeeed02c,species,SP260,subside_group,SG2,,,
e05b1652-96c9-481e-a53b-aaa1f465f6fb,species,SP261,agw_group,Mustélidé,,,
858a5f3e-2a8f-42d8-add6-86dd58914021,species,SP261,class,Mammalia,,,
4271d429-4e6d-4ee8-b496-e47c693cf75e,species,SP261,creaves_species,Blaireau d'Europe,,,
2cbe4868-e010-46e3-b932-193e99df0676,species,SP261,family,Mustélidés,,,
4bf15717-c5b5-462a-acf9-f10339b2f561,species,SP261,native_status,NS1,,,
07ca4c8c-226d-4b12-9dd2-0c150018b8fc,species,SP261,order,Musteloidea,,,
e65fd8a9-8514-497d-a3af-b3475461c4e1,species,SP261,species,Meles meles,,,
3bcddbce-8ee4-4d4e-98a7-880aab6f62a7,species,SP261,subside_group,SG3,,,
21dc797d-dbd9-4ba2-b838-a0a11039dacb,species,SP262,agw_group,Autre oiseau,,,
71963f36-d79b-4735-8cfd-72c0d031a252,species,SP262,class,Aves,,,
4298d4cd-f733-4f9a-8caf-5b6652f09650,species,SP262,creaves_species,Perruche ondulée,,,
930bc167-c90e-4c74-85ff-e506b238e4bc,species,SP262,family,Psittaculidée,,,
31bf7994-7b73-4acd-8753-48f42493f884,species,SP262,native_status,NS5,,,
18324fcc-0d08-4f9c-8c36-7b6b53687fee,species,SP262,order,Psittaciformes,,,
e87d4718-8da4-4bd8-8677-5886d2738cfb,species,SP262,species,Melopsittacus undulatus,,,
d111a188-bdef-47c1-91fd-2e38d48d04fb,species,SP262,subside_group,SG4,,,
e7ebe5e6-0206-4264-8dfa-05292ad0177e,species,SP263,agw_group,Anatidé  / grèbe,,,
2f942914-0ab0-4b53-a1e3-59de71818e6a,species,SP263,class,Aves,,,
50fd9b69-a8f1-45ae-b945-3af9f9fc7bee,species,SP263,creaves_species,Harle piette,,,
c867abef-0209-40eb-8180-5423c776298c,species,SP263,family,Anatidés,,,
a27e601f-ff7a-493b-9abb-b3152c919e22,species,SP263,native_status,NS1,,,
be2f289b-6ae0-466b-9f91-0ae765cbc494,species,SP263,order,Ansériformes,,,
b2722a77-00ac-4ede-83f5-9f0d859dc4b9,species,SP263,species,Mergus albellus,,,
5e252f7a-d18a-48e9-b56d-4fdaeea22e20,species,SP263,subside_group,SG1,,,
167d823d-c093-449f-875b-404f2f7e1391,species,SP264,agw_group,Anatidé  / grèbe,,,
1bc0f22b-d922-4797-94cb-973cad6a254f,species,SP264,class,Aves,,,
821a7dfc-3d88-4812-8d7a-485e25113857,species,SP264,creaves_species,Harle bièvre,,,
bce959f5-0f4b-4edf-895d-d0b3a8f6ed8b,species,SP264,family,Anatidés,,,
a6751e4e-fee2-44a1-8724-439a6600cc55,species,SP264,native_status,NS1,,,
2950b106-18e6-4d83-b453-1e642f6fd337,species,SP264,order,Ansériformes,,,
c14f4c07-cad4-4220-8183-db96dd4e9956,species,SP264,species,Mergus merganser,,,
0ebf00e2-4221-4c66-8194-2ac47e9c5889,species,SP264,subside_group,SG1,,,
31adb2a0-1609-4821-998e-f189e54bfe95,species,SP265,agw_group,Anatidé  / grèbe,,,
b978f6bb-0dd7-42bd-b143-a0f2c4330b11,species,SP265,class,Aves,,,
00e00279-cec0-4fab-a6ce-0789a6679f8a,species,SP265,creaves_species,Harle huppé,,,
9d95a6a1-650f-431f-b3f6-6263f4d86f4d,species,SP265,family,Anatidés,,,
9d509602-dcc8-4eb6-a115-f793e8e2280b,species,SP265,native_status,NS1,,,
f8abe485-5450-45db-93d2-b6f2a921eb7e,species,SP265,order,Ansériformes,,,
1d28088c-36d4-4749-a4b3-09694d5498c3,species,SP265,species,Mergus serrator,,,
4784a82a-c963-4bfe-8ec4-11078828393b,species,SP265,subside_group,SG1,,,
0951f0f1-d97a-4e37-88ef-6956b568a4f4,species,SP266,agw_group,Autre oiseau,,,
d516d257-8ef2-4583-a136-42a145b7c37d,species,SP266,class,Aves,,,
bae0903d-a90c-4cbd-a341-6a09451f8874,species,SP266,creaves_species,Guêpier d'Europe,,,
547e76f1-3beb-4171-bab7-14c92de3da5a,species,SP266,family,Méropidés,,,
295ab408-2b98-4e2b-a480-4043e2170c7e,species,SP266,native_status,NS1,,,
42bf3e4d-cba3-4a48-b9bb-57a274d128e7,species,SP266,order,Coraciiformes,,,
5d47bc84-9000-4a7d-bf47-5e2129833d6d,species,SP266,species,Merops apiaster,,,
3ebfb5c2-d927-44fe-8a0d-722e285ed019,species,SP266,subside_group,SG2,,,
124bbc83-d27a-456d-adbb-4959d7f587cd,species,SP267,agw_group,Micro-mammifère,,,
6491356a-e0a9-4f66-99c5-2fb879d7dbcc,species,SP267,class,Mammalia,,,
20337e0a-7c36-4196-9d30-7c6bd17548d4,species,SP267,creaves_species,Rat des moissons,,,
7503f8d3-f95d-4027-a048-be0bc4783f82,species,SP267,family,Muridés,,,
8d0f35ef-58f8-4aab-933c-40467031de81,species,SP267,native_status,NS1,,,
4e63904a-4f37-4a30-aad9-f7bb1f117872,species,SP267,order,Muroidea,,,
d9c1ad8b-e7c7-4b7c-a379-4933c042901b,species,SP267,species,Micromys minutus,,,
4873cbdd-2231-4b65-b56e-d676e263e908,species,SP267,subside_group,SG3,,,
d4b6fb25-2873-4643-8ac5-ebe6b3de241b,species,SP268,agw_group,Micro-mammifère,,,
65ceeb0f-58bf-43b1-904a-d935f75d3eec,species,SP268,class,Mammalia,,,
9438ed64-06e7-4d1b-a714-b54262e0126d,species,SP268,creaves_species,Campagnol agreste,,,
901c7b35-45b6-42ac-9052-ef1d580ebd97,species,SP268,family,Muridés,,,
eaa8bd1b-c79c-4dac-9d96-ddb21f9f20cb,species,SP268,native_status,NS1,,,
d7ece064-984e-40de-a42a-a48cca0d352d,species,SP268,order,Muroidea,,,
9ecd0c47-85fd-4fe3-820d-8560c9e3694b,species,SP268,species,Microtus agrestis,,,
c78d2147-7c8e-4f53-8edf-fb44de5ebb6b,species,SP268,subside_group,SG3,,,
c263182b-3843-4a67-967a-f0ac3463eebe,species,SP269,agw_group,Micro-mammifère,,,
3808c405-d208-496f-94a9-a9eda5333294,species,SP269,class,Mammalia,,,
ceba6b33-a319-4431-9576-409351b738ff,species,SP269,creaves_species,Campagnol,,,
95437ae8-8ebf-40fd-8d5c-e35ce2f0477b,species,SP269,family,Muridés,,,
9c7870ec-c799-4f1c-a824-46719677c1db,species,SP269,native_status,NS1,,,
b6f5e7e7-51e4-4c1e-aac3-e5ed6b6cf5f3,species,SP269,order,Muroidea,,,
7ec74093-cacb-431e-b42f-f32cb5243407,species,SP269,species,Microtus arvalis,,,
55aa1746-6144-423d-84ff-c88c77e48c57,species,SP269,subside_group,SG3,,,
cf392a41-6bd1-4f63-9cba-03f3cd1541c7,species,SP27,agw_group,Anatidé  / grèbe,,,
fd457ba6-bab9-4cac-9c52-ef8d95f15bce,species,SP27,class,Aves,,,
a62bb727-de6e-467f-90c3-6c8e586a480c,species,SP27,creaves_species,Sarcelle d'été,,,
fd60ed3a-ccf9-4336-9c29-8ef4c1238177,species,SP27,family,Anatidés,,,
9ac7dbcc-e364-44a5-ad80-e47e93f3adbb,species,SP27,native_status,NS1,,,
63684adc-17af-4ab8-872b-edc4c014ad28,species,SP27,order,Ansériformes,,,
c045246d-2355-4464-a90d-9b5e344342fd,species,SP27,species,Anas querquedula,,,
8cc39a7a-42e7-4e2d-aeb1-1f1468b3b878,species,SP27,subside_group,SG1,,,
4eb9d73d-24ff-4795-b4b7-d52486ac4a76,species,SP270,agw_group,Micro-mammifère,,,
016b5497-7f5c-4f88-8487-d179da11c346,species,SP270,class,Mammalia,,,
5903adf2-0752-472b-b53d-3a4a22e24c8c,species,SP270,creaves_species,Campagnol,,,
5152056c-9a54-4dbe-b8f8-d09acca5d986,species,SP270,family,Muridés,,,
94113e85-68ec-41f5-a2d6-cdf0e54fa6c4,species,SP270,native_status,NS1,,,
a5acfa3b-7a98-480d-b703-2653cb016f8d,species,SP270,order,Muroidea,,,
1d01f1e9-2fb5-4711-adf0-efa01040cb73,species,SP270,species,Microtus subterraneus,,,
d55bdc8c-0213-4090-962d-e71a8bfa6868,species,SP270,subside_group,SG3,,,
93970b98-d815-45a8-829a-8bc1e83149ba,species,SP271,agw_group,Rapace,,,
2a0d25f3-17bc-48af-a5d7-920f73cd1f8d,species,SP271,class,Aves,,,
ce337bcc-79cc-46cb-8be3-7ba0c97f1b82,species,SP271,creaves_species,Milan noir,,,
34aaec95-2501-40b8-9581-38ee9013d4fe,species,SP271,family,Accipitridés,,,
eb6e9667-cca4-4355-aaca-2a40263974f6,species,SP271,native_status,NS1,,,
dd4a17a8-c83e-484e-afd9-ea6f87bb09c2,species,SP271,order,Accipitriformes,,,
a1c7ba41-ab89-4ef8-9f70-5d048fd57673,species,SP271,species,Milvus migrans,,,
81910dbc-4e6d-4365-83c1-da457158f589,species,SP271,subside_group,SG1,,,
78d6a85c-695d-4675-9531-57670e9fc00a,species,SP272,agw_group,Rapace,,,
86d4fc00-e6ff-4e75-8349-0c9ac7b39dc0,species,SP272,class,Aves,,,
1ab8376a-0fc0-4012-b414-5162da5f98a2,species,SP272,creaves_species,Milan royal,,,
0ab8a0ae-cd93-4ad3-be5f-911a3e82fc89,species,SP272,family,Accipitridés,,,
3b7766b9-fd3e-41c7-8698-675333783ad3,species,SP272,native_status,NS1,,,
ab7f18ed-a365-4f66-a145-ae48adf2bf60,species,SP272,order,Accipitriformes,,,
db0fe99d-519f-49a1-ac8c-263f23ece6f8,species,SP272,species,Milvus milvus,,,
9b173fa8-a0b5-4f2e-907e-2d30f655e8b1,species,SP272,subside_group,SG1,,,
f77b1ec4-9b78-42cc-9366-3ebc6f0fa212,species,SP273,agw_group,Autre oiseau,,,
577ca315-7f00-4b87-b166-b7e103733afb,species,SP273,class,Aves,,,
ceca7972-4af5-4c8d-ad76-e7c98a907fb6,species,SP273,creaves_species,Monticole de roche,,,
84d64c9c-a243-45e5-ac1e-b5b832db2cbe,species,SP273,family,Turdidé,,,
7a93f80c-2e8b-4bba-a9ff-480c6eb34782,species,SP273,native_status,NS1,,,
11a8cc80-c128-4cfa-9512-a3006adb24eb,species,SP273,order,Passériformes,,,
eae0fa30-078f-405a-a8d4-2f4a8ba8b874,species,SP273,species,Monticola saxatilis,,,
8eaf5aab-2a9b-40b5-bfab-75077f7423a4,species,SP273,subside_group,SG2,,,
a77064a2-c44a-4c55-bb8c-0cac0ec5074d,species,SP274,agw_group,Autre oiseau d'eau,,,
c4047af7-660f-4a9c-9150-8e229b79bbb9,species,SP274,class,Aves,,,
c256179a-9e0b-445f-aed3-ebc7890e106f,species,SP274,creaves_species,Fou de Bassan,,,
046df540-7f33-468b-8a07-41e2d7e87fd3,species,SP274,family,Sulidés,,,
c22865ad-4985-4702-b346-5fe848ca5327,species,SP274,native_status,NS1,,,
c5eb4828-0ef2-4ba4-9440-0f8f7c50f232,species,SP274,order,Suliformes,,,
5ea1107f-188c-4676-b6f9-3dcc618409f5,species,SP274,species,Morus bassanus,,,
44468b94-cf6d-455b-a613-11c7a72264c4,species,SP274,subside_group,SG1,,,
b65e680a-d0cd-4de4-a1fc-5f90575ba321,species,SP275,agw_group,Autre oiseau,,,
7f42ba65-de25-4d45-bbc5-b2942d50e71f,species,SP275,class,Aves,,,
98d1b6b0-2950-4b75-816a-0529b334d08a,species,SP275,creaves_species,Bergeronnette grise,,,
7528beb7-c590-4334-aede-c0b462fffc43,species,SP275,family,Motacillidés,,,
c0d67a04-15c9-46d9-80c1-ff351af0c89c,species,SP275,native_status,NS1,,,
5b58eec7-16c6-4db2-ab5a-9766ed65b37e,species,SP275,order,Passériformes,,,
56f6a15b-1eee-479e-88e1-93c3079179f5,species,SP275,species,Motacilla alba,,,
8c89ed73-fa0f-4c71-9744-4b0554db6823,species,SP275,subside_group,SG2,,,
17da1d84-e444-4cc9-ac31-01814689bf6c,species,SP276,agw_group,Autre oiseau,,,
67689948-8127-430e-a5c5-85366a6d5c64,species,SP276,class,Aves,,,
d703076b-4b3b-44a4-beb4-a6312343c100,species,SP276,creaves_species,Bergeronnette des ruisseaux,,,
518591b3-b6ab-45c8-91d2-5eb15343d168,species,SP276,family,Motacillidés,,,
1474099e-cba0-4f31-8b9f-777e76ffdec6,species,SP276,native_status,NS1,,,
43bbd93f-bf26-44b6-9c43-7b482962c88c,species,SP276,order,Passériformes,,,
9cc7adf3-8e2c-4163-8399-46607dbb149e,species,SP276,species,Motacilla cinerea,,,
59faae88-cd41-490a-b883-3b8fb1c7c939,species,SP276,subside_group,SG2,,,
496d8bc2-b4ba-480a-ab2c-b22955684083,species,SP277,agw_group,Autre oiseau,,,
f488a8a0-684a-4033-be90-15be9ee41803,species,SP277,class,Aves,,,
c42e4bbd-9812-4107-9a39-66535c8c6281,species,SP277,creaves_species,Bergeronnette printanière,,,
cdcc931c-1172-487e-8ac8-117ef6c426d9,species,SP277,family,Motacillidés,,,
f1e8b349-48a6-47f7-8806-67e505f86682,species,SP277,native_status,NS1,,,
ce6b86d6-820a-4137-9b23-68c37b0606e2,species,SP277,order,Passériformes,,,
303aff03-b22e-4d2b-a3c0-a5645c18a063,species,SP277,species,Motacilla flava,,,
d866b6f3-fe8e-45ed-83a8-0e64add34013,species,SP277,subside_group,SG2,,,
6e77ad4c-cb64-41d3-8f5d-f46e889a40d8,species,SP278,agw_group,Micro-mammifère,,,
74ffabc2-6147-4a3b-b59e-9b88dedfb426,species,SP278,class,Mammalia,,,
8570f6c0-c869-4d36-b9ea-a827858b3ead,species,SP278,creaves_species,Souris,,,
366312c6-21e3-4bf4-b34c-e446139b1a92,species,SP278,family,Muridés,,,
4fe739b0-9f84-474c-a9fd-a458ce66be28,species,SP278,native_status,NS1,,,
b645d11a-a31b-4db3-864b-c9ca5c81aee2,species,SP278,order,Muroidea,,,
0e53e0e0-de33-4868-a53d-4434f3914af8,species,SP278,species,Mus domesticus,,,
4d5cfb7c-7bfc-41b9-9740-3216a23e6737,species,SP278,subside_group,SG3,,,
48cb03fb-11da-490a-876e-b0655d9929f7,species,SP279,agw_group,Micro-mammifère,,,
f1b2986a-41ec-4ce4-a6cc-b03ea0d781a2,species,SP279,class,Mammalia,,,
d0a065a4-4a4b-488f-aea2-71b2130ed6b6,species,SP279,creaves_species,Muscardin,,,
b7c3c5f4-52a1-4268-a56d-5cdd3db25551,species,SP279,family,Muscardinidés,,,
bc481345-caa5-4fb7-b7f3-df6379e89fe3,species,SP279,native_status,NS1,,,
a2b3d470-4139-4744-ac13-c2f9fc3c4710,species,SP279,order,Rodentia,,,
843b4a41-9832-4240-803c-e832576967cf,species,SP279,species,Muscardinus avellanarius,,,
95d05065-cf37-4995-ab4f-f2f175ee8efd,species,SP279,subside_group,SG3,,,
ee07b0c1-ad81-4432-9983-620bfe16c2d2,species,SP28,agw_group,Anatidé  / grèbe,,,
a2714d56-61c3-48ff-b04b-5cbd4fd7d809,species,SP28,class,Aves,,,
4cc6bdfb-9e38-4210-b56f-8086bc3759fb,species,SP28,creaves_species,Canard chipeau,,,
62824b45-9fa9-4a31-ba9e-bce1f6786dcb,species,SP28,family,Anatidés,,,
aa293618-c189-4f95-8db6-ce64f3c73c47,species,SP28,native_status,NS1,,,
31c3edc0-c2aa-4017-b353-02cdc54ea9e5,species,SP28,order,Ansériformes,,,
fb89b299-0fdd-4396-9648-9fa79200427a,species,SP28,species,Anas strepera,,,
733e7f1d-9bb0-46fc-a5d9-108746c506ce,species,SP28,subside_group,SG1,,,
2a4a4a50-6ff8-4d9b-8c86-dd35c3b0fe66,species,SP280,agw_group,Autre oiseau,,,
55695f48-f486-4936-b3ce-5987c7756180,species,SP280,class,Aves,,,
8ef0aa2f-816b-4d8d-8f4a-b910b9b2901c,species,SP280,creaves_species,Gobemouche gris,,,
bc05ca80-a376-43dc-bc66-eb8f8ae48b6f,species,SP280,family,Muscicapidés,,,
77d5527a-6df6-4331-9687-3177b4837cb7,species,SP280,native_status,NS1,,,
a1d531c6-246d-40be-82a5-42ed1b8acbb2,species,SP280,order,Passériformes,,,
16262e79-8847-4059-908b-cdd98150eb38,species,SP280,species,Muscicapa striata,,,
2a511c68-a7bc-4e41-999f-ed70a682de12,species,SP280,subside_group,SG2,,,
2d0529dd-02e9-4393-bc02-8afc8d0adc0c,species,SP281,agw_group,Mustélidé,,,
e7185917-e9b7-4168-87ab-254b8715ab80,species,SP281,class,Mammalia,,,
60268ab3-41c2-4027-8d9a-a5a27ba32ac1,species,SP281,creaves_species,Hermine,,,
4fbbb1a9-cf93-46d7-af95-f3d03589d6c8,species,SP281,family,Mustélidés,,,
4e658512-1214-4f05-b7c9-6fc48a4b1c16,species,SP281,native_status,NS1,,,
89e8f27b-c5f8-476e-98b5-df0de38ffa43,species,SP281,order,Musteloidea,,,
3d9ba407-d934-42d7-8346-088f6ad0d530,species,SP281,species,Mustela erminea,,,
efd7c410-1f5c-41fa-8c39-b2d8f8dd05fa,species,SP281,subside_group,SG3,,,
6cae114e-78fb-4074-bd66-e9b426667a23,species,SP282,agw_group,Mustélidé,,,
57bfb38c-1311-494e-9eb8-58d33b729262,species,SP282,class,Mammalia,,,
5b346a06-e47c-44ba-a8ab-654bd8065cee,species,SP282,creaves_species,Belette,,,
ce92f8ce-9307-4f24-b1b8-8965478ba9f8,species,SP282,family,Mustélidés,,,
40e9cf6f-b3d9-4f40-add4-8448a3c45ccb,species,SP282,native_status,NS1,,,
0e461065-e7ef-4b46-91d9-c49a9749497f,species,SP282,order,Musteloidea,,,
7c68f9e6-590e-4f4f-86a7-10c25781f44c,species,SP282,species,Mustela nivalis,,,
0f603dee-c009-4fe5-b091-56d908f9f201,species,SP282,subside_group,SG3,,,
7f09760e-e85e-4d7b-956c-af211c420dd1,species,SP283,agw_group,Mustélidé,,,
9fde3eec-fe13-49e5-8876-7e9efc85055a,species,SP283,class,Mammalia,,,
bbde17d4-5e88-4e82-a6d7-9615b2aece31,species,SP283,creaves_species,Putois,,,
bc7eab2a-4dbd-44d4-bd78-a1f303a4c25c,species,SP283,family,Mustélidés,,,
ad1b23b9-49d1-4997-a1d1-19db92aaac32,species,SP283,native_status,NS1,,,
f5a2c72b-c57d-4a29-82f3-59acc877a175,species,SP283,order,Musteloidea,,,
710393aa-7401-4578-97db-972a767a7ba3,species,SP283,species,Mustela putorius,,,
d0f56e85-e098-4204-a022-9b6c162a80dd,species,SP283,subside_group,SG3,,,
edfa6ec5-093b-4e49-8f3b-f0eae8a882da,species,SP284,agw_group,Mustélidé,,,
55bf93ce-9108-46b1-bafe-afa9dc568399,species,SP284,class,Mammalia,,,
378c4db8-3660-4d08-9c23-a07c10774668,species,SP284,creaves_species,Vison américain,,,
fb47435d-1a0f-4c4e-b39e-ac2ab9199cd1,species,SP284,family,Mustélidés,,,
fdd608ab-b0d8-436a-8795-9f47ffd0f3b2,species,SP284,native_status,NS2,,,
7ce1e679-116d-4750-b268-bfaac5290d55,species,SP284,order,Musteloidea,,,
cec6f415-e556-4b1d-86cf-c4e6747b3d76,species,SP284,species,Mustela vison (Neovison vison),,,
2955be67-718f-4aa1-b8c9-d7f9b439667a,species,SP284,subside_group,SG3,,,
82f4cba3-6973-45fc-8d25-bc5859288d7c,species,SP285,agw_group,Mammifère taille moyenne,,,
3fab0252-48d6-4ba0-b974-caf19fda98dd,species,SP285,class,Mammalia,,,
d40c9a59-846b-411b-87f5-d82b2c4992b5,species,SP285,creaves_species,Ragondin,,,
ff796e96-8206-42cf-846f-e7adf2bc418c,species,SP285,family,Echimyidés,,,
b2e891d5-608d-4b19-816c-acde39ca6169,species,SP285,native_status,NS3,,,
cf141b4d-2a8c-4882-8803-33c629a0e93f,species,SP285,order,Caviomorpha,,,
ff1b6ae9-b873-4414-a0a9-a6a261d47977,species,SP285,species,Myocastor coypus,,,
441efc57-9b18-4fce-b214-96e62a6a61d8,species,SP285,subside_group,SG3,,,
17cecd4e-62e2-496a-888a-7210e4d2b0ea,species,SP286,agw_group,Chauve-souris,,,
2776a618-91a5-47bf-89eb-1e1a3f0c7981,species,SP286,class,Mammalia,,,
b5411876-947e-4f94-911b-3a3e60cdc2ce,species,SP286,creaves_species,Murin,,,
0552b82f-dc8d-438d-bf3e-f5e8608f85c2,species,SP286,family,Verspertilionidés,,,
4f705108-bed9-4304-87da-433edb4a857f,species,SP286,native_status,NS1,,,
ff55e0b6-c088-41af-a35a-031584c00e85,species,SP286,order,Chiroptera,,,
4e3ceaf6-e23e-49b3-a4a7-cbe3f55aa26b,species,SP286,species,Myotis alcathoe,,,
77a3738d-9f8c-4216-a257-81c0cf5b9362,species,SP286,subside_group,SG2,,,
765dc9a1-bf29-4943-8fca-b9e568235bea,species,SP287,agw_group,Chauve-souris,,,
d06e45f8-35b5-44e6-a16f-97a307f8020e,species,SP287,class,Mammalia,,,
3db252e7-3c4e-4322-bd82-b3e0cb9644fd,species,SP287,creaves_species,Murin,,,
7ca1d853-014f-43cc-84fa-be4e0ea07152,species,SP287,family,Verspertilionidés,,,
9ec73f14-13e0-4d68-9c76-fc5d97187fe9,species,SP287,native_status,NS1,,,
7be6fdd1-eb5d-4e58-9747-7e98b4151633,species,SP287,order,Chiroptera,,,
cae61406-39d1-4a7f-9e40-8d3be8ff56d0,species,SP287,species,Myotis bechsteinii,,,
4a74a0b2-fe77-4087-8f21-9ea5a31249a8,species,SP287,subside_group,SG2,,,
c7aeec4d-c0f3-428e-bf9b-e2eb2af33b5e,species,SP288,agw_group,Chauve-souris,,,
f1769f2a-4468-496f-b741-051107a07673,species,SP288,class,Mammalia,,,
23b520ae-157e-4aff-8bcb-2b434b98556b,species,SP288,creaves_species,Murin,,,
0db285fd-153c-47aa-a33c-9cb1b7e270cc,species,SP288,family,Verspertilionidés,,,
5b99e826-1983-4f75-ac0c-857dce0cfd93,species,SP288,native_status,NS1,,,
b2ef7230-25e2-42e8-9fdb-272cad0144fb,species,SP288,order,Chiroptera,,,
9f3a1898-130b-4d38-87ca-da2c1936c4ec,species,SP288,species,Myotis brandtii,,,
f8d7cb69-6538-4cc3-9d4d-a5c91375ea5a,species,SP288,subside_group,SG2,,,
5ff8f2bc-6ad7-46eb-8f76-0ebca20e5b5a,species,SP289,agw_group,Chauve-souris,,,
08aa3d86-bd3d-47ca-809e-3b4788e7f5ee,species,SP289,class,Mammalia,,,
1838c03e-55b6-4a4c-8b17-e95dee63ba21,species,SP289,creaves_species,Murin,,,
8ad12e94-16ca-45dc-8c58-b55ae9339b70,species,SP289,family,Verspertilionidés,,,
f935c297-e840-4603-9955-d01a06836c40,species,SP289,native_status,NS1,,,
ed6853ee-9539-46ed-8403-cecc934d5190,species,SP289,order,Chiroptera,,,
83a4d959-2e96-4901-9b1d-5cc9bca427f3,species,SP289,species,Myotis dasycneme,,,
b8cb8629-0d84-4644-bead-1b7a76f409a5,species,SP289,subside_group,SG2,,,
5b97deec-d104-4687-939e-2166828a5ba8,species,SP29,agw_group,Reptile,,,
7ab46499-4f69-4d85-80c9-e58cadf8e089,species,SP29,class,Reptilia,,,
a50b4a54-c4f2-4136-892f-deccbdeaa7bb,species,SP29,creaves_species,Orvet fragile,,,
870504bb-8a05-4bef-8d93-f17b60394ed3,species,SP29,family,Anguidae,,,
5f5b032d-e7da-4675-8f12-dae5c1284c75,species,SP29,native_status,NS1,,,
4fdd39f2-da7d-4daf-9762-9d4ba7cccbdf,species,SP29,order,Squamata,,,
29111fe7-64b3-4f60-a4cf-5c7e42383004,species,SP29,species,Anguis fragilis,,,
24eb0f87-cb14-4a70-ba3a-825b5ef3eaf0,species,SP29,subside_group,SG2,,,
852268d2-d98b-4d9c-a4bb-d41df26a0fc4,species,SP290,agw_group,Chauve-souris,,,
13b6390c-300b-4a23-bee6-ab6b80a3bb9e,species,SP290,class,Mammalia,,,
00ef71d3-3fb6-4cdd-be22-155590f97649,species,SP290,creaves_species,Murin de Daubenton,,,
7608f827-738a-49c2-b100-ca7d5ad8dc7d,species,SP290,family,Verspertilionidés,,,
9c6cd421-5831-4846-82ed-6482145417a9,species,SP290,native_status,NS1,,,
f1b9851a-7999-4de8-acee-970a7be11e93,species,SP290,order,Chiroptera,,,
1d2b6925-b0d3-4b0f-becd-151f1ebde2fc,species,SP290,species,Myotis daubentonii,,,
1d8fa2d4-b78e-4c42-b2f1-c65778919f41,species,SP290,subside_group,SG2,,,
41ca0f18-27a5-43be-8bea-8f53ee1b265e,species,SP291,agw_group,Chauve-souris,,,
ce81fd65-8f68-4594-ac2d-64e6bfa72c52,species,SP291,class,Mammalia,,,
12ef4c0e-9042-4fbb-b194-774207998643,species,SP291,creaves_species,Murin,,,
33135304-e1fa-478f-a54a-55ab32f61c2a,species,SP291,family,Verspertilionidés,,,
69f0ff08-2465-4d2f-90ba-1f3e433d0664,species,SP291,native_status,NS1,,,
b7973dba-ea4c-4aeb-a8b3-8395e3a39d41,species,SP291,order,Chiroptera,,,
96de936a-e617-465e-8055-24f8e9a78c7d,species,SP291,species,Myotis emarginatus,,,
54eabc73-788d-4b17-b3b8-00ad3ed6317e,species,SP291,subside_group,SG2,,,
7e4060dd-4e10-494f-85d3-01bda92a11d5,species,SP292,agw_group,Chauve-souris,,,
bb8bbcbc-a8d5-4f21-98e6-45e877a4c814,species,SP292,class,Mammalia,,,
cae3bf2e-ac4b-4df0-9d75-47b4c45f731e,species,SP292,creaves_species,Murin,,,
21d8f819-753a-4286-8cc4-1ce1fd13407a,species,SP292,family,Verspertilionidés,,,
586af1da-d073-4aea-b019-c4dd635ef1bd,species,SP292,native_status,NS1,,,
f57b7247-8e21-45c9-8d07-ca80d86acd0d,species,SP292,order,Chiroptera,,,
7e5e50ab-995d-4261-86b4-36da8af6ec7f,species,SP292,species,Myotis myotis,,,
226a8d09-8cf9-40fd-b1dc-8604cb53852b,species,SP292,subside_group,SG2,,,
bb805ef0-158e-4a6e-b4d0-578b9c7f3d4c,species,SP293,agw_group,Chauve-souris,,,
57a6a446-a49d-42c0-9848-06a0ced5b3ef,species,SP293,class,Mammalia,,,
a4ede3a0-12c6-474e-9503-34728ab3db96,species,SP293,creaves_species,Murin,,,
74d57228-71da-4576-9567-8d89ea253512,species,SP293,family,Verspertilionidés,,,
ae5bc59d-e1fd-4356-b6e3-da060f2ce575,species,SP293,native_status,NS1,,,
9a178314-1afe-46f5-b949-37225479dd0c,species,SP293,order,Chiroptera,,,
45b2d4ab-df5b-446c-9b8b-011fce03f796,species,SP293,species,Myotis mystacinus,,,
35f0f75c-db83-411d-8462-d936600c0a81,species,SP293,subside_group,SG2,,,
6264280b-8d3e-4266-a8f4-76b2c1a324e6,species,SP294,agw_group,Chauve-souris,,,
47d3d8f9-bb90-47ee-a2bc-9304802aa404,species,SP294,class,Mammalia,,,
6261b3b9-61b1-4051-8f12-dd089f6734c2,species,SP294,creaves_species,Murin,,,
4b4d342c-f057-4f95-86f7-fbade79cca30,species,SP294,family,Verspertilionidés,,,
bed51418-4e4e-4489-a529-4a05718a8930,species,SP294,native_status,NS1,,,
09e4c27c-6dcf-4f1e-9817-b1d0a27c9f5e,species,SP294,order,Chiroptera,,,
33d05cd1-2454-4e5b-9d0a-a45e0ea6dc60,species,SP294,species,Myotis nattereri,,,
b43d7313-554e-45bd-8760-330f7daaf04f,species,SP294,subside_group,SG2,,,
6d7d0c61-b3dd-4e1b-b5bf-4952c8b5f28b,species,SP295,agw_group,Reptile,,,
ba8efe42-34b1-4c24-a988-7bbbf0ba94f8,species,SP295,class,Reptilia,,,
c31d094d-5530-43ed-9f6a-3da0af579bc1,species,SP295,creaves_species,Couleuvre à collier,,,
29c180ba-287f-4049-bbc6-08e96d4646ed,species,SP295,family,Natricidae,,,
b1fed69d-ef4b-4307-98a0-0e67f99bf264,species,SP295,native_status,NS1,,,
aabbd6d4-0eb5-43bc-b97d-3966e27cd449,species,SP295,order,Squamata,,,
253b6b1c-70a8-48db-b256-411fb1944956,species,SP295,species,Natrix natrix,,,
2e06828f-ebc6-4fde-9f30-7a9147bb99d3,species,SP295,subside_group,SG2,,,
d6fd6873-a1db-4184-8b5e-02b3f22cc721,species,SP296,agw_group,Micro-mammifère,,,
d5594767-505b-4267-9caf-5c4a403325fb,species,SP296,class,Mammalia,,,
3ce4fee6-0d22-4e5b-be52-fc58aeffba23,species,SP296,creaves_species,Musaraigne,,,
a2bc0b9c-10ed-4795-83cc-4ff623ff0b69,species,SP296,family,Soricidés,,,
5115aa19-4ca2-47e1-85cc-6676f97d5e0c,species,SP296,native_status,NS1,,,
5c6f7193-8a1b-41c8-98f6-5fa6c77c2f83,species,SP296,order,Rodentia,,,
615bd914-2c3b-4102-ac02-1587ecb7643f,species,SP296,species,Neomys anomalus,,,
d8ca7da1-a27c-4025-a2b9-834e3ae32733,species,SP296,subside_group,SG3,,,
20ee67cb-7038-4638-9a3e-14e62235907a,species,SP297,agw_group,Micro-mammifère,,,
1075ed56-fe07-4edf-9444-9cfb6a51117f,species,SP297,class,Mammalia,,,
194f268e-7980-4eed-b6ae-fb3e4c699c72,species,SP297,creaves_species,Musaraigne,,,
05b9c885-d10f-487b-9036-f932e4fb704e,species,SP297,family,Soricidés,,,
41639dbb-0d4b-4eb3-b411-d655bd0fe1c0,species,SP297,native_status,NS1,,,
e8441498-d7eb-49c9-a204-81bae8991900,species,SP297,order,Rodentia,,,
be702918-5b2b-44f7-a0b8-6b163c5dd0cf,species,SP297,species,Neomys fodiens,,,
01b4d2be-9f70-4d92-a3fc-7c95300bac8f,species,SP297,subside_group,SG3,,,
d5e58d60-e57a-494b-b54d-93453141e55a,species,SP298,agw_group,Rapace,,,
a08ad13c-2ae3-468a-8be8-7f5a64c00f3c,species,SP298,class,Aves,,,
8b2b2710-53fb-433f-8414-eb4e1cf0ab88,species,SP298,creaves_species,Vautour percnoptère,,,
b0027eb4-1763-4acb-95f1-bcfe8a234bce,species,SP298,family,Accipitridés,,,
6d818f52-ddfc-41d6-83b3-52baae06108b,species,SP298,native_status,NS1,,,
7581915c-ab0e-4692-b930-e685bb9b76d9,species,SP298,order,Accipitriformes,,,
6cb19901-b446-4001-a112-3ece97f7e3b7,species,SP298,species,Neophron percnopterus,,,
bb2aeb7a-c7e3-4aa4-a31b-ee5ea909062e,species,SP298,subside_group,SG1,,,
6044cb4a-23fd-45eb-b1a0-74db1c2708e1,species,SP299,agw_group,Anatidé  / grèbe,,,
376b43b6-987f-4cbc-993c-42f6e92c864b,species,SP299,class,Aves,,,
ae966478-6f6f-4d06-a387-e5ff885262ce,species,SP299,creaves_species,Nette rousse,,,
a85338fe-c221-46ae-a05e-98cad453532d,species,SP299,family,Anatidés,,,
ec8d9e07-4e50-43d8-91cd-ba008c3d72b2,species,SP299,native_status,NS1,,,
cdc43142-9b9c-486c-a4fc-a4ff97ce93e2,species,SP299,order,Ansériformes,,,
d325dbf9-666d-42d6-a37d-a2096ad365fe,species,SP299,species,Netta rufina,,,
3e857059-eb2f-42ec-95d8-172b26e05ebb,species,SP299,subside_group,SG1,,,
ed49277d-d7e6-4ad1-b125-25dd59b1c1f4,species,SP3,agw_group,Autre oiseau,,,
ec1866ca-d3c4-4f55-b93e-d70ca04edc51,species,SP3,class,Aves,,,
063f5284-aa85-44f2-b047-cbd9837d0319,species,SP3,creaves_species,Rousserolle isabelle,,,
eb8a7e6e-bc01-4eb7-a422-86436e844dd8,species,SP3,family,Acrocéphalidés,,,
35e510d4-3ab0-4122-88eb-5e8765f85d91,species,SP3,native_status,NS1,,,
0fa84e65-ef2c-467c-a99a-d987972b084f,species,SP3,order,Passériformes,,,
3d629feb-3948-46e4-a679-a622f96ebd3b,species,SP3,species,Acrocephalus agricola,,,
27ea8457-c73c-483f-af02-8ae9303799fa,species,SP3,subside_group,SG2,,,
8e61fc35-40dc-4bde-bf7e-33a84f75779a,species,SP30,agw_group,Domestique,,,
e8bd841a-0f83-426f-ad90-af304f6e3f48,species,SP30,class,Aves,,,
2c689333-6bf1-415a-9d3d-74fb7639dfa8,species,SP30,creaves_species,Oie domestique,,,
8ca910bb-f606-48d6-ab70-f37235d7613e,species,SP30,family,Anatidés,,,
7fa1ceb0-c6c0-4853-9b66-94115862ffed,species,SP30,native_status,NS4,,,
5a815eec-cdb9-4472-a60d-1aad28b85225,species,SP30,order,Ansériformes,,,
645deba9-fc0f-4a0b-b567-45e65e2e2b03,species,SP30,species,Anser,,,
bfe4ad66-60ec-4bdf-8694-38a195688e57,species,SP30,subside_group,SG4,,,
3b0f67a4-5fb1-48c6-9393-a5e43da0ee5b,species,SP300,agw_group,Corvidé,,,
efe3d49d-4a0c-4dff-aa68-e0be5aad41c4,species,SP300,class,Aves,,,
c2a886da-cb7c-4b31-951d-3f5b654f307b,species,SP300,creaves_species,Cassenoix moucheté,,,
a654e88a-a6a1-46c3-9cf7-746fbbceaed8,species,SP300,family,Corvidés,,,
47f9f4e7-4c53-4c4b-947f-7e4c1526a993,species,SP300,native_status,NS1,,,
c1e75295-e4fa-4042-b5fb-cef6b71def19,species,SP300,order,Passériformes,,,
874733c4-1ade-42d1-92e8-3738f04ddc70,species,SP300,species,Nucifraga caryocatactes,,,
3771f8e2-89a7-427e-bd0d-3ac6c3bfa492,species,SP300,subside_group,SG2,,,
af7daf86-30cc-4a87-8d3b-7f32cb2b1a7b,species,SP301,agw_group,Limicole,,,
392386b0-b18a-40b3-928a-e0be544c7639,species,SP301,class,Aves,,,
2a982e23-5f3c-4aea-9eb7-9b0862c1a1ef,species,SP301,creaves_species,Courlis cendré,,,
49ab8266-295c-4cbc-8222-13129883b1b8,species,SP301,family,Scolopacidés,,,
de548475-7c74-4349-abec-38a180ae22f8,species,SP301,native_status,NS1,,,
86851ff6-bc10-4741-9b4d-b9f4f7062d64,species,SP301,order,Charadriiformes,,,
2a61c6a1-8e17-4541-ac94-0c50bab4f7e1,species,SP301,species,Numenius arquata,,,
bf2634b3-39c6-4873-b410-16a789d7c641,species,SP301,subside_group,SG1,,,
86d6a007-610e-45a5-9f56-7aa5f98eb001,species,SP302,agw_group,Limicole,,,
c9e24ffe-a222-4ac5-bb38-0d39903b5339,species,SP302,class,Aves,,,
c1fc5f56-b6a7-459b-8ef8-3bd227e563d6,species,SP302,creaves_species,Courlis corlieu,,,
649133c2-94d1-488a-a2bf-1617b3028e1f,species,SP302,family,Scolopacidés,,,
f0021cdc-b247-4e41-a019-fef351ba2c58,species,SP302,native_status,NS1,,,
24c8a2a3-1c7d-4789-9039-15860d8b1f67,species,SP302,order,Charadriiformes,,,
e81315a4-a799-46da-a50f-d09e6da02fae,species,SP302,species,Numenius phaeopus,,,
90e96af6-7fa3-415a-8b8d-5d6e63c09612,species,SP302,subside_group,SG1,,,
dd13d09b-25f3-4ddd-9456-544ec7f188fa,species,SP303,agw_group,Limicole,,,
4fe55bee-f185-4451-b1e6-9a8ce32ffbdb,species,SP303,class,Aves,,,
79dac3d7-a700-4562-910e-0ba5cca5e35e,species,SP303,creaves_species,Courlis à bec grèle,,,
38f89983-c8b8-4eec-9770-c3e3f7170286,species,SP303,family,Scolopacidés,,,
853f200b-c193-4c0b-a82c-1e0d45bc6348,species,SP303,native_status,NS1,,,
a769df14-476c-47df-88e8-c3925ec984ad,species,SP303,order,Charadriiformes,,,
173006b2-b1ca-4ef0-972a-578bb17a52ff,species,SP303,species,Numenius tenuirostris,,,
0793b695-2510-49ab-a127-e5d9f5a8e678,species,SP303,subside_group,SG1,,,
5595d186-2119-4a35-980e-dbd8fa838eef,species,SP304,agw_group,Chauve-souris,,,
77c6ee53-1b4b-414f-a7fc-2d0ecbc2fde7,species,SP304,class,Mammalia,,,
672712f2-8ca3-48f5-a318-a95bd37f6839,species,SP304,creaves_species,Noctule,,,
fdf555d9-c1da-4680-8571-663660768162,species,SP304,family,Verspertilionidés,,,
e1cfb165-b802-4e90-8405-b0c14159838f,species,SP304,native_status,NS1,,,
16dbbdbb-6c1c-4689-8cc2-5e48c7e1dd36,species,SP304,order,Chiroptera,,,
0facf3d9-4ce4-48f5-a395-2b23d0c86e9f,species,SP304,species,Nyctalus leisleri,,,
977b7108-ef4d-480f-8d9b-6e786e5ce104,species,SP304,subside_group,SG2,,,
178372e8-dfc7-4e2b-8718-634c4094f72b,species,SP305,agw_group,Chauve-souris,,,
f0fb654b-3808-4566-9f89-abb942ad4810,species,SP305,class,Mammalia,,,
b9c11f9b-b74b-48be-9c8c-35a040134b9c,species,SP305,creaves_species,Noctule commune,,,
bd99beee-7458-4845-9444-0787a79834ca,species,SP305,family,Verspertilionidés,,,
06c7fb73-6e06-4a77-93f0-1cadaa1160a8,species,SP305,native_status,NS1,,,
4f9988e9-e7c2-44e6-af17-ce41c997e1e9,species,SP305,order,Chiroptera,,,
c9889541-06fa-40e1-b381-3ff955875b30,species,SP305,species,Nyctalus noctula,,,
85d7f331-d385-4d79-8bc3-a2a48d9365d6,species,SP305,subside_group,SG2,,,
f005147c-09a2-4a7b-bde8-616fb8409ffe,species,SP306,agw_group,Mammifère taille moyenne,,,
1d57df3d-1234-4b73-85b0-1103b782baa4,species,SP306,class,Mammalia,,,
f1d7f58c-008e-49ae-876b-4390b6984b16,species,SP306,creaves_species,Chien viverrin,,,
71a33a15-27ab-4260-a60b-425bb3cfe41b,species,SP306,family,Canidés,,,
e19d6fe0-e4e4-451e-bbc3-bf0255800618,species,SP306,native_status,NS3,,,
7d9a9b04-c2d6-4432-8f8e-892e97277dd5,species,SP306,order,Carnivora,,,
fccabe88-5a14-4b0d-8bb8-696a2fb19e74,species,SP306,species,Nyctereutes procyonoides,,,
8d44a29a-650c-446f-97db-f4c2d1495de6,species,SP306,subside_group,SG3,,,
b5ab14a2-bcd9-4092-b314-0c41e631962f,species,SP307,agw_group,Grand échassier,,,
6b59ac46-9ede-4f58-a31b-c950fab092e1,species,SP307,class,Aves,,,
4def0d6b-e623-4fbb-9786-fa5e310455a0,species,SP307,creaves_species,Bihoreau gris,,,
b11e344f-24f3-4937-bdca-b28656998f01,species,SP307,family,Ardeidés,,,
7b50f60e-1caa-4ad3-9547-f8c0b391ee75,species,SP307,native_status,NS1,,,
e21666ea-0829-476e-9cd7-a919464b5e2c,species,SP307,order,Pélécaniformes,,,
a1d7e202-bf0f-44bb-aa7f-87378ecd1474,species,SP307,species,Nycticorax nycticorax,,,
511428f5-7a5f-497c-923d-3db790b798e9,species,SP307,subside_group,SG1,,,
9a4bdfe1-b989-4f6d-af8a-a362faaf396a,species,SP308,agw_group,Autre oiseau,,,
f29d38b6-c44d-4fe7-baf8-ca35589d465e,species,SP308,class,Aves,,,
0df9d92b-ba23-4be4-9c7c-f40e1d84c9a3,species,SP308,creaves_species,Calopsitte,,,
9d28125a-bbf0-46f3-9a89-eccb98d424bf,species,SP308,family,Psittacidés,,,
74c665a2-5b0b-4427-bdf2-ecd45a8a8196,species,SP308,native_status,NS5,,,
1665bf24-0a71-424e-9c42-9e0dec127e16,species,SP308,order,Psittaciformes,,,
8617b318-93b0-40ad-a1e1-b108f0457cc0,species,SP308,species,Nymphicus hollandicus,,,
b7091634-054b-4b9c-b0ef-dc9c8a5470e6,species,SP308,subside_group,SG4,,,
8c5395dd-6fec-42da-bdfd-4447f6283601,species,SP309,agw_group,Autre oiseau d'eau,,,
b83dcced-d96a-44ca-8053-2398c3145362,species,SP309,class,Aves,,,
d3c2ddc3-f438-4e33-b4bb-a9b5c16df87f,species,SP309,creaves_species,Océanite culblanc,,,
0bbe49f5-6a43-47c0-bfab-1a575b4ecc34,species,SP309,family,Hydrobatidés,,,
98d7e768-368d-4cda-9a17-ff265290d58f,species,SP309,native_status,NS1,,,
64fe5611-1b7c-411d-9bad-92239bb5c0f7,species,SP309,order,Procellariiformes,,,
01d0fe3f-dc36-4c0f-bc77-2a2cebac6606,species,SP309,species,Oceanodroma leucorhoa,,,
87d45bb8-0cfe-44d2-baeb-236ef804156e,species,SP309,subside_group,SG1,,,
1ea9305e-2a03-4a3d-a625-7d8ef786484b,species,SP31,agw_group,Anatidé  / grèbe,,,
bfc6473a-95ad-498e-b132-dd4e19e57001,species,SP31,class,Aves,,,
4ada3e5e-9f74-45da-b577-1b0273a2d434,species,SP31,creaves_species,Oie rieuse,,,
42aa2b3b-43fc-4168-aa6d-91e5ae6a958b,species,SP31,family,Anatidés,,,
e9fb0691-8e4a-46f8-b14c-7a4440816c9e,species,SP31,native_status,NS1,,,
ced709e0-5f3c-4a24-be51-3e47953c4f56,species,SP31,order,Ansériformes,,,
6be4bb5e-42a1-4213-855e-376ce8167d5d,species,SP31,species,Anser albifrons,,,
8578b183-d59e-41f0-be54-20ec37d0b806,species,SP31,subside_group,SG1,,,
8b5ea813-9f53-4077-84f8-e52d71deeea9,species,SP310,agw_group,Autre oiseau,,,
c67b9898-0bac-462c-a690-a4e47b76456a,species,SP310,class,Aves,,,
1697cf4b-8949-4102-9462-829000448695,species,SP310,creaves_species,Traquet oreillard,,,
9f3698f3-3876-401d-8b11-26083f9c37dd,species,SP310,family,Muscicapidés,,,
81bb1b49-3d5d-4c13-a679-7f2c10207942,species,SP310,native_status,NS1,,,
e4c63940-6747-4216-a912-db70f874c79f,species,SP310,order,Passériformes,,,
8d0495f2-123d-47d5-b769-00d2e95bce21,species,SP310,species,Oenanthe hispanica,,,
ed6f96fa-d437-4a3e-b2f0-29f99a027c93,species,SP310,subside_group,SG2,,,
117afa4f-d385-400b-bec1-c3442aa54d56,species,SP311,agw_group,Autre oiseau,,,
516a14a9-c433-48b7-91ae-7bbcd28d6547,species,SP311,class,Aves,,,
35e67c0f-ec52-4256-ad18-1f8a20460bb6,species,SP311,creaves_species,Traquet motteux,,,
44950389-3cde-472f-90f7-dc19eb010204,species,SP311,family,Muscicapidés,,,
12c84978-f339-4309-9d5c-07eeee2191b3,species,SP311,native_status,NS1,,,
b95fefc1-dc0f-4137-9677-77edba1d3d49,species,SP311,order,Passériformes,,,
2df01ac7-d769-411d-825e-c7305e519db2,species,SP311,species,Oenanthe oenanthe,,,
f4968d51-9661-49f8-8330-8e54a6e8f2d6,species,SP311,subside_group,SG2,,,
e42b64b0-7220-4c15-bf8e-d0b0659b58b4,species,SP312,agw_group,Autre oiseau,,,
4f07f7b5-850d-4ded-b9b9-748800cded20,species,SP312,class,Aves,,,
e5b6be71-8924-4d89-920b-617880f0aee7,species,SP312,creaves_species,Oisillon,,,
eb649db2-fbae-40b6-a638-664339c0454f,species,SP312,family,oisillon,,,
4da60022-86bc-417a-b348-09549b7c0c46,species,SP312,native_status,NS1,,,
0864c967-20df-41b5-b869-4d6704cb6d0c,species,SP312,order,oisillon,,,
6135df8e-f6e4-4c49-a550-037f32a0f301,species,SP312,species,Oisillon,,,
2153c938-904a-4c61-b6ce-e456f2a9180f,species,SP312,subside_group,SG2,,,
b8844f3e-2de3-43ab-b57a-9edfe74c7ca8,species,SP313,agw_group,Mammifère taille moyenne,,,
d018f26e-ac11-4b93-9c01-49c26c0f6a0e,species,SP313,class,Mammalia,,,
c9615ef8-0796-42ec-b988-130aeb257d37,species,SP313,creaves_species,Rat musqué,,,
ed78cfdb-7e36-4127-a414-33ff7fb0c604,species,SP313,family,Cricétidés,,,
244c8a01-cbee-40e8-a04d-63bd95f5813e,species,SP313,native_status,NS3,,,
33ee3c82-d9d8-4927-b8e0-ebb5ed3a4b5a,species,SP313,order,Muroidea,,,
7d4c48ad-42d0-4bb9-b773-8aac22680bcc,species,SP313,species,Ondatra zibethicus,,,
e47336da-73db-458e-864b-e9d6fe5ac676,species,SP313,subside_group,SG3,,,
e35f629f-53b6-47b8-9880-cf572a2057cf,species,SP314,agw_group,Autre oiseau,,,
a657a3aa-93c7-419f-a6af-d2f3f240932c,species,SP314,class,Aves,,,
b75110a7-9b48-4ae4-aef4-0c4b91bce305,species,SP314,creaves_species,Loriot d'Europe,,,
b093b70f-0169-4e48-8b57-43f5120d9afb,species,SP314,family,Oriolidés,,,
1a376df7-5618-4db0-937f-50f4988a5703,species,SP314,native_status,NS1,,,
ad2533cb-c4b6-4c0e-b2bf-7047b90a5d05,species,SP314,order,Passériformes,,,
163abe68-c51f-463f-ab36-471f6e99d52a,species,SP314,species,Oriolus oriolus,,,
4f1b5574-ca3d-4abf-9c93-1c17ec087427,species,SP314,subside_group,SG2,,,
8c769ef2-e15e-467c-8a2e-a167dd1345f7,species,SP315,agw_group,Mammifère taille moyenne,,,
05535cdf-26ce-4c81-bf00-148fb6a3c55b,species,SP315,class,Mammalia,,,
63b763ea-b9cd-49ad-b81c-2ed1e2db3c2b,species,SP315,creaves_species,Lapin de Garenne,,,
3be52fb3-60f5-4d0e-afd2-011e2b2ed1dd,species,SP315,family,Léporidés,,,
8f7a2f9d-7d3b-468b-a520-4d9832f2102d,species,SP315,native_status,NS1,,,
9ffbe118-8f7e-4c03-8e6c-7f9f4c1716d7,species,SP315,order,Lagomorpha,,,
15586414-b226-462c-8547-e197881cb121,species,SP315,species,Oryctolagus cuniculus,,,
05ee403d-d3f6-4cdb-a73d-13d37029c044,species,SP315,subside_group,SG3,,,
45c74f92-7dac-4967-8b36-6f7908542ada,species,SP316,agw_group,Domestique,,,
f2038045-81c5-490a-a5b9-479d1952c407,species,SP316,class,Mammalia,,,
39a7675d-d012-48cd-b068-9b4acdeeb208,species,SP316,creaves_species,Lapin domestique,,,
c07ebc37-8c27-43ec-8af4-bed71197b7d1,species,SP316,family,Léporidés,,,
d15d9f95-f46a-4f0a-b5ec-44629195e7ca,species,SP316,native_status,NS4,,,
99898925-fb0f-4d4f-b3e6-ad6aca6c25f1,species,SP316,order,Lagomorpha,,,
118c9184-bb0f-48bf-b738-4300d0d6ae64,species,SP316,species,Oryctolagus cuniculus domesticus,,,
116cb785-4b8d-4b00-a716-97538231b885,species,SP316,subside_group,SG4,,,
b0b4188c-a5ab-43aa-981d-b65399b25e89,species,SP317,agw_group,Autre oiseau,,,
2aed6f19-6a22-4cfd-9d2e-23abc75e647c,species,SP317,class,Aves,,,
66a13153-cae5-4583-9ada-9ea5b55bb3ab,species,SP317,creaves_species,Outarde barbue,,,
79812a07-d9e4-435f-80eb-7edf83f47cab,species,SP317,family,Otididés,,,
12413db9-d4ff-4bee-89cd-7bb47470cbe6,species,SP317,native_status,NS1,,,
d6a487d7-e30f-4776-b584-9d9455ef2748,species,SP317,order,Otidiformes,,,
fa88a240-1e71-4571-af47-02bfd4ac1be2,species,SP317,species,Otis tarda,,,
f37d82ff-e220-4f1e-9a66-3a85c92fac84,species,SP317,subside_group,SG1,,,
e7509069-e96b-4802-a924-307d3fdea44c,species,SP318,agw_group,Rapace,,,
806ba1e2-f51b-4b14-84dc-738198fd2481,species,SP318,class,Aves,,,
f9f27e5f-e8b5-4949-8d38-89391f110472,species,SP318,creaves_species,Petit-duc scops,,,
bcb1449b-9f23-4b31-83a9-ce7fbd0529df,species,SP318,family,Strigidés,,,
9e32e7e2-7dcf-4fe7-ae14-350db29d7335,species,SP318,native_status,NS1,,,
b9e598f7-805a-414c-a877-96752289768e,species,SP318,order,Strigiformes,,,
e4810f5e-cfc2-4eeb-bb8e-1be78a728b18,species,SP318,species,Otus scops,,,
f8002018-dcb2-4fab-9162-7034d8198978,species,SP318,subside_group,SG1,,,
21abcc1d-e1cb-4fcf-8e27-661e28927255,species,SP319,agw_group,Ongulé,,,
6b30cd62-2f90-45e5-a655-ac389269a0cf,species,SP319,class,Mammalia,,,
633d8f17-59c1-4392-9cd1-dd4396107f73,species,SP319,creaves_species,Mouflon x Mouton domestique,,,
cbfb4596-4567-4990-bf0f-2e9c13aaa1d5,species,SP319,family,Bovidée,,,
e70dd8ca-85da-409a-8bd1-ef1a53fbc439,species,SP319,native_status,NS2,,,
999674ca-d263-46cd-b77f-2811b690dbcd,species,SP319,order,Artiodactyla,,,
eeaba09a-c60b-45f1-b918-915cb7a77733,species,SP319,species,Ovis gmelini musimon x Ovis sp.,,,
892c2057-8b18-407a-bb26-1113ec5ff241,species,SP319,subside_group,SG3,,,
52e2316f-0a45-4a19-ac0c-4591b2d35fda,species,SP32,agw_group,Anatidé  / grèbe,,,
f3705092-9af2-476e-9089-087778ae8796,species,SP32,class,Aves,,,
015f50b5-820f-46cf-a71f-99d77ef1046d,species,SP32,creaves_species,Oie cendrée,,,
f5856b93-1a84-45a2-a21b-043f78814c32,species,SP32,family,Anatidés,,,
ad7bbc3a-f867-4bf9-8ea6-91437a670789,species,SP32,native_status,NS1,,,
9a2f4558-5a17-4a1b-8d58-44edee589e17,species,SP32,order,Ansériformes,,,
4edca5a2-ddca-4957-a579-2f662993070e,species,SP32,species,Anser anser,,,
b9aab3fa-6b52-4716-baf8-014bde58acea,species,SP32,subside_group,SG1,,,
ce492716-dc6e-4f75-802c-43f984792f77,species,SP320,agw_group,Anatidé  / grèbe,,,
02a7d034-b5de-4981-a822-7f08ac6f9daf,species,SP320,class,Aves,,,
bcf4fc83-e9d3-4044-ad3a-feb61e1f95ad,species,SP320,creaves_species,Erismature rousse,,,
83dc45b9-96cc-44d3-84b9-b73a3c974c8b,species,SP320,family,Anatidés,,,
b2bee758-cadd-4e2b-a8d5-2785b2e54f2d,species,SP320,native_status,NS3,,,
0f2c65ac-eb1d-4566-8a99-351c4ea07f28,species,SP320,order,Ansériformes,,,
981f5575-2412-4542-9b7e-1a48e22dbb4a,species,SP320,species,Oxyura jamaicensis,,,
f440c0cc-c150-45f9-b7c9-1f11bf6f464e,species,SP320,subside_group,SG1,,,
9b809290-1f90-4222-899c-1dde149bbe3d,species,SP321,agw_group,Anatidé  / grèbe,,,
0ecb16f6-64ae-4f77-8ff3-ab1367f18ea7,species,SP321,class,Aves,,,
3788a048-feed-497f-a542-0a27044585fa,species,SP321,creaves_species,Erismature à tête blanche,,,
31dcf64e-4082-48c6-8c32-910411fc0c20,species,SP321,family,Anatidés,,,
d4d2f24b-07e7-40af-828e-7e5947d90f9f,species,SP321,native_status,NS1,,,
02682eb9-da38-4876-9a37-89e5f37c1c4c,species,SP321,order,Ansériformes,,,
fad41e13-b567-484e-a398-9f554a1a8a0d,species,SP321,species,Oxyura leucocephala,,,
94f3455c-62b0-4a65-b473-51647033592e,species,SP321,subside_group,SG1,,,
2bd19ae1-c4b8-436e-a046-503fe403b667,species,SP322,agw_group,Rapace,,,
9586a834-2baa-4485-b2ed-8ac23e99480f,species,SP322,class,Aves,,,
5b189c0e-3daf-4fca-8de2-cd7aa2809b90,species,SP322,creaves_species,Balbuzard pêcheur,,,
1c19a158-5ae5-4b3e-afda-de1cae9bacea,species,SP322,family,Pandionidés,,,
6bec8691-c7ed-42c4-89ce-ea95d91f7986,species,SP322,native_status,NS1,,,
1e3f1ed8-44a9-4b00-8f2a-d2543abe3c90,species,SP322,order,Accipitriformes,,,
4759334c-9174-4ade-88a9-8a2de502bedb,species,SP322,species,Pandion haliaetus,,,
30fe4e16-ade8-4634-b646-b1be0dea5f03,species,SP322,subside_group,SG1,,,
06cefc86-0774-4c5e-b526-330de35e232b,species,SP323,agw_group,Autre oiseau,,,
c6758a66-c6e4-48c3-889d-1387ef61aa94,species,SP323,class,Aves,,,
7a3f1b9c-0cee-48e8-a491-3a98e1c9536c,species,SP323,creaves_species,Panure à moustaches,,,
c6d1caea-6d7e-4c32-b43d-46812729f2a9,species,SP323,family,Panuridés,,,
b2ed0a13-df6c-438e-92a0-e3f844a9f6ba,species,SP323,native_status,NS1,,,
76e51af6-20a7-4400-9b89-719ac24ec729,species,SP323,order,Passériformes,,,
624336d5-2873-4864-a40f-b5220a11ee5e,species,SP323,species,Panurus biarmicus,,,
538a6376-7f00-4ed3-a8bb-422e581ae5e4,species,SP323,subside_group,SG2,,,
b5b332f0-4f79-4b9d-b6c4-c63c429c2c5e,species,SP324,agw_group,Rapace,,,
5f8a5532-9fbb-4444-a3f2-bb72a49ce77e,species,SP324,class,Aves,,,
c9cc9294-1d1a-487a-8eae-0568fd443f7c,species,SP324,creaves_species,Buse de harris,,,
030a0c08-103e-445a-b60b-a543f6729d51,species,SP324,family,Accipitridés,,,
946b00a9-930b-48d6-9ab0-fba26604e933,species,SP324,native_status,NS5,,,
3fa426e1-45a6-4ebd-8829-2af126c0c81b,species,SP324,order,Accipitriformes,,,
a13dfd2e-980f-4b33-bde6-cb0d4f31c9b0,species,SP324,species,Parabuteo unicinctus,,,
ff070e58-d60f-4398-b7cb-e259219ad410,species,SP324,subside_group,SG4,,,
f8f75580-4136-415d-b32e-142de5ead65d,species,SP325,agw_group,Autre oiseau,,,
8d055beb-2d3d-47e0-a88c-d0ddabb72616,species,SP325,class,Aves,,,
e930eb48-61d3-4d13-a8b4-9a97cbfe0c36,species,SP325,creaves_species,Mésange noire,,,
99b0dfe4-ecda-46e1-90dd-e182c4610c23,species,SP325,family,Paridés,,,
059e15c1-4d95-47de-8507-ff30bd3b06f0,species,SP325,native_status,NS1,,,
e275eca3-f7a3-48b1-9a7d-7fbb020a9782,species,SP325,order,Passériformes,,,
96851e15-bab5-437a-852e-e72bb550bf44,species,SP325,species,Parus ater,,,
c181b0fd-61ee-4eee-a96a-0f3866a90781,species,SP325,subside_group,SG2,,,
98fa47bb-e423-48c0-b049-75c526cb21d5,species,SP326,agw_group,Autre oiseau,,,
2f4e88ab-affd-4292-95c1-716dd3a73a5e,species,SP326,class,Aves,,,
156bd9fa-0509-4807-b88d-492af619b01e,species,SP326,creaves_species,Mésange bleue,,,
6e22d7b0-a8ad-4e46-b2e6-d2e558ddda87,species,SP326,family,Paridés,,,
59cc64b3-65c5-4033-aa3f-cdeec9fbc158,species,SP326,native_status,NS1,,,
bf4f8e14-e094-40b3-b8ec-a60ef5af052d,species,SP326,order,Passériformes,,,
0af93509-c766-43ed-af6a-08ae592db849,species,SP326,species,Parus caeruleus,,,
eedce28f-e621-423d-9a3a-78eb941d8bef,species,SP326,subside_group,SG2,,,
75658180-ebdd-4758-a8c9-51d1485e797f,species,SP327,agw_group,Autre oiseau,,,
11927bb0-0032-4c9b-87ba-b1b16adcb35a,species,SP327,class,Aves,,,
aa840565-05eb-48b9-93f4-a336cdc4ac49,species,SP327,creaves_species,Mésange huppée,,,
181262cc-74df-4d1c-a229-42d62ba7df8a,species,SP327,family,Paridés,,,
181c4cab-2abe-441b-9c78-3171743cff5a,species,SP327,native_status,NS1,,,
653d9934-66d4-4bd0-b71d-1d1df8dd3610,species,SP327,order,Passériformes,,,
b760e165-9c2b-4851-8ffb-d0c11d7d370d,species,SP327,species,Parus cristatus,,,
b0c72dce-3977-4e89-8f2d-a278f6f91558,species,SP327,subside_group,SG2,,,
80edb622-49be-4c29-9e32-19b097c01b94,species,SP328,agw_group,Autre oiseau,,,
f13ab6f6-473e-4a8b-86cd-f3cee809989a,species,SP328,class,Aves,,,
9078714b-7f5b-4534-93a9-f6fd5feaf85f,species,SP328,creaves_species,Mésange charbonnière,,,
b5c9d283-09e3-4634-8a6d-712456992f55,species,SP328,family,Paridés,,,
0e14ed40-202e-46f4-adcd-d1c1ca6be788,species,SP328,native_status,NS1,,,
a02efec7-cdd4-49d0-b3d1-af6a9a6ce29d,species,SP328,order,Passériformes,,,
71c0eb0f-3c0a-4991-939c-11c0fb35dcb4,species,SP328,species,Parus major,,,
20496faa-6763-4699-8659-7c944791e16f,species,SP328,subside_group,SG2,,,
0985594a-47cd-47fd-a27b-90aa0001f8c6,species,SP329,agw_group,Autre oiseau,,,
d5971148-f247-4bca-b092-873573f5d596,species,SP329,class,Aves,,,
0ec2bf07-bb71-456d-aba0-0d63891df15d,species,SP329,creaves_species,Mésange boréale,,,
3e93a0b9-63fc-4cde-8e13-e611664f4376,species,SP329,family,Paridés,,,
6dc615e3-4590-42b8-8733-bdb8ce6c1610,species,SP329,native_status,NS1,,,
59d46466-01c2-4bb4-b78a-3816789cbe33,species,SP329,order,Passériformes,,,
1915ac76-66f6-49d6-bed7-4e33774693fa,species,SP329,species,Parus montanus,,,
a466f9d3-fb85-4446-a9fe-bea6c9b5b27d,species,SP329,subside_group,SG2,,,
2ede9a0b-fb8d-41ec-9246-dcb1dac93616,species,SP33,agw_group,Anatidé  / grèbe,,,
c0c486fa-39c3-4dd2-8a6b-19c12ee69ba0,species,SP33,class,Aves,,,
97fd4690-7bd5-4bbd-a4ca-fdef0d1ca616,species,SP33,creaves_species,Oie à bec court,,,
d2f08866-fd23-4074-9eaf-1458073da8f5,species,SP33,family,Anatidés,,,
11e5afa8-fe7d-444b-83e1-d2cb6fb54611,species,SP33,native_status,NS1,,,
ea6fb24e-3efd-4541-b679-2be378499c95,species,SP33,order,Ansériformes,,,
32342d62-e5c4-4775-a63b-d36a2a74968c,species,SP33,species,Anser brachyrhynchus,,,
d358f19b-1311-48d2-a5e0-9f2f66df0462,species,SP33,subside_group,SG1,,,
bc779df5-b2c2-491e-a56d-80ba152974f2,species,SP330,agw_group,Autre oiseau,,,
f943130e-fd93-41e6-9378-d0307063c363,species,SP330,class,Aves,,,
99eb75a8-6e6c-4ebb-89e0-2fc199286071,species,SP330,creaves_species,Mésange nonnette,,,
2a0a964f-0579-4643-bc73-6595f1dd0ecb,species,SP330,family,Paridés,,,
e2a50ea5-4211-4488-8a90-18f43e3addca,species,SP330,native_status,NS1,,,
0539c7a4-a0f4-4ad5-b801-ab3a2ae0311a,species,SP330,order,Passériformes,,,
2e585ef6-468e-433e-99ce-b9166e60c27d,species,SP330,species,Parus palustris,,,
4418edcf-094c-419e-b8ad-eca5e93166cc,species,SP330,subside_group,SG2,,,
c222a862-5779-4430-b5e1-ee17820a27ec,species,SP331,agw_group,Autre oiseau,,,
838eecd6-4f45-4f86-96a1-7e3163cf2042,species,SP331,class,Aves,,,
9a98b0fb-1e3d-49b5-9575-a31dfb87b4b8,species,SP331,creaves_species,Moineau domestique,,,
fe841959-a7dc-4615-8b7b-9b419cfc094e,species,SP331,family,Passeridés,,,
17dbf12f-268b-4587-ba2d-052670ba95ca,species,SP331,native_status,NS1,,,
d3f74252-4d36-4fca-a881-675f65d60397,species,SP331,order,Passériformes,,,
895ccb6e-7e56-47dd-9776-714de56fe4d7,species,SP331,species,Passer domesticus,,,
3464a964-48c5-4084-b9d0-4c6287f82649,species,SP331,subside_group,SG2,,,
9da17ca4-17b5-459c-bfdd-d3398740adef,species,SP332,agw_group,Autre oiseau,,,
7e5aa689-ee85-4da0-b634-46e428bdfd03,species,SP332,class,Aves,,,
d4ed545a-6120-4a72-aebe-0393063fa74f,species,SP332,creaves_species,Moineau friquet,,,
72ad6288-941a-418a-900e-60b1abc69438,species,SP332,family,Passeridés,,,
edfdb80a-e686-4a19-9958-2b3385737482,species,SP332,native_status,NS1,,,
38519833-b04d-4920-9901-7e6a6891fcaa,species,SP332,order,Passériformes,,,
7217e2d8-4dbc-4b95-b3d4-ce0ad3ee1c70,species,SP332,species,Passer montanus,,,
24a15ff9-76b8-4452-87c4-e1711eef537b,species,SP332,subside_group,SG2,,,
e9c69d80-17e9-4bf0-9fab-a4f77606da37,species,SP333,agw_group,Batracien,,,
f95f823e-c7d6-4470-ba76-188f5fb1e24a,species,SP333,class,Amphibia,,,
20649449-d9b7-4b21-b514-b0e8f747d977,species,SP333,creaves_species,Pélobate brun,,,
78260d6c-93ae-41ad-81fe-83cca58bc373,species,SP333,family,Pelobatidae,,,
a8c57330-0e13-44bc-8d9a-6ab3cd4373b8,species,SP333,native_status,NS1,,,
fab57bbe-d9e3-49ba-9517-7dab6caae5c6,species,SP333,order,Anura,,,
d87c653c-fbca-46f4-92d4-929061d868c5,species,SP333,species,Pelobates fuscus,,,
3ce57dd7-c448-4b33-aba3-bc264a8d33ab,species,SP333,subside_group,SG2,,,
1433f879-8378-4a19-8d4a-31c6d4a28b93,species,SP334,agw_group,Batracien,,,
4b7d1340-6a7b-4b65-84a1-1a6f32c5d7d6,species,SP334,class,Amphibia,,,
4e449a72-1342-4a78-aa04-f296687bf0cf,species,SP334,creaves_species,Grenouille verte,,,
70b0ab2f-b251-4a3f-9810-00908c8241a2,species,SP334,family,Ranidae,,,
61219b6e-daa2-4068-9545-e96a4743d584,species,SP334,native_status,NS1,,,
1755fd75-877e-41d0-aea9-f19ee292190c,species,SP334,order,Anura,,,
c1c88a8d-ce3c-49ad-982f-9d5f3ace5dca,species,SP334,species,Pelophylax kl. esculentus,,,
2170f230-8517-4691-ab61-b5b1af939050,species,SP334,subside_group,SG2,,,
f60960a8-3f0b-40d3-8b54-833969f09afc,species,SP335,agw_group,Batracien,,,
80f02ac3-f6bf-4ea3-a04f-7de0403b1268,species,SP335,class,Amphibia,,,
eed78c40-bc58-4b09-ab4c-9b72f2bbdfd6,species,SP335,creaves_species,Grenouille de Lessona,,,
a4ee978a-224f-467e-82e0-cbf8426ec5b2,species,SP335,family,Ranidae,,,
16c54c3f-6c70-4f3c-b365-288ad2df1d84,species,SP335,native_status,NS1,,,
64059b1b-cde9-4e5c-9301-0fdf199a98a6,species,SP335,order,Anura,,,
3985f736-c2c0-4f2c-aaa8-8c12d76f05da,species,SP335,species,Pelophylax lessonae,,,
811c09f4-1409-494e-8d3a-b34b83ac1e30,species,SP335,subside_group,SG2,,,
b7c7e46b-afed-42dc-8a01-88fd374556f6,species,SP336,agw_group,Batracien,,,
5453d28f-1f79-4c63-9f4d-db1d94f2c2e2,species,SP336,class,Amphibia,,,
f2236ee2-17b2-41bb-bc80-d260c4ecf4af,species,SP336,creaves_species,Grenouille rieuse,,,
b9b8b033-f6da-475e-8562-8bacb744f8f0,species,SP336,family,Ranidae,,,
f5ada6a0-4754-4b1a-b0d7-61b7a8fa9e9f,species,SP336,native_status,NS1,,,
78a81d96-9e7d-48d3-8eb2-2667d9b02d6f,species,SP336,order,Anura,,,
0a59bff5-aa75-4a12-a000-254290435f39,species,SP336,species,Pelophylax ridibundus,,,
1109895c-ed9e-4a9d-90ac-bc35a0a328dc,species,SP336,subside_group,SG2,,,
ae8b0ca5-68ce-4429-ad8e-b952c093ef06,species,SP337,agw_group,Autre oiseau,,,
a257666c-fd3f-42e2-a105-de58be772fa3,species,SP337,class,Aves,,,
20b69d2f-3953-4052-90f4-b350719b1339,species,SP337,creaves_species,Perdrix grise,,,
f50e53f7-5301-40ba-b2af-8136eeeec8b5,species,SP337,family,Phasianidés,,,
a4e047a7-39c6-4219-9d2f-6a0d59270cab,species,SP337,native_status,NS1,,,
9e7e01c1-770d-4087-a353-0627719de995,species,SP337,order,Galliformes,,,
841fa6e5-74c2-4e6b-b2c5-b68e8b3f014b,species,SP337,species,Perdix perdix,,,
95fa7734-725c-41d6-a324-5f5e0e6107db,species,SP337,subside_group,SG2,,,
695f2238-2323-43c6-bf30-95113b4c4c57,species,SP338,agw_group,Rapace,,,
b4351f65-261b-445d-bcd5-fc3492193030,species,SP338,class,Aves,,,
09bf7fe2-a5a0-4b88-a56d-471071175df0,species,SP338,creaves_species,Bondrée apivore,,,
2d5fa340-4bfa-4497-9bb7-956295c0b3f4,species,SP338,family,Accipitridés,,,
636bfa17-0a19-43c5-8d4c-a9846ae68eb8,species,SP338,native_status,NS1,,,
a0ae8bc3-db7b-4a87-ae58-2862fdefbab7,species,SP338,order,Accipitriformes,,,
4be70f6a-3839-4da3-9fd2-f613f371cc33,species,SP338,species,Pernis apivorus,,,
c1a09141-6520-4247-9186-95049e71e5ff,species,SP338,subside_group,SG1,,,
9c6aabe6-513f-4c8d-b14d-152aa427069a,species,SP339,agw_group,Autre oiseau,,,
ea0304cd-6ad9-4a0b-b5a5-90bd6514a4bf,species,SP339,class,Aves,,,
ead31a49-d296-4f9b-be9d-017043bd493d,species,SP339,creaves_species,Moineau soulcie,,,
a68fd0d1-20b5-4436-b261-b28dd5b81b37,species,SP339,family,Passeridés,,,
f2af0dfe-6ce0-4554-8fb1-320c7a214748,species,SP339,native_status,NS1,,,
ba3bbb0f-e5c2-43f4-be75-04c5b543c147,species,SP339,order,Passériformes,,,
02911b82-0783-4d27-8b2b-9ffbc217dd0b,species,SP339,species,Petronia petronia,,,
21270988-ff14-4fb5-b929-d9e89eb1a3c1,species,SP339,subside_group,SG2,,,
f80d72bc-b509-4f3a-a4c0-67ab411e50c7,species,SP34,agw_group,Anatidé  / grèbe,,,
017c3114-5481-441c-b20a-b18b35506488,species,SP34,class,Aves,,,
6703c712-bc0f-43b4-9bb9-09c0e5862ccf,species,SP34,creaves_species,Oie des moissons,,,
bab128b9-04f3-4a35-84c3-c5c081b38ffa,species,SP34,family,Anatidés,,,
b51ff41a-b16f-43b4-9546-3988cbcc17c8,species,SP34,native_status,NS1,,,
529ad5aa-083a-4de2-ad23-7914a9ad5ff1,species,SP34,order,Ansériformes,,,
4ff8d455-b5c2-4d52-add9-53216b4afe09,species,SP34,species,Anser fabalis,,,
5c3f4262-37ee-49e6-8a4b-72d1fce2c211,species,SP34,subside_group,SG1,,,
3840e77b-956b-4242-a464-78745608f0e4,species,SP340,agw_group,Autre oiseau d'eau,,,
2a80f8b3-2ad7-491a-9c01-562bcdebda69,species,SP340,class,Aves,,,
b75e6702-3a35-4f85-8245-c4724ab7465c,species,SP340,creaves_species,Cormoran huppé,,,
f006e7d8-d139-4de4-8b2a-8d395c8f6386,species,SP340,family,Phalacrocoracidés,,,
0d07ff64-9714-496d-a60b-91ab5b625413,species,SP340,native_status,NS1,,,
d82a7c1d-8ee5-46af-9b6d-c7e38cbd6783,species,SP340,order,Suliformes,,,
ee454948-0b59-4cc2-a05b-9d26d9f5d68f,species,SP340,species,Phalacrocorax aristotelis,,,
1d3e147c-130f-4131-8a33-147c73daa3ac,species,SP340,subside_group,SG1,,,
203401aa-8d75-429c-8d92-a2e1da25a109,species,SP341,agw_group,Autre oiseau d'eau,,,
6941e84f-d35c-4d29-94c4-8e7ece1cc289,species,SP341,class,Aves,,,
cf504b92-9468-444a-bc1d-757a893f4638,species,SP341,creaves_species,Grand Cormoran,,,
5bf5f5f4-ad6b-4ad7-86f3-135595464bec,species,SP341,family,Phalacrocoracidés,,,
3b504b08-1531-4ee0-be57-3b054bc74647,species,SP341,native_status,NS1,,,
406ed20a-c70a-401d-b18a-8475b307b724,species,SP341,order,Suliformes,,,
4f53e708-80fa-468a-ba59-e14aa0cb7390,species,SP341,species,Phalacrocorax carbo,,,
348b61a4-0132-4779-9895-22cba9eb370b,species,SP341,subside_group,SG1,,,
b94bb79c-745a-4586-a16d-28017da598b0,species,SP342,agw_group,Limicole,,,
2c88070f-107e-4bc3-b132-c7039f7d28d6,species,SP342,class,Aves,,,
95c4de91-36f6-4dbd-b209-653d53d91176,species,SP342,creaves_species,Phalarope à bec large,,,
cef16d95-4572-434e-a8ae-a0e253dcefbc,species,SP342,family,Scolopacidés,,,
6e0d3f5e-c812-4613-8046-1ff02a0f8a41,species,SP342,native_status,NS1,,,
c8bf7267-6c36-41fc-8d31-4021d6277ae8,species,SP342,order,Charadriiformes,,,
1d4c9a58-e0e4-4748-b00d-e6199987f80c,species,SP342,species,Phalaropus fulicarius,,,
cb598fe1-8333-4e72-821e-de341976e56e,species,SP342,subside_group,SG1,,,
286827f3-ea0e-4116-8b12-237213f7ed0b,species,SP343,agw_group,Limicole,,,
4dfbfd54-2aca-4be7-a0f5-c062289f9e83,species,SP343,class,Aves,,,
dbbd4360-a185-4c8f-acaf-17e1f528e42c,species,SP343,creaves_species,Phalarope à bec étroit,,,
f55e3d2b-5bd0-4100-9343-e2085da67819,species,SP343,family,Scolopacidés,,,
1a4d0e4b-1a3e-4e22-aef7-2e514bf707fd,species,SP343,native_status,NS1,,,
90aa88ef-83b2-4e29-ae6d-f7aea412151d,species,SP343,order,Charadriiformes,,,
8c0cbafd-e834-484c-a50a-5db0452b1bd4,species,SP343,species,Phalaropus lobatus,,,
a87b899c-bc80-4bff-bc2f-4b753b05596d,species,SP343,subside_group,SG1,,,
d21ad375-ecfc-4f58-9620-65ccc0cda9fc,species,SP344,agw_group,Autre oiseau,,,
208db5af-7ca4-4fd1-b01a-54fadb3d5a9f,species,SP344,class,Aves,,,
109790d0-aece-4c6f-8c83-8b382c46c9ff,species,SP344,creaves_species,Faisan de Colchide,,,
29d85a77-1084-4b3b-b008-1260a1897d8a,species,SP344,family,Phasianidés,,,
ed7a18ca-9db1-4a2b-8684-9bf9839304ad,species,SP344,native_status,NS1,,,
b316da17-011e-4720-ad55-f4553ef86870,species,SP344,order,Galliformes,,,
c47e27e5-1e7d-4147-ade9-16df9e1e8512,species,SP344,species,Phasianus colchicus,,,
1cf40e62-43c5-41df-80bd-27dc115c53a1,species,SP344,subside_group,SG2,,,
67294a82-5897-427a-bfc8-4b9d9f0e4dbc,species,SP345,agw_group,Limicole,,,
ca43a380-096f-4797-9cdb-a9b84730a8ef,species,SP345,class,Aves,,,
e83bddc2-0876-449b-a6ca-6296c4c97499,species,SP345,creaves_species,Combattant varié,,,
c937126c-89b0-4533-be69-9a8789dd3f46,species,SP345,family,Scolopacidés,,,
4a1c0d54-031f-4734-9b81-f6ad0d596c08,species,SP345,native_status,NS1,,,
d0ebc226-9fdb-42b4-9498-0bbf22677e33,species,SP345,order,Charadriiformes,,,
814d3660-ac29-453f-84a6-6a91e0400696,species,SP345,species,Philomachus pugnax,,,
b15cb613-02be-4094-b8b2-d415544a26e5,species,SP345,subside_group,SG1,,,
cfc080f6-c30f-4535-9691-e5cdf2be8988,species,SP346,agw_group,Autre oiseau,,,
418c0e6f-cab6-4b8e-b108-a28e08a43d0d,species,SP346,class,Aves,,,
dd8ab066-7c63-4703-9ac4-e28e9998085b,species,SP346,creaves_species,Rougequeue noir,,,
37076bea-67da-4033-ac4f-24c0e3e75cfb,species,SP346,family,Muscicapidés,,,
3d117ef7-91f6-4514-9d8e-e53f74008418,species,SP346,native_status,NS1,,,
df069f6e-1115-453f-80cb-dadcfc7544b7,species,SP346,order,Passériformes,,,
120401d9-3e9a-4643-8786-fff522d7381f,species,SP346,species,Phoenicurus ochruros,,,
ac30c9b0-75ab-475f-aa1d-56e643fe751c,species,SP346,subside_group,SG2,,,
c3a78bf2-5553-43a2-86fb-74d32b555199,species,SP347,agw_group,Autre oiseau,,,
ce6269a0-7e0f-49d1-ba0d-470cdb188f34,species,SP347,class,Aves,,,
5ca709fa-a356-4fe7-944e-57f94d8174f2,species,SP347,creaves_species,Rougequeue à front blanc,,,
a4d88ec5-49af-4c4f-83a4-9887c5e12f00,species,SP347,family,Muscicapidés,,,
5a355a34-6a41-4aa3-be40-9602eee5d74a,species,SP347,native_status,NS1,,,
b855831a-52fe-4a5c-813f-f37fdf0ed85f,species,SP347,order,Passériformes,,,
71fd4984-2573-4ae1-90ae-4f396f67b81d,species,SP347,species,Phoenicurus phoenicurus,,,
a7859d94-64f9-41bb-8858-946a9f55e4c7,species,SP347,subside_group,SG2,,,
7b07e3c3-3424-470b-b72c-1af91494ece0,species,SP348,agw_group,Autre oiseau,,,
77bbc8f2-734d-43b6-994f-8fc853a5b0e7,species,SP348,class,Aves,,,
c6351b13-dfe8-43da-ac76-afebaa7ebfc2,species,SP348,creaves_species,Pouillot de Bonelli,,,
6a27aa94-000c-4115-8d13-b48139acc6da,species,SP348,family,Phylloscopidés,,,
17f2d6bf-b240-4762-9115-be1d208dec39,species,SP348,native_status,NS1,,,
a0ea829f-593d-4685-9146-9857673d611f,species,SP348,order,Passériformes,,,
60117ce6-9a22-44c1-9ffd-e39a2cd93670,species,SP348,species,Phylloscopus bonelli,,,
0bf953b7-c6b3-4bf7-8f24-49e57965bc27,species,SP348,subside_group,SG2,,,
abe953f0-5c83-465d-8581-ca819ff660be,species,SP349,agw_group,Autre oiseau,,,
35c46056-fd7e-44bc-9ef0-0a357c57c944,species,SP349,class,Aves,,,
dbd756c3-027a-4176-85dd-4fe052b3c3b2,species,SP349,creaves_species,Pouillot véloce,,,
2de2792b-4607-4732-8253-b703d40e6314,species,SP349,family,Phylloscopidés,,,
ea7afb28-bead-4c88-a8bf-80bd9ce62c6b,species,SP349,native_status,NS1,,,
3bffcb9c-a807-4c26-9467-03b6fd1d2602,species,SP349,order,Passériformes,,,
53ecddf2-d635-4d19-bf48-653bfd6b1c9a,species,SP349,species,Phylloscopus collybita,,,
a7d44265-73b9-4f01-a235-0b9680069321,species,SP349,subside_group,SG2,,,
03e4c66f-192d-46e0-8c0e-846ea2c1347c,species,SP35,agw_group,Autre oiseau,,,
58fc7861-238f-4ec7-b3b8-13facf6f1110,species,SP35,class,Aves,,,
73a03a28-42d5-4685-a406-a53c5a59fbf8,species,SP35,creaves_species,Pipit rousseline,,,
2b541c72-9671-4100-ad2f-720ab47c2d61,species,SP35,family,Motacillidés,,,
678cc4de-595e-447f-aa0d-716b9794cd69,species,SP35,native_status,NS1,,,
0eb58c05-ac9a-4f0a-a8c4-3a62ad2356c4,species,SP35,order,Passériformes,,,
5c734adf-c6a0-4e11-a3ad-5092c4333780,species,SP35,species,Anthus campestris,,,
032592fa-5674-4447-a3ab-ede9e3c97486,species,SP35,subside_group,SG2,,,
c87bf5b0-4210-4e8e-b8f7-1da71411aa9c,species,SP350,agw_group,Autre oiseau,,,
7a623a62-7905-4a6e-a8fa-c2936d05db82,species,SP350,class,Aves,,,
048a22bd-2c11-4a17-b12f-df98ce554182,species,SP350,creaves_species,Pouillot à grands sourcils,,,
89953816-6d40-4dba-8810-65f4e31e98bf,species,SP350,family,Phylloscopidés,,,
3033cb14-de29-47e1-94d7-6808f754a38b,species,SP350,native_status,NS1,,,
b09d7f35-93a7-4547-9109-644c5506be1e,species,SP350,order,Passériformes,,,
d5dee834-0c2d-4e8a-a5c2-915a3d0dea92,species,SP350,species,Phylloscopus inornatus,,,
7b9c7f96-8ed9-475c-a68e-8d7cc9865c8c,species,SP350,subside_group,SG2,,,
5492ad71-e659-4913-a1ad-d35ba244349b,species,SP351,agw_group,Autre oiseau,,,
9c12f07a-0f6f-415c-bf58-f52736f01e11,species,SP351,class,Aves,,,
db6243dc-dbc0-49ca-bc90-5780f4fe922e,species,SP351,creaves_species,Pouillot de Pallas,,,
a34e4a24-c5b4-4439-81c1-34541406962e,species,SP351,family,Phylloscopidés,,,
01e793c0-7193-4460-b9f6-da382f7cc5e3,species,SP351,native_status,NS1,,,
f0512243-269e-448c-baba-f26434fbfe57,species,SP351,order,Passériformes,,,
fa39afba-f567-4ac6-b520-ba732f5f7aaf,species,SP351,species,Phylloscopus proregulus,,,
760ca2d9-dd59-4d71-845a-1309b517f66a,species,SP351,subside_group,SG2,,,
a1399836-5ef4-408f-9dc6-70301bb1f156,species,SP352,agw_group,Autre oiseau,,,
cb1e3f16-d348-4da2-b821-2c646da488d7,species,SP352,class,Aves,,,
646f67c1-a5ac-4023-94e2-7886d8d3d56f,species,SP352,creaves_species,Pouillot de Schwarz,,,
52e84916-4d53-4ffe-9038-c4bb2ded7b21,species,SP352,family,Phylloscopidés,,,
be965e08-e4a5-4b6c-96ca-28b24bae5dd3,species,SP352,native_status,NS1,,,
01cc1aa6-50e0-4525-b51e-b9b4b01bc0b7,species,SP352,order,Passériformes,,,
f0cee5cc-4b14-49c4-a904-fb6ac3bbde5c,species,SP352,species,Phylloscopus schwarzi,,,
654e8704-431d-45e3-9053-08b2dfe9cc90,species,SP352,subside_group,SG2,,,
4bc0dc9f-8203-4f01-9bd1-93ac4ce31774,species,SP353,agw_group,Autre oiseau,,,
56dcbd9e-54e4-49c3-945c-1e758d8a5ecd,species,SP353,class,Aves,,,
d8ebd51a-0fb0-475c-bb8c-329039bc6d3c,species,SP353,creaves_species,Pouillot siffleur,,,
e068119a-eff8-4169-a067-2aaf34d7ce71,species,SP353,family,Phylloscopidés,,,
aa98dec8-47e0-4755-8702-6057b8a6c0b7,species,SP353,native_status,NS1,,,
909caa8c-68a7-4d51-ab7b-064db8e9d8df,species,SP353,order,Passériformes,,,
cfb54814-63c0-4148-a77b-0e2a3f380da4,species,SP353,species,Phylloscopus sibilatrix,,,
e0a03f08-dda1-4cd4-9918-9c087d9d8389,species,SP353,subside_group,SG2,,,
cc737642-865e-41dc-ab94-2a862997887c,species,SP354,agw_group,Autre oiseau,,,
94c676aa-982a-4585-a3d3-128707b60030,species,SP354,class,Aves,,,
ec664fc2-876f-454a-8666-6fcf231fb76a,species,SP354,creaves_species,Pouillot fitis,,,
6f18f865-a7ca-4ac4-83d3-48ed196b7c78,species,SP354,family,Phylloscopidés,,,
0f949e0b-dc8c-4316-8fad-5ed2a3e579c5,species,SP354,native_status,NS1,,,
64f28b98-a74e-415b-836a-87bf546f0296,species,SP354,order,Passériformes,,,
419ef072-ca50-4abf-99a6-4b02556c6ca1,species,SP354,species,Phylloscopus trochilus,,,
a88a0f21-22a2-4e9e-9d8d-a566684c74e8,species,SP354,subside_group,SG2,,,
332209a9-7840-4061-94da-8b8fd8d50482,species,SP355,agw_group,Corvidé,,,
2b50ffc0-9642-43c1-ba7e-3b6890f6eaa9,species,SP355,class,Aves,,,
4eae3ea3-2fcc-4b7c-9e44-ccf300e17dd0,species,SP355,creaves_species,Pie bavarde,,,
4c893e0c-0574-42c1-99e6-42084061b05c,species,SP355,family,Corvidés,,,
e8d859de-f00c-4090-9458-c06050d444c8,species,SP355,native_status,NS1,,,
31f92661-003e-441e-9ba7-2605ad6ab5cc,species,SP355,order,Passériformes,,,
ed08c85c-a88a-46c0-8eac-417dc97eee4a,species,SP355,species,Pica pica,,,
c4b6cf74-3c6b-4cfd-98b0-11aae5a82cd0,species,SP355,subside_group,SG2,,,
0aa8412c-dbee-47bb-bed4-baff826382d5,species,SP356,agw_group,Autre oiseau,,,
b4b16ec4-e1d9-4b2e-ad81-ca1baa1706c8,species,SP356,class,Aves,,,
dc530916-6771-4e45-9359-a642cefb9108,species,SP356,creaves_species,Pic cendré,,,
f20fb91d-ec49-4ca8-a266-aa3d2c011e39,species,SP356,family,Picidés,,,
76359b88-9f62-43a9-a558-f81a3a90fb2a,species,SP356,native_status,NS1,,,
63c6c6c5-3f96-4ecc-8cd9-7f4f39290283,species,SP356,order,Piciformes,,,
05b8a0ff-3601-4cdf-b0b5-31cbde1b7fc7,species,SP356,species,Picus canus,,,
7b2a11e8-36ac-4cef-afd4-4ccd3c2ed782,species,SP356,subside_group,SG2,,,
6966f18f-2059-4621-83a0-6be71697b8cc,species,SP357,agw_group,Autre oiseau,,,
7bdfd177-8a52-41ac-a224-e9fc07b2054e,species,SP357,class,Aves,,,
97c4957b-4442-468c-8054-39521ca2ce43,species,SP357,creaves_species,Pic vert,,,
bd74315a-5ca9-46ba-9cc4-1b4bfbca649e,species,SP357,family,Picidés,,,
69004c37-3883-45dc-ba7a-1797d4a59ec4,species,SP357,native_status,NS1,,,
c8d80209-ae51-402c-9f4d-e09ccaf8fc83,species,SP357,order,Piciformes,,,
ae59a977-e632-400f-b4db-7acdae97bf12,species,SP357,species,Picus viridis,,,
0997c925-f4b5-4828-bee1-eea7e893c5ea,species,SP357,subside_group,SG2,,,
e0446fa7-ae86-4c80-9c7d-f0117e5865db,species,SP358,agw_group,Chauve-souris,,,
602341a6-54a2-431c-aef3-59de174f4703,species,SP358,class,Mammalia,,,
c785e72d-17bd-4556-a73d-9f4085a6390d,species,SP358,creaves_species,Pipistrelle,,,
ca8e4ae0-4042-4c3c-a4d7-4ecd639edd5d,species,SP358,family,Verspertilionidés,,,
eea08eea-78cd-4608-9a68-6a51a4516034,species,SP358,native_status,NS1,,,
4e00d239-d4f5-4844-ad7a-bad250d82fcb,species,SP358,order,Chiroptera,,,
cfb1b517-42c5-4730-bf6e-05746d12f421,species,SP358,species,Pipistrellus kuhlii,,,
9e50bbf0-bdd8-4141-9fe8-a999edf8ba55,species,SP358,subside_group,SG2,,,
24764d74-4cfc-4784-9610-d791a90c22f8,species,SP359,agw_group,Chauve-souris,,,
8048b54b-5b67-4871-b737-9d5606a105ef,species,SP359,class,Mammalia,,,
4021f56c-02e0-4bf4-a01a-adceed129108,species,SP359,creaves_species,Pipistrelle,,,
26e43902-1f8f-4b1b-9ac6-283eaadb1b2d,species,SP359,family,Verspertilionidés,,,
a5d97fc4-996b-4d16-b3c9-34a0bbb3da60,species,SP359,native_status,NS1,,,
5c1f6d5b-9b51-4a65-a45a-e9a22728dc13,species,SP359,order,Chiroptera,,,
3e0cf15f-60e1-4c75-9471-e50ca7347bce,species,SP359,species,Pipistrellus nathusii,,,
860a87cf-1b14-49a2-a98b-219d92fe701e,species,SP359,subside_group,SG2,,,
4dd769c3-0f9f-4ad7-8e24-98b9a8d5ef76,species,SP36,agw_group,Autre oiseau,,,
a8177422-718a-421a-90b5-331243c86bf4,species,SP36,class,Aves,,,
5d74ef99-83ce-4b8c-a7cd-e4252083d00a,species,SP36,creaves_species,Pipit à gorge rousse,,,
7b7a59c4-0dba-49bd-914e-becf8d7bc433,species,SP36,family,Motacillidés,,,
b56476c9-0653-4c79-b6d8-df5feaf6a2b0,species,SP36,native_status,NS1,,,
5003a54a-20ca-4d10-82a5-87ba7d90072d,species,SP36,order,Passériformes,,,
f9a17efd-540a-4f39-85ea-9010c7537b55,species,SP36,species,Anthus cervinus,,,
6e6660f3-fd8e-4be4-a13d-70258cd035cf,species,SP36,subside_group,SG2,,,
6df1422c-1c68-43e3-9b81-3b79f1a49676,species,SP360,agw_group,Chauve-souris,,,
3f41f6be-cacd-4de8-904e-f7a4721fc1ec,species,SP360,class,Mammalia,,,
0388b9cc-d537-45a2-98ec-441d6c542e31,species,SP360,creaves_species,Pipistrelle,,,
202a24c3-cc49-4fc7-9029-faaeb1edb721,species,SP360,family,Verspertilionidés,,,
816356f5-97e1-4112-87ac-f891c7434f71,species,SP360,native_status,NS1,,,
1a82eb31-f218-4b64-8407-63d13c29d78e,species,SP360,order,Chiroptera,,,
7d863822-22f5-4156-b9ee-e5340b927c6d,species,SP360,species,Pipistrellus pipistrellus,,,
2051ebc9-a1fd-442c-85f4-5ceef6f6d5fd,species,SP360,subside_group,SG2,,,
f41659e0-bfc2-4dbd-9b4f-1e7c2671e6d0,species,SP361,agw_group,Chauve-souris,,,
97428877-12ec-43c3-9424-008c6c383197,species,SP361,class,Mammalia,,,
030d57ef-9606-4b1b-b930-cda1ef8a473d,species,SP361,creaves_species,Pipistrelle,,,
c2f84fdb-e0c2-4fc1-90d0-6793ca06893d,species,SP361,family,Verspertilionidés,,,
2851e0b4-625e-4957-b569-faff335c528f,species,SP361,native_status,NS1,,,
d4901616-f336-4eeb-81b0-84131de6a8f7,species,SP361,order,Chiroptera,,,
64f61ab7-c886-41f1-ae23-ce2f6936d660,species,SP361,species,Pipistrellus pygmaeus,,,
47b1c67a-9d44-4579-a74e-093f495fe27f,species,SP361,subside_group,SG2,,,
85c72885-b9b4-4043-b318-95d557dd2acb,species,SP362,agw_group,Grand échassier,,,
073f396f-61d2-4e0f-a6ee-7768ece496d9,species,SP362,class,Aves,,,
8ff56a1f-f2ec-4cd2-b81e-09e0a1cc6291,species,SP362,creaves_species,Spatule blanche,,,
7905cf93-aa43-43a9-aa79-bce8dae452c9,species,SP362,family,Threskiornithidés,,,
1a2161f9-be7f-4c32-a345-e9b64aa1e66b,species,SP362,native_status,NS1,,,
7e4b1b5a-0a17-4ebc-acd3-e547070f9c47,species,SP362,order,Pélécaniformes,,,
9893fe0a-be20-4c5b-987d-4dbfa53170cb,species,SP362,species,Platalea leucorodia,,,
d14f5c8d-dc1b-47d6-90fa-c2a788dc938a,species,SP362,subside_group,SG1,,,
4a61b4d4-8329-4b05-a6c7-35c11419dd7a,species,SP363,agw_group,Chauve-souris,,,
8a1645c5-80f0-4c7a-a7df-48030356da68,species,SP363,class,Mammalia,,,
b70a8da8-1dd5-447d-98cb-ff67e821cfbe,species,SP363,creaves_species,Oreillard roux,,,
142af8fb-7bda-41d2-baee-f8b3b17f6dfb,species,SP363,family,Verspertilionidés,,,
24e614ee-ca51-4107-88ea-0f86c246495a,species,SP363,native_status,NS1,,,
f3324196-6c01-4874-bc20-d3438fc70d5e,species,SP363,order,Chiroptera,,,
6a4a172c-40e7-49ae-aacf-47e6ec6059c3,species,SP363,species,Plecotus auritus,,,
b8902b44-decf-4354-af0a-1a1993fb6c68,species,SP363,subside_group,SG2,,,
3a663fb6-0f00-4aac-8677-acaa23552782,species,SP364,agw_group,Chauve-souris,,,
cac83006-9130-455f-a805-a118c3a55be2,species,SP364,class,Mammalia,,,
478da18a-220d-40de-8726-723e6ecbdad4,species,SP364,creaves_species,Oreillard,,,
cb87c232-e0b7-4861-a730-387ffc1e6e8b,species,SP364,family,Verspertilionidés,,,
06bde9b3-1bfa-4898-abe7-5b33e6f3af37,species,SP364,native_status,NS1,,,
7df0a509-9489-4ef3-bc87-c0562addb2bc,species,SP364,order,Chiroptera,,,
6505f033-d11b-490b-836f-55761c9d1303,species,SP364,species,Plecotus austriacus,,,
6be40534-4e6e-4cdd-b3d6-0e4271229415,species,SP364,subside_group,SG2,,,
30c84351-52fe-4b0d-acdc-b0be8292f7a2,species,SP365,agw_group,Autre oiseau,,,
f7115e91-f3db-4753-88a6-aed8ec819310,species,SP365,class,Aves,,,
e191f246-b1e4-4ae8-bead-903dc88994be,species,SP365,creaves_species,Bruant des neiges,,,
f56d3eb5-0af8-45ee-a186-53de04afd850,species,SP365,family,Emberizidés,,,
27860104-bb5d-42f6-b9ef-9e1e79222061,species,SP365,native_status,NS1,,,
5b2690b1-4f51-4513-948b-e7df9f083b9e,species,SP365,order,Passériformes,,,
425f76b3-1cef-4ff4-b5f9-85963ff248b0,species,SP365,species,Plectrophenax nivalis,,,
6a8845bd-a664-4f3f-aeda-d9fdbf4362df,species,SP365,subside_group,SG2,,,
357a1948-a716-40bc-b734-160d43c50141,species,SP366,agw_group,Grand échassier,,,
51d7af1f-02d0-4b79-bd95-203e80104b08,species,SP366,class,Aves,,,
79f46700-1e80-47d8-b895-dca48627e98f,species,SP366,creaves_species,Ibis falcinelle,,,
232fe935-51d2-4f56-bf73-ac411a3fcf6a,species,SP366,family,Threskiornithidés,,,
ede0ed77-f2ee-4916-afcc-056a7811cadc,species,SP366,native_status,NS1,,,
8b08f6ae-2aef-4b93-bd86-a9021a524422,species,SP366,order,Pélécaniformes,,,
f6c4446a-3120-452f-82c0-73dda8e2cb25,species,SP366,species,Plegadis falcinellus,,,
50d26ae9-7d4b-4917-85c4-49b8714302a7,species,SP366,subside_group,SG1,,,
d79b9554-e849-401b-b7ca-12ba34d96a17,species,SP367,agw_group,Limicole,,,
473e0794-32bc-4ecb-b1c4-729e98fb6bf9,species,SP367,class,Aves,,,
9fe561b6-a059-44cd-a9ba-8ae97e31c707,species,SP367,creaves_species,Pluvier doré,,,
6b5ed6ab-e7a1-47f8-bb9e-3af475e4dfcc,species,SP367,family,Charadriidés,,,
6efa06c0-ac76-4ae5-ac23-b31a029bba35,species,SP367,native_status,NS1,,,
9120a53d-e28f-4e51-910e-700472b3ce44,species,SP367,order,Charadriiformes,,,
af403413-580b-4ca0-8b54-36bd65e1db77,species,SP367,species,Pluvialis apricaria,,,
a8d6efe0-90fa-467a-9431-a13f6c66de01,species,SP367,subside_group,SG1,,,
2a5878db-713c-4823-bb38-3a8039f01317,species,SP368,agw_group,Limicole,,,
ae211d13-70a7-4f76-bb0f-c4c2d29436c1,species,SP368,class,Aves,,,
e83e6fad-b9d6-4ecc-babe-56f24bc13fb5,species,SP368,creaves_species,Pluvier argenté,,,
f257361d-e6a6-4407-83a9-36dfc1d1e746,species,SP368,family,Charadriidés,,,
d8034d19-bed4-4d36-8ba0-7f094dcd2a80,species,SP368,native_status,NS1,,,
0f260ef4-315a-43b6-a7f3-8d6481a9eaeb,species,SP368,order,Charadriiformes,,,
b6403bbe-dc75-4756-9aee-1716e1c6631b,species,SP368,species,Pluvialis squatarola,,,
aa855593-7e3b-4b96-8844-c02a790c6b53,species,SP368,subside_group,SG1,,,
9925249b-6bb6-4187-bb37-f9913454cdf6,species,SP369,agw_group,Reptile,,,
26fff61b-d1f1-4f2c-9006-2c6b4ffd4268,species,SP369,class,Reptilia,,,
7efdf5d5-530a-429d-9bba-72b27707950c,species,SP369,creaves_species,Lézard des murailles,,,
6fd168a8-8122-43b3-9020-2a1ed349ee70,species,SP369,family,Lacertidae,,,
ce582185-6f6b-4bc2-bf67-bf40d46897fb,species,SP369,native_status,NS1,,,
86073bc4-45f1-43aa-a74d-b9c49fcade71,species,SP369,order,Squamata,,,
ffc8fd83-316b-44fe-bfcf-0ba28ead304d,species,SP369,species,Podarcis muralis,,,
7041ca5e-181a-478e-94ea-9ad0024699a1,species,SP369,subside_group,SG2,,,
a6eab492-50e4-41a1-924d-b8e8b5ec4354,species,SP37,agw_group,Autre oiseau,,,
a22d5691-30e9-4646-a6f4-6a9e1b9d840a,species,SP37,class,Aves,,,
ebcb7e57-64b3-4abb-a949-8112921c07b4,species,SP37,creaves_species,Pipit maritime,,,
923aeee8-a86e-47c5-8dc9-2d110a47b05a,species,SP37,family,Motacillidés,,,
2f93087b-c830-49da-9435-93f71a74d6f9,species,SP37,native_status,NS1,,,
cc825296-742d-4a1a-9292-97af56d4ca08,species,SP37,order,Passériformes,,,
6177edce-8a29-4e93-8353-6766c2253d3e,species,SP37,species,Anthus petrosus,,,
8ff0edf3-7e46-46f8-b0f3-ba81324c74ea,species,SP37,subside_group,SG2,,,
0e4a847d-bafe-4cc3-a0e1-b0fbc5cd9fcd,species,SP370,agw_group,Anatidé  / grèbe,,,
b36a7b31-69ec-494c-a5f8-0cc221e6c7ff,species,SP370,class,Aves,,,
b376e286-960d-44a5-8791-d9b28d647621,species,SP370,creaves_species,Grèbe esclavon,,,
f931ef99-6980-4cec-9726-799ccc6f5fce,species,SP370,family,Podicipedidés,,,
6ab7e97b-4db4-4cd2-9845-549d68fcb116,species,SP370,native_status,NS1,,,
baf3307c-95ae-493e-b66d-44887e72bee8,species,SP370,order,Podicipédiformes,,,
6874a8d7-4e0c-4543-b3d7-274d2c81c14c,species,SP370,species,Podiceps auritus,,,
50e1e41d-d6a8-411d-81a9-d479da9fa70b,species,SP370,subside_group,SG1,,,
c38a74ec-9d7c-41ce-8623-57083d70d0e5,species,SP371,agw_group,Anatidé  / grèbe,,,
dd9cb324-d1e7-456d-a464-5d7d7cb7acd1,species,SP371,class,Aves,,,
4a4776fd-bc71-4ab1-b1f1-1f7856a99418,species,SP371,creaves_species,Grèbe huppé,,,
b2332304-5e17-49cd-8396-e46afa2a389b,species,SP371,family,Podicipedidés,,,
51a0529f-b2af-41a9-91fb-d847cc5c7863,species,SP371,native_status,NS1,,,
d7eec7ff-0042-49f9-9edd-a01d0cc458f6,species,SP371,order,Podicipédiformes,,,
62b8c92a-8ec3-43ef-9864-a48393d797c7,species,SP371,species,Podiceps cristatus,,,
a7590eba-ed41-43fc-b97f-4ca155440440,species,SP371,subside_group,SG1,,,
7772b0d0-c0ed-451c-96a8-b7edbf74d347,species,SP372,agw_group,Anatidé  / grèbe,,,
af3109ba-fb1d-4a44-8acf-dc1b3e085d4d,species,SP372,class,Aves,,,
1e4555cd-924e-49c9-b394-546b5945d347,species,SP372,creaves_species,Grèbe jougris,,,
e62b6c6d-ec5d-4d93-aa09-fb0e6544f6d0,species,SP372,family,Podicipedidés,,,
f82c159b-1dd0-48f4-847b-b69071ba8777,species,SP372,native_status,NS1,,,
65b749c3-92f8-4f98-989a-98fd07ffddf8,species,SP372,order,Podicipédiformes,,,
15d38ff1-e164-4831-8bbf-3e53841e030b,species,SP372,species,Podiceps grisegena,,,
d609d4b2-626a-4232-aaa9-556eba8a678e,species,SP372,subside_group,SG1,,,
fd87d49a-aca0-42c1-a564-6141d4a30168,species,SP373,agw_group,Anatidé  / grèbe,,,
94a32e54-930a-4745-a0e3-f1bd78d12b95,species,SP373,class,Aves,,,
c16f92b9-adae-4da7-adbb-d11b6fe9fba3,species,SP373,creaves_species,Grèbe à cou noir,,,
a5f3c4f4-cd2a-47f6-a268-a3c2da38d247,species,SP373,family,Podicipedidés,,,
d985b0c6-b257-42ef-9b52-5820061def26,species,SP373,native_status,NS1,,,
42fcf49d-d4c0-47b5-84ea-86c60b99bf13,species,SP373,order,Podicipédiformes,,,
9980d409-704b-4c12-9c3d-9d25e3bdca0f,species,SP373,species,Podiceps nigricollis,,,
d3d1b7b5-963c-448c-9645-a250f1c32a79,species,SP373,subside_group,SG1,,,
1b52c876-8fa4-40b9-9af5-b5b417c7d684,species,SP374,agw_group,Autre oiseau d'eau,,,
35d444ee-7f08-42bc-b167-14935fdb5814,species,SP374,class,Aves,,,
f2b50af3-a413-4b52-a699-85faaa4bb37e,species,SP374,creaves_species,Marouette poussin,,,
9f0f53e4-1fec-4a77-b871-d623f641b965,species,SP374,family,Rallidés,,,
ffa3ce89-cf65-499e-892c-a5b38b68dd7d,species,SP374,native_status,NS1,,,
7164dbae-83cf-4e11-9cf5-0b7aaa327f98,species,SP374,order,Gruiformes,,,
32f8f520-d484-4f7b-97a6-77531933b93c,species,SP374,species,Porzana parva,,,
c6273270-7726-4561-ac84-031edc8207e9,species,SP374,subside_group,SG1,,,
b635b4fc-39c0-4c65-b26c-5c1af136d457,species,SP375,agw_group,Autre oiseau d'eau,,,
29f0856f-c8d7-4f7c-9dbf-d43ad42cc8d8,species,SP375,class,Aves,,,
85ec96c4-b0a1-4044-b11b-7797ac1a688d,species,SP375,creaves_species,Marouette ponctuée,,,
e092e1af-c281-4dde-8a35-6b81437e21be,species,SP375,family,Rallidés,,,
a6937151-c20a-415f-a314-b87c3e6d3b0c,species,SP375,native_status,NS1,,,
6b96dbc9-548a-452c-973b-a8f2311755d2,species,SP375,order,Gruiformes,,,
b78db87a-79a9-407f-8950-a636e129d1f0,species,SP375,species,Porzana porzana,,,
702b828b-3b01-4a0a-a389-01e71dbfb1cb,species,SP375,subside_group,SG1,,,
3c74c668-dfcb-4904-9a92-567c154adcef,species,SP376,agw_group,Autre oiseau d'eau,,,
ab3ae078-423c-4752-99f1-0b680a41eafe,species,SP376,class,Aves,,,
423a52f4-6274-408d-960a-14f68ab8397d,species,SP376,creaves_species,Marouette de Baillon,,,
bf5db5cc-49ef-4e14-9938-4592586a65e2,species,SP376,family,Rallidés,,,
ba2d83cc-c565-491a-8389-7e107d8225de,species,SP376,native_status,NS1,,,
c76f1905-9e9a-4f84-b16b-a3299c024566,species,SP376,order,Gruiformes,,,
ee71b986-5447-426b-9907-f568b9a7bb18,species,SP376,species,Porzana pusilla,,,
3e949e48-620a-46d6-9ff9-c361ca668bc0,species,SP376,subside_group,SG1,,,
5a5716ce-0420-4e91-950c-cc1d5f8d7e62,species,SP377,agw_group,Mammifère taille moyenne,,,
f179b1dd-9d61-41ec-9d91-b7543ae13339,species,SP377,class,Mammalia,,,
4e2494bf-d430-47c0-877e-bfb88593bf68,species,SP377,creaves_species,Raton laveur,,,
4923bebb-a219-4028-bd53-4a9cdc7683bb,species,SP377,family,Procyonidés,,,
4b7e2322-fa24-4076-bd63-cb1173af47fd,species,SP377,native_status,NS3,,,
0db0cbc0-2e2e-49d8-b857-a7c957d76a38,species,SP377,order,Musteloidea,,,
25578ab4-7256-4e70-90ca-6b3b720a7aa8,species,SP377,species,Procyon lotor,,,
6ceee2d3-d416-461e-814e-d2a7d96395bf,species,SP377,subside_group,SG3,,,
662afd15-f457-445d-85f6-9e4baa23529c,species,SP378,agw_group,Autre oiseau,,,
5a928bfa-84a5-4084-911a-2b9a56c388f9,species,SP378,class,Aves,,,
fbb3214c-2ca2-4b58-8547-8a2aef2fa5fd,species,SP378,creaves_species,Accenteur alpin,,,
d79fe8c9-fb0a-4192-83b4-fc061f5e481e,species,SP378,family,Prunellidés,,,
860b1060-1604-4fa2-af4d-3018ef4c1b66,species,SP378,native_status,NS1,,,
fe3cf60a-cbbc-4a98-a494-c628daa47983,species,SP378,order,Passériformes,,,
f501f8bb-05ef-48fc-bcca-ed613cfde896,species,SP378,species,Prunella collaris,,,
c6462f7c-d6cb-4faa-ae8b-ce0b202e040f,species,SP378,subside_group,SG2,,,
92fda3ba-5280-4672-b248-5cc79f87a3b0,species,SP379,agw_group,Autre oiseau,,,
dbf0e9ad-9a95-4e28-a43b-97879f479832,species,SP379,class,Aves,,,
ebf0caf3-13d6-4935-b52a-c43ecb5377ac,species,SP379,creaves_species,Accenteur mouchet,,,
f16672e5-c1cb-49c2-890a-c6c7c6439a10,species,SP379,family,Prunellidés,,,
4a2ba805-25c1-40cd-a2fb-1086a6e3ace3,species,SP379,native_status,NS1,,,
1aa23744-7d68-44d1-8804-557d25ae6c90,species,SP379,order,Passériformes,,,
3754cf6f-ca39-4959-a7e0-8ec54e0c7694,species,SP379,species,Prunella modularis,,,
291b3d34-b866-4935-9b9c-e2e62b01d5a5,species,SP379,subside_group,SG2,,,
e73090c6-4f34-4430-b43a-ac8adb5b5799,species,SP38,agw_group,Autre oiseau,,,
72f6c835-5ca1-4e0b-a303-7466018a241a,species,SP38,class,Aves,,,
56b5c8f4-a767-450b-9221-a70de7caeecc,species,SP38,creaves_species,Pipit farlouse,,,
2f2d63a3-c635-4101-af71-a6525cdc9c74,species,SP38,family,Motacillidés,,,
817dc9a9-2b54-436f-92e4-71314cc4a975,species,SP38,native_status,NS1,,,
1cdca9f7-dc92-4ea3-91bf-f4b24d02c377,species,SP38,order,Passériformes,,,
6be64cda-8b4d-4b54-bcd2-444a086be007,species,SP38,species,Anthus pratensis,,,
cf1bee41-253e-41ac-821a-6b4ee4b6273a,species,SP38,subside_group,SG2,,,
d5e6b72e-fddf-4bb7-ac3d-b401ddd1a3c3,species,SP380,agw_group,Autre oiseau,,,
21d66f6e-cb5e-415a-8906-9f483e21c8be,species,SP380,class,Aves,,,
274bf476-8a99-4d25-9091-07ea6e90fda7,species,SP380,creaves_species,Perruche à collier,,,
e8ec039c-d386-4b53-803b-87b0b47ae948,species,SP380,family,Psittacidés,,,
b3c851c9-ac4f-4f9f-ab81-9d1679a4da64,species,SP380,native_status,NS2,,,
01c42e36-26a0-4bfd-82af-82c83d6f6c8b,species,SP380,order,Psittaciformes,,,
5651583a-7681-48aa-93f8-1d608185edd8,species,SP380,species,Psittacula krameri,,,
141a6963-6acb-4c56-9bde-efcda956bfec,species,SP380,subside_group,SG2,,,
c1f40e34-9aaa-4066-8322-6a62bef4e888,species,SP381,agw_group,Autre oiseau,,,
0c6e848c-4179-490f-8fe1-6cf976323bd3,species,SP381,class,Aves,,,
26f91179-3017-4b0d-affd-644b5e12ce32,species,SP381,creaves_species,Ganga unibande,,,
2ec3d84e-9a16-4f55-9420-c87ffa05e178,species,SP381,family,Pteroclidés,,,
0236873b-c5a9-406e-b9ff-5db06333ee3a,species,SP381,native_status,NS1,,,
306d3931-ae13-4bb7-aa3f-211bf595ce4d,species,SP381,order,Pterocliformes,,,
66cd9335-9c1a-4a6c-8033-63f63c1742ee,species,SP381,species,Pterocles orientalis,,,
ccc3ddf7-9d0a-4a2e-8a69-6a89263c4d07,species,SP381,subside_group,SG2,,,
84eb3c91-4b6e-414a-92aa-5d2a79e313b1,species,SP382,agw_group,Autre oiseau,,,
20c448ae-703b-49e2-86ed-3435a51897fb,species,SP382,class,Aves,,,
f6ec2e41-8fbe-4dfe-9f15-1ca7212a6590,species,SP382,creaves_species,Hirondelle des rochers,,,
3914497b-8370-4c64-a4f0-e58f93e5c6b9,species,SP382,family,Hirundinidés,,,
512aa38c-e7b5-47ab-b6be-5e2598cb1f2c,species,SP382,native_status,NS1,,,
e9793fd1-9d5b-40c7-8f7c-97fa562d5145,species,SP382,order,Passériformes,,,
c0c50741-6ea5-42d8-ab75-846780cefa3e,species,SP382,species,Ptyonoprogne rupestris,,,
24ac63f1-69bf-4549-b2a0-4c47b130c7a7,species,SP382,subside_group,SG2,,,
036b03da-9659-41c7-9fa0-66587330a0e4,species,SP383,agw_group,Autre oiseau,,,
59e93a38-cb6c-415f-be21-e5c104c42e47,species,SP383,class,Aves,,,
f5d0f799-42fe-4b8a-94d4-c2a2134e4b9b,species,SP383,creaves_species,Bouvreuil pivoine,,,
8e64a30c-ec22-4875-83f0-eeb07132429f,species,SP383,family,Fringillidés,,,
04aaec09-83a8-4720-b60f-7a624000ba16,species,SP383,native_status,NS1,,,
8b05117f-04bf-4086-b101-9e118fd5dfea,species,SP383,order,Passériformes,,,
dce2ab35-9752-4ec5-8c65-ce3e4f1b4e4d,species,SP383,species,Pyrrhula pyrrhula,,,
f3378a7d-ee30-4ee6-97d1-b39f0bd4ee9a,species,SP383,subside_group,SG2,,,
e1365bc9-966c-415a-88b1-c02b08bbf93d,species,SP384,agw_group,Autre oiseau d'eau,,,
2472f96e-f89f-4c8f-bafd-bedc15068b65,species,SP384,class,Aves,,,
a6db3a4b-6d02-48c0-94e2-37e645d6421e,species,SP384,creaves_species,Râle d'eau,,,
2db7da4b-c62a-4a2c-9c76-16ce5064532d,species,SP384,family,Rallidés,,,
72844fec-1f63-4f5d-b876-03a464c02bce,species,SP384,native_status,NS1,,,
7609b4bd-8515-473c-8fca-96b8e00d37cf,species,SP384,order,Gruiformes,,,
5498ad47-900e-467f-8764-1697b14b580b,species,SP384,species,Rallus aquaticus,,,
5ba39b89-707c-4583-8b97-eec99b691a9d,species,SP384,subside_group,SG1,,,
1eb36ced-f137-4e47-ab61-27f0dacd9265,species,SP385,agw_group,Batracien,,,
453c0a87-d393-4b8d-bd1b-9ebd8b58585c,species,SP385,class,Amphibia,,,
8c55130f-3979-48c7-9dd8-c3368d263700,species,SP385,creaves_species,Grenouille agile,,,
909f138f-ff47-4f5e-a8a0-2d5c6d8cb6f3,species,SP385,family,Ranidae,,,
de02f1cf-4ba8-42bc-be13-beb8c3290019,species,SP385,native_status,NS1,,,
19ea1a97-fa63-499e-ae07-c442cccae285,species,SP385,order,Anura,,,
9435b3fa-73e5-48ac-a8e0-bb223da95da9,species,SP385,species,Rana dalmatina,,,
9e48857e-a418-4337-9828-962652dbad25,species,SP385,subside_group,SG2,,,
23c37d43-6f3e-4473-82c4-c425b2d32c58,species,SP386,agw_group,Batracien,,,
be87022c-6e3d-4efd-9421-067c76016580,species,SP386,class,Amphibia,,,
a4d3974f-6538-4716-b71c-27ae665ee902,species,SP386,creaves_species,Grenouille rousse,,,
ddf1bffc-9b3b-4936-909f-49afe3296273,species,SP386,family,Ranidae,,,
10f5c4a8-7944-4595-ac7d-dafbe07b8ce7,species,SP386,native_status,NS1,,,
7e1a4312-8902-4aea-8146-b2d7e9c9cdb0,species,SP386,order,Anura,,,
604439cf-e1d8-4b82-b260-617391226121,species,SP386,species,Rana temporaria,,,
4e42a7e0-b07d-4a7c-864c-d6aabfda4db1,species,SP386,subside_group,SG2,,,
7ac45255-7a07-493b-93d8-3e8225f91013,species,SP387,agw_group,Micro-mammifère,,,
098f3e40-9ceb-482b-8c6b-bbb5b88fa99e,species,SP387,class,Mammalia,,,
67ee5476-db0c-43ea-a7a3-7e0f6ffb4693,species,SP387,creaves_species,Rat brun,,,
75742461-88a0-4358-b11a-85cee92a6ae4,species,SP387,family,Muridés,,,
3440dc25-ccca-448c-b294-7bae341e4881,species,SP387,native_status,NS1,,,
3845e82d-aa4e-44d6-b758-c5f35970455a,species,SP387,order,Muroidea,,,
e5f195b2-c850-4e62-89f7-a6fa192d6f66,species,SP387,species,Rattus norvegicus,,,
1358c576-8711-4880-aa68-ecb8e36da61f,species,SP387,subside_group,SG3,,,
b6cbca2b-1e0c-48e8-8400-97c1bff39a41,species,SP388,agw_group,Micro-mammifère,,,
809bc9e7-6880-45f5-ac07-536f8dba9220,species,SP388,class,Mammalia,,,
01610c85-da4b-4595-865f-e280b026aae1,species,SP388,creaves_species,Rat noir,,,
1400a58b-ee09-414a-a48b-14d5611d33a0,species,SP388,family,Muridés,,,
02eaf290-08be-4227-a7ae-a280f0545313,species,SP388,native_status,NS1,,,
07a43ad5-f6a0-4665-a22c-939b7cb247d6,species,SP388,order,Muroidea,,,
27351f8b-54b6-431e-bbe8-fa0a44a37ecb,species,SP388,species,Rattus rattus,,,
0263b34b-9cef-45ec-9471-3505066653d9,species,SP388,subside_group,SG3,,,
22ebce43-39e1-4a0e-9835-4db3916f02b4,species,SP389,agw_group,Limicole,,,
bed896db-a928-4d0f-a691-b58066806e11,species,SP389,class,Aves,,,
0b929c94-4d73-4364-ac78-43638fad64b1,species,SP389,creaves_species,Avocette élégante,,,
50a31b59-8794-49c6-a064-e918f3e8f84b,species,SP389,family,Récurvirostridés,,,
79ad44ca-091b-4680-aef8-285f3782a496,species,SP389,native_status,NS1,,,
db37b318-390b-4244-b432-2bbe0a3a80e5,species,SP389,order,Charadriiformes,,,
d9dcd807-cf9c-4e31-97bb-6a5312b5bbc8,species,SP389,species,Recurvirostra avosetta,,,
132cdb45-d20b-45e2-9469-7718aae1d2f0,species,SP389,subside_group,SG1,,,
5c7b113f-dd88-4155-9bc1-fad6e1351660,species,SP39,agw_group,Autre oiseau,,,
93279d13-c9b3-4d44-8475-55419972b5c7,species,SP39,class,Aves,,,
720622b9-d57f-41e9-83e4-9190570fd58c,species,SP39,creaves_species,Pipit de Richard,,,
71ae93bb-b157-467f-83be-c465f2ac8360,species,SP39,family,Motacillidés,,,
89fbe0e4-0dfb-4408-8fb1-35efc26667cd,species,SP39,native_status,NS1,,,
10cfd76e-54c5-4662-a812-19c4f8e6efcf,species,SP39,order,Passériformes,,,
9f4f8135-fb4b-4a35-aa07-be7cfb1af02d,species,SP39,species,Anthus richardi,,,
661c440c-3286-413e-9ffb-2960e281006b,species,SP39,subside_group,SG2,,,
86eb9313-ccc3-4bfc-b3b0-0494d07b6478,species,SP390,agw_group,Autre oiseau,,,
05849245-051c-456f-bfcd-19cff06195c9,species,SP390,class,Aves,,,
bf7518ac-9bb4-4dc3-a5b9-f8776e042f58,species,SP390,creaves_species,Roitelet à triple bandeau,,,
e2ec2a75-ccb2-48b4-939b-36e46b28185a,species,SP390,family,Régulidés,,,
03317ece-2292-4ef5-868a-a5b81645cb7b,species,SP390,native_status,NS1,,,
11d0a140-787b-44b3-b205-78f5e7e5f1d2,species,SP390,order,Passériformes,,,
27e7c28f-5b5f-4cae-adfe-d62cb1f3ba23,species,SP390,species,Regulus ignicapillus,,,
35b57f15-ac65-4b19-a6dd-146072aac67e,species,SP390,subside_group,SG2,,,
323d97cd-949b-45da-95e0-1563095d7d1d,species,SP391,agw_group,Autre oiseau,,,
84f1ea38-16bd-4bbe-bc94-c19bced30c4b,species,SP391,class,Aves,,,
35ce96c5-fc59-45d2-b306-573e356e39f7,species,SP391,creaves_species,Roitelet huppé,,,
e33e8a70-ed98-4908-8b28-11b42d0eb985,species,SP391,family,Régulidés,,,
463623b7-1f99-45bd-9996-8083efa0ee86,species,SP391,native_status,NS1,,,
fa94734d-cde1-4428-9f14-f5dddcc4593a,species,SP391,order,Passériformes,,,
90dd6946-2c7d-4671-a07b-5dec841a84e7,species,SP391,species,Regulus regulus,,,
7681ae43-e61b-404a-8939-95abaebf1fbb,species,SP391,subside_group,SG2,,,
8ec1956f-784f-4655-aff4-c4cdd9c157fe,species,SP392,agw_group,Chauve-souris,,,
6ee495af-f606-4f15-8695-c29da74e65bc,species,SP392,class,Mammalia,,,
c539e799-29ae-4614-b4cd-bac6f4ea9588,species,SP392,creaves_species,Rhinolophe grand fer à cheval,,,
8768f8df-58ee-4d8c-b8e0-a022d53d0550,species,SP392,family,Rhinolophidés,,,
74c2f055-95fa-4dab-86fc-d1832159bbd9,species,SP392,native_status,NS1,,,
f748bec4-db74-47f4-8a7b-58025f74ca41,species,SP392,order,Chiroptera,,,
94217e0b-0a0a-48e1-92c5-9b51abbe59ce,species,SP392,species,Rhinolophus ferrumequinum,,,
a0089821-5b73-4fbd-a21a-72893d10f5e9,species,SP392,subside_group,SG2,,,
0f250ad7-52b5-4e2f-92eb-fade07cd47b2,species,SP393,agw_group,Chauve-souris,,,
0c275730-6efe-405a-81b5-9f7ee8a6a954,species,SP393,class,Mammalia,,,
97f96614-dcca-44a3-879d-eb1f960a1af5,species,SP393,creaves_species,Rhinolophe petit fer à cheval,,,
f39ad19f-1121-4afb-a352-442e0c938b13,species,SP393,family,Rhinolophidés,,,
703bcfd4-a164-424d-8c25-096f591bf7b3,species,SP393,native_status,NS1,,,
d92d2a2e-170b-47ed-8314-477ff18cccb8,species,SP393,order,Chiroptera,,,
f71e3c9f-71bd-4fd5-b304-c86ddc46762d,species,SP393,species,Rhinolophus hipposideros,,,
8fcf2c6b-e896-4ed5-9cd9-e4ad8ec03a68,species,SP393,subside_group,SG2,,,
0f365f04-139e-4a92-827f-ce5a60e39e47,species,SP394,agw_group,Autre oiseau,,,
cff1396d-4d1c-4270-ad6f-263420879646,species,SP394,class,Aves,,,
1059f67b-9bd2-4765-9d0f-24070f34edcd,species,SP394,creaves_species,Hirondelle de rivage,,,
cca34ee7-227e-4d9a-86fe-2fce1bec011b,species,SP394,family,Hirundinidés,,,
6c6df14c-76bd-42be-a4e5-0002535e7f21,species,SP394,native_status,NS1,,,
beb6e760-e248-4236-b0f5-3a263787d255,species,SP394,order,Passériformes,,,
01d52586-cb24-4e17-841c-57b47b8e12cb,species,SP394,species,Riparia riparia,,,
00c47158-38d7-4229-9299-64d8cdaf9db6,species,SP394,subside_group,SG2,,,
79f5955b-219a-4b0f-858b-cf47469574a0,species,SP395,agw_group,Laridé,,,
aa7dd618-6c84-425c-880e-79edd10460d1,species,SP395,class,Aves,,,
8e5a97cc-4310-4d74-b493-787398239084,species,SP395,creaves_species,Mouette tridactyle,,,
c007f56d-68cd-4488-b78d-a5c0466a9b1d,species,SP395,family,Laridés,,,
05dbf97c-5513-409c-ae4f-2afd1798472e,species,SP395,native_status,NS1,,,
5ee77b38-efb9-4e13-9483-b7c48ab5c452,species,SP395,order,Charadriiformes,,,
d95fae75-d4ea-4206-a1d1-6e8b6987c71b,species,SP395,species,Rissa triactyla,,,
53821e3b-ee2a-44e3-a8b3-52ec0f87cce5,species,SP395,subside_group,SG1,,,
bfec8707-bfb1-4432-a815-224c545fd9c7,species,SP396,agw_group,Batracien,,,
7581ac6d-e26a-4630-8a41-86c4ce7fb07e,species,SP396,class,Amphibia,,,
b7ec37a8-5e86-4c6d-81fb-dfcd795c8432,species,SP396,creaves_species,Salamandre tachetée,,,
445862ac-9f37-4cbe-848c-2da0106ee006,species,SP396,family,Salamandridae,,,
4e41ad88-64b1-402a-9c4a-27bba0008c39,species,SP396,native_status,NS1,,,
360a9970-f458-4ab5-935b-592f66d9108b,species,SP396,order,Caudata,,,
d1967499-b09b-4e61-ad1f-0ba50231ff96,species,SP396,species,Salamandra salamandra,,,
0c28e0ae-412a-45e5-a46d-38a1d402cecc,species,SP396,subside_group,SG2,,,
d9e88cb7-edfd-4a4d-9526-e44c620b1fdf,species,SP397,agw_group,Autre oiseau,,,
5484ba08-22dc-4fed-b5b8-ff601f396284,species,SP397,class,Aves,,,
3e71690b-4f6c-4055-a63a-d4d090acd95e,species,SP397,creaves_species,Tarier des prés,,,
c4930ac5-5bd2-41dc-b022-59d18142ed67,species,SP397,family,Muscicapidés,,,
763b2e46-01f7-4142-8c5a-34647795281f,species,SP397,native_status,NS1,,,
37739e85-fb19-446c-8c7d-7e8dbcf2d7b0,species,SP397,order,Passériformes,,,
214cee4e-1da4-44aa-bc9c-78606428c353,species,SP397,species,Saxicola rubetra,,,
05ad5d1c-8720-406f-80c6-35a80028c3ce,species,SP397,subside_group,SG2,,,
d8d57edf-6438-47af-bdde-d88f9635429e,species,SP398,agw_group,Autre oiseau,,,
842b291d-2deb-468d-af1a-24306f3f9007,species,SP398,class,Aves,,,
da517fa0-7914-4457-a9e7-8ec8cae0e079,species,SP398,creaves_species,Tarier pâtre (torquatus),,,
634aa28b-ac4a-40ae-96f4-987e352d017c,species,SP398,family,Muscicapidés,,,
b32e0826-339c-4996-87b6-1005078372df,species,SP398,native_status,NS1,,,
012f2f2d-bf62-4665-a378-af8ff19e364b,species,SP398,order,Passériformes,,,
94ac114e-5665-413f-b4cc-a2ecd11b4130,species,SP398,species,Saxicola rubicola,,,
91c8d081-e842-4cae-839b-40ba7ab93b20,species,SP398,subside_group,SG2,,,
385e9e99-47a4-4cbc-bba1-9de436c8f6c1,species,SP399,agw_group,Mammifère taille moyenne,,,
b69bef2f-1582-4836-b5a3-af778e25c792,species,SP399,class,Mammalia,,,
33c87ae2-add0-43d6-9913-7e391047b9a1,species,SP399,creaves_species,Ecureuil roux,,,
f5d4ae90-e097-48dc-94b4-6d0d0f83c17d,species,SP399,family,Sciuridés,,,
1be9a5da-3667-4eac-abcc-c5b7311d8b24,species,SP399,native_status,NS1,,,
b07ee961-efbd-40e6-83b2-67b48420c8ae,species,SP399,order,Rodentia,,,
f3b237ac-e1c2-4be8-8308-ddc3f4039ed4,species,SP399,species,Sciurus vulgaris,,,
5e569630-5b11-4923-8ce7-5f98f8dd3af4,species,SP399,subside_group,SG3,,,
85e30761-6110-4d35-a6fb-9ee1dc15f849,species,SP4,agw_group,Autre oiseau,,,
2629d9d9-a146-4afb-a5b1-666fec859b69,species,SP4,class,Aves,,,
515d8f0d-2278-4dba-b754-8d3a35fe5d42,species,SP4,creaves_species,Rousserolle turdoïde,,,
3eaa3fb7-7f37-49e4-a90d-8e2d64ef103a,species,SP4,family,Acrocéphalidés,,,
5ade000a-14de-4041-b320-d2ed73fdcf8f,species,SP4,native_status,NS1,,,
4646ca6a-7fdb-40bc-8a45-ef3e1ed57942,species,SP4,order,Passériformes,,,
f427ecee-db58-4752-b859-14bd8ffa5287,species,SP4,species,Acrocephalus arundinaceus,,,
0da7b091-7831-4040-be40-9c9317a3f289,species,SP4,subside_group,SG2,,,
a0f4782f-077c-489a-b8c4-3dc4a089e91e,species,SP40,agw_group,Autre oiseau,,,
cccaf963-9d50-439f-9a20-1850e2ba4d3c,species,SP40,class,Aves,,,
97c4a47c-05d1-4b6e-bf04-f46ed81bec31,species,SP40,creaves_species,Pipit spioncelle,,,
d8e849bc-3f75-49d3-ac79-8253171d7e07,species,SP40,family,Motacillidés,,,
342a0b53-1e24-43a0-b505-09c063706b5f,species,SP40,native_status,NS1,,,
ed005566-b0b2-4d31-8afc-01d8af52c125,species,SP40,order,Passériformes,,,
435629a8-4410-4515-836b-78741e84e44f,species,SP40,species,Anthus spinoletta,,,
8847def0-4237-4622-a29c-20c450020fb4,species,SP40,subside_group,SG2,,,
eba0311c-ffce-4098-aac9-03fa892d6f9e,species,SP400,agw_group,Autre oiseau,,,
a3287474-66e4-4c29-9ed2-712a7cc4bd90,species,SP400,class,Aves,,,
fe5d3b69-ca4a-47e2-8aa2-722c83b65135,species,SP400,creaves_species,Bécasse des bois,,,
9b48b866-0a00-44c3-957c-673d8ecb1ae7,species,SP400,family,Scolopacidés,,,
ab17d20e-38d8-4d06-a63d-a18f2278f299,species,SP400,native_status,NS1,,,
4f7d6479-862d-435a-9d0d-a28f44409d0a,species,SP400,order,Charadriiformes,,,
5b515b00-7420-40d3-9e80-04eb020b7ee2,species,SP400,species,Scolopax rusticola,,,
324cf7f0-feae-4a62-a28a-8cdb6ffc0e3f,species,SP400,subside_group,SG1,,,
aa567a7d-6467-4c99-bab3-7e01729ce104,species,SP401,agw_group,Autre oiseau,,,
ce922c75-96e5-460f-a063-88d341857da8,species,SP401,class,Aves,,,
e4aadba1-e24d-4af3-9de8-c83405c47cf7,species,SP401,creaves_species,Venturon montagnard,,,
6fa0b164-8e51-49ed-bb61-96e8e7b222b3,species,SP401,family,Fringillidés,,,
52c61df3-6009-4989-9ce2-b22778c086dd,species,SP401,native_status,NS1,,,
fb3ca9a1-1e1d-49c2-a939-261b5eeb07d8,species,SP401,order,Passériformes,,,
aac0f371-c1b4-4f00-a673-12b296841447,species,SP401,species,Serinus citrinella,,,
3b730da2-77b5-4431-a071-be850d6b98bd,species,SP401,subside_group,SG2,,,
425e8645-7ec8-4837-b2d8-7343c4de46b4,species,SP402,agw_group,Autre oiseau,,,
2916071f-b857-42ed-84d2-e05c88b86dd3,species,SP402,class,Aves,,,
9891953e-728b-4953-9274-b8fc06576114,species,SP402,creaves_species,Serin cini,,,
7be1b75f-5fa9-4fca-a7be-fd4714d3c3cd,species,SP402,family,Fringillidés,,,
f9a7743b-b89f-4cee-8035-37b865ecc936,species,SP402,native_status,NS1,,,
444fd2b3-f241-4eea-905b-63be7a55314c,species,SP402,order,Passériformes,,,
536826a3-0b99-47e1-8056-1fd127420761,species,SP402,species,Serinus serinus,,,
ebb14850-4725-4d44-9963-c062a298d921,species,SP402,subside_group,SG2,,,
d4aeed85-c36d-4284-90f6-47dab777a5ce,species,SP403,agw_group,Autre oiseau,,,
15b41760-14ef-4158-b199-76cbb44f94fa,species,SP403,class,Aves,,,
89923392-e2cb-4684-b171-eff03bee7f8f,species,SP403,creaves_species,Sittelle d'Europe,,,
07ead121-5a52-458e-8ca8-e32a1f8cac74,species,SP403,family,Sittidés,,,
0f9247bd-0c4f-4fe8-be36-6feba7024fbf,species,SP403,native_status,NS1,,,
81a4992d-0ab3-4d5a-a1e3-1b6ec633d30f,species,SP403,order,Passériformes,,,
32e36cb9-c2f8-4f71-a3c6-f1b403e22b02,species,SP403,species,Sitta europaea,,,
9881d4eb-a29d-4bd3-a753-1bacf59efab8,species,SP403,subside_group,SG2,,,
b3c57f0f-f3f4-43fe-bf34-2dab5b641a5a,species,SP404,agw_group,Anatidé  / grèbe,,,
0ee6a6fb-9b94-454e-916b-7f9e10acbd8c,species,SP404,class,Aves,,,
12d8e498-217b-41f8-9553-18ee3aebf168,species,SP404,creaves_species,Eider à duvet,,,
135b54ea-43bd-45f3-94b6-021191a13166,species,SP404,family,Anatidés,,,
3477b140-4ef2-4afe-9ae9-101b40eacf54,species,SP404,native_status,NS1,,,
af7c1687-1586-4213-892b-c95f5dbdd05d,species,SP404,order,Ansériformes,,,
f91c9410-3774-40f4-9699-f0d6dc276449,species,SP404,species,Somateria mollissima,,,
fb610319-35a0-4e91-8c85-5fe2d1a91c10,species,SP404,subside_group,SG1,,,
4396772d-23c1-4920-b1de-30fc4f09888d,species,SP405,agw_group,Micro-mammifère,,,
6cc9e58b-a45a-4044-b4be-5e2e1b67eea1,species,SP405,class,Mammalia,,,
fee152eb-6501-41e7-a9d2-8cb2fec8ecf6,species,SP405,creaves_species,Musaraigne carrelet,,,
700d76bf-5b8e-4b6b-9488-105560fad1da,species,SP405,family,Soricidés,,,
3dbf37ec-7820-44ab-89d4-a25be8c9e954,species,SP405,native_status,NS1,,,
c59bbc1f-3a54-4166-a1d9-35a8b9f60804,species,SP405,order,Rodentia,,,
9302cce1-208e-432c-be1c-c9dd8509b8d9,species,SP405,species,Sorex araneus,,,
5542c0b6-9e8f-4d36-a2f5-bc6e5a6eb303,species,SP405,subside_group,SG3,,,
d5de0854-ab31-4586-ab99-c6d56e4e3776,species,SP406,agw_group,Micro-mammifère,,,
1eb5b413-91ec-400f-9084-bbf79b59f54a,species,SP406,class,Mammalia,,,
7d7a6153-eb9a-4e40-a8fd-1ccc82eddd3b,species,SP406,creaves_species,Musaraigne,,,
25d8261d-1d51-45eb-9e3f-62b4b1776daa,species,SP406,family,Soricidés,,,
582eb584-5173-4b1a-9fe1-68d28368a4a8,species,SP406,native_status,NS1,,,
53b118cf-a054-4e06-9a48-5cf13aea6a4c,species,SP406,order,Rodentia,,,
60eb6c97-b38f-465a-9cb9-b203f536ab3f,species,SP406,species,Sorex coronatus,,,
e482223f-7b24-41bd-9745-2791f3dae43d,species,SP406,subside_group,SG3,,,
7179cc8d-8711-439d-a3b2-a6dd79ad7157,species,SP407,agw_group,Micro-mammifère,,,
8311c7e3-0bff-42b8-ab26-8b27c104e086,species,SP407,class,Mammalia,,,
998b7584-a4b5-4294-8042-2388e5a495b0,species,SP407,creaves_species,Musaraigne,,,
7792d404-1779-4999-b274-f648500fbcdb,species,SP407,family,Soricidés,,,
1263300b-466d-4de5-b66f-cc61f09773af,species,SP407,native_status,NS1,,,
24f4f890-c476-4524-b3dd-918b08128efc,species,SP407,order,Rodentia,,,
eab1587e-4c72-4184-9261-f567d74c6820,species,SP407,species,Sorex minutus,,,
5680fbba-552c-4464-9c52-5538f970f360,species,SP407,subside_group,SG3,,,
af8f74d4-0b7a-4c8c-ad9c-9d69824f357d,species,SP408,agw_group,Autre oiseau d'eau,,,
66c08ec5-cb7d-4d44-8826-f7c4be4ea13d,species,SP408,class,Aves,,,
c9ba2bcf-0961-450e-95bf-037b604149d6,species,SP408,creaves_species,Labbe à longue queue,,,
31822d24-d8be-4c56-bb6d-1971e6d02c77,species,SP408,family,Stercorariidés,,,
482c7d33-85f9-4917-8f88-bba8028c3fe8,species,SP408,native_status,NS1,,,
0262f90e-2bf1-4152-9480-e558c10aebde,species,SP408,order,Charadriiformes,,,
12a26961-fdb5-403b-aa06-ef402b99d3ae,species,SP408,species,Stercorarius longicaudus,,,
0f7e9be2-70ac-4bd6-97c3-1595f60cff06,species,SP408,subside_group,SG1,,,
d97175e8-e353-4881-a801-e95ff77fd37e,species,SP409,agw_group,Autre oiseau d'eau,,,
ce3a5783-a14d-44f9-86d1-0e5dcb523af7,species,SP409,class,Aves,,,
092a09a9-707a-4f95-8c69-cc1351ecd029,species,SP409,creaves_species,Labbe parasite,,,
1782d520-77c6-4424-9fd3-d18c4671a837,species,SP409,family,Stercorariidés,,,
6f621aa4-370c-4a7b-a453-8d50a89b123d,species,SP409,native_status,NS1,,,
3fbd3700-04c5-4f4c-91fb-849abf81ac37,species,SP409,order,Charadriiformes,,,
c58f5bc1-c53c-431f-955d-acce29372d63,species,SP409,species,Stercorarius parasiticus,,,
ae244c75-712b-4322-bc88-6c61335e64b3,species,SP409,subside_group,SG1,,,
8c775e66-7232-4c36-adf8-241a2f935fe1,species,SP41,agw_group,Autre oiseau,,,
7c24a145-fbf9-48ea-8dfe-c5ce1b0f9e72,species,SP41,class,Aves,,,
66e17cf1-a5cf-4b32-ad02-1fa1d7dec9de,species,SP41,creaves_species,Pipit des arbres,,,
e6987800-8bae-499f-b931-0cba7d75fabf,species,SP41,family,Motacillidés,,,
1ccd1ac0-872d-4da3-a6b7-1797e4f0c901,species,SP41,native_status,NS1,,,
216296a5-4745-4043-84fa-eb186e7fda84,species,SP41,order,Passériformes,,,
0f3a2c1f-c916-4f93-a350-31e1b3240c9c,species,SP41,species,Anthus trivialis,,,
43876ed7-73cc-4050-a5d8-a3fc9d9cf846,species,SP41,subside_group,SG2,,,
45b7ad68-61b8-4830-a47f-91f2c9f9785a,species,SP410,agw_group,Autre oiseau d'eau,,,
5639ea33-dc5b-46f8-bef8-92a1acee5641,species,SP410,class,Aves,,,
39d7bf0d-4557-45f8-ba5c-d97226bda1f6,species,SP410,creaves_species,Labbe pomarin,,,
27d7afcd-ceda-41a2-9c6b-403931854e08,species,SP410,family,Stercorariidés,,,
841e6b2a-79d5-4508-9c8d-032b34567527,species,SP410,native_status,NS1,,,
83cd8d69-40db-4549-8166-b4c6c6406701,species,SP410,order,Charadriiformes,,,
df36606c-cf0d-4f61-adaf-71a05f898e4f,species,SP410,species,Stercorarius pomarinus,,,
326a09e8-52fc-4a17-bdaa-290a03b827ca,species,SP410,subside_group,SG1,,,
14f5a093-3633-4342-9ed9-ede86ed3c81a,species,SP411,agw_group,Laridé,,,
609f7a0d-e44e-4bf1-b356-e45ab74d9e52,species,SP411,class,Aves,,,
12b55d2c-9540-411e-8477-c910fbe9cd5c,species,SP411,creaves_species,Grand Labbe,,,
72ad039e-a246-4182-afed-2a9013df8aaf,species,SP411,family,Stercorariidés,,,
e7953eed-e08c-438c-9edd-bac099833a77,species,SP411,native_status,NS1,,,
1a8e5de6-c7b8-48c9-8c13-453365300f5b,species,SP411,order,Charadriiformes,,,
79acb780-2a5e-43fa-9bd4-d3d766d68596,species,SP411,species,Stercorarius skua,,,
dd1412de-a4c5-4f82-9d9a-3f3b7fbd9426,species,SP411,subside_group,SG1,,,
76bab1ff-baa2-4a93-8b10-12a50e25c78e,species,SP412,agw_group,Laridé,,,
422554d6-e164-4850-bba3-76ced665d27b,species,SP412,class,Aves,,,
0edb9776-5f5e-4be2-af50-dba4a6040311,species,SP412,creaves_species,Sterne naine,,,
f182660c-625c-4c63-8315-be0725c8f96b,species,SP412,family,Sternidés,,,
a407d3ac-be38-4132-8984-fe509f35b368,species,SP412,native_status,NS1,,,
deeaeeee-ce22-4c3c-8fca-68aae30a0e1b,species,SP412,order,Passériformes,,,
2e9981bf-363d-482e-89da-e22bdc922c18,species,SP412,species,Sterna albifrons,,,
6e0e3e43-59ad-41d5-bf46-8fba6713c7f2,species,SP412,subside_group,SG1,,,
c60615b5-f057-48ec-ad6f-26b5894baf87,species,SP413,agw_group,Laridé,,,
c31a0015-1ede-45df-8f28-026030670309,species,SP413,class,Aves,,,
0008181e-dc9e-44dd-b992-682bc1afddfd,species,SP413,creaves_species,Sterne caspienne,,,
a1119d09-e8db-4301-a2aa-8d9f6e44a062,species,SP413,family,Sternidés,,,
b42e939f-9355-4357-a926-eaa47aa38170,species,SP413,native_status,NS1,,,
402c4302-047f-4a6b-88ed-55bbdc7f2c67,species,SP413,order,Passériformes,,,
0616f082-02a4-4c86-861c-178e86268702,species,SP413,species,Sterna caspia,,,
69ed32bb-0ccb-4518-ab53-4d0fe50ac7c5,species,SP413,subside_group,SG1,,,
a7804f27-8f65-4f86-9260-cbbef5c1c0e6,species,SP414,agw_group,Laridé,,,
d78d3e6b-fb42-49e3-8a0b-01cf860f74f6,species,SP414,class,Aves,,,
db1e4b2d-49af-4dd2-b329-a6198178d78c,species,SP414,creaves_species,Sterne pierregarin,,,
64986c60-9ba5-49fa-ae0a-e874b3cafe76,species,SP414,family,Sternidés,,,
44e6019a-9375-422b-9e13-2066715f0cc9,species,SP414,native_status,NS1,,,
19cde993-86d2-4206-94ec-aeab42962df0,species,SP414,order,Passériformes,,,
a821b4dc-e4e5-4e11-9589-ebf083216fce,species,SP414,species,Sterna hirundo,,,
58d4475c-446a-451d-b554-1e596d2b320a,species,SP414,subside_group,SG1,,,
e9446009-15be-46fc-8fa4-171397d5dbfc,species,SP415,agw_group,Laridé,,,
3c3b0815-0430-4d68-8629-2b4933ade989,species,SP415,class,Aves,,,
05b0532c-38da-4479-b795-8cbcb7b3ea1a,species,SP415,creaves_species,Sterne arctique,,,
cca587f7-699e-43d8-adf0-a06e23ce55db,species,SP415,family,Sternidés,,,
9d7e2357-28dc-4d94-bb78-69be5858af05,species,SP415,native_status,NS1,,,
80b0ec67-5574-4598-bc4f-232305d758cf,species,SP415,order,Passériformes,,,
325f49ec-e9a5-4e95-a926-1331616ef9d0,species,SP415,species,Sterna paradisaea,,,
6325054f-82b0-40b6-8898-5acefd8e73c4,species,SP415,subside_group,SG1,,,
42b9a73e-d35a-4687-aa0e-46ca8fd1cf1c,species,SP416,agw_group,Laridé,,,
0cede892-f040-4e38-9df3-079d59796596,species,SP416,class,Aves,,,
4c7d954f-4220-47b7-b9ec-1de0d112138e,species,SP416,creaves_species,Sterne caugek,,,
d2cd0464-fb39-4f7e-84fd-b7538176f14e,species,SP416,family,Sternidés,,,
8a0b55da-2bdc-436e-b891-3a0ecc48f9f0,species,SP416,native_status,NS1,,,
20d32a14-76d1-47cd-8d66-d1c9184117da,species,SP416,order,Passériformes,,,
312f5069-74ab-4d7a-aaec-99e961827d9a,species,SP416,species,Sterna sandvicensis,,,
1ece5e23-f251-4048-a474-4b094757a56b,species,SP416,subside_group,SG1,,,
8b0a139a-7ca3-448a-86fe-87a95cfcc790,species,SP417,agw_group,Autre oiseau,,,
d6088821-f304-4d3d-bec4-2daa1fd7e4d3,species,SP417,class,Aves,,,
cefe36a9-0716-43fd-b50e-d79bfd4691be,species,SP417,creaves_species,Tourterelle turque,,,
bbffb7a3-d9c7-4165-b158-6ec6c4eea088,species,SP417,family,Colombidés,,,
b64994b6-7da1-436a-8935-60abe65b1e6a,species,SP417,native_status,NS1,,,
8e978284-7f1d-4143-a499-65d6881c3e6f,species,SP417,order,Columbiformes,,,
95644a73-1acb-48f1-a16d-dc114affcbb8,species,SP417,species,Streptopelia decaocto,,,
29e2a513-2e80-49e2-82e5-e2f265e7db71,species,SP417,subside_group,SG2,,,
9574e024-dbcd-4bc3-b594-bc1c2c56d008,species,SP418,agw_group,Autre oiseau,,,
69616c6e-4fa8-4ac6-8bc4-9eb01b209311,species,SP418,class,Aves,,,
ca43163f-b7e8-4e38-840c-1ea55874e9c8,species,SP418,creaves_species,Tourterelle des bois,,,
f3de0952-4ddb-4c54-9452-d7cb55e4295b,species,SP418,family,Colombidés,,,
3eafa981-ba53-4ff2-a0ad-8691f33f4546,species,SP418,native_status,NS1,,,
3ddace21-ea1e-4f01-a557-381dfa8c179b,species,SP418,order,Columbiformes,,,
c542a906-03b4-4d3c-a989-76a2d52fc800,species,SP418,species,Streptopelia turtur,,,
d9884860-e9c9-45b5-9769-732ff5bf14e7,species,SP418,subside_group,SG2,,,
a821af83-1de1-4138-8ecf-0e9bec8c9df5,species,SP419,agw_group,Rapace,,,
edfaa530-adea-49e3-9207-de791c129293,species,SP419,class,Aves,,,
0da7b8fe-9025-4baa-b4e8-21e4774f2304,species,SP419,creaves_species,Chouette hulotte,,,
1c02082f-e80a-43ff-b728-0388f92337b3,species,SP419,family,Strigidés,,,
db964ff7-01af-4831-9e8f-d8d682cf6594,species,SP419,native_status,NS1,,,
174b1128-e1f8-498e-91a5-4334134fd591,species,SP419,order,Strigiformes,,,
e98aed78-e9b0-4019-9fda-88aa180f40e4,species,SP419,species,Strix aluco,,,
3f28eb66-9c4c-48a3-a32e-75076530d453,species,SP419,subside_group,SG1,,,
bb140c4f-cd35-4006-b902-baa0e2d5b7b6,species,SP42,agw_group,Micro-mammifère,,,
4f6c731b-a502-4b41-9dc0-2e7566826dd9,species,SP42,class,Mammalia,,,
4f98b012-3256-4272-9751-591afe10d11e,species,SP42,creaves_species,Mulot,,,
3f5d8139-8b9f-42b0-b119-4388e6224afd,species,SP42,family,Muridés,,,
eef22c36-7548-4840-9888-01a6d189258f,species,SP42,native_status,NS1,,,
532799f4-f1f3-4cc0-b9c4-44b8e0a9c560,species,SP42,order,Muroidea,,,
c06bec27-7e4f-4e6e-915f-a55b7d261948,species,SP42,species,Apodemus flavicollis,,,
3d532dec-5892-4158-8f04-a04934fb8d8f,species,SP42,subside_group,SG3,,,
0106bfe9-5937-4f69-a7c8-ae2735dbe9bc,species,SP420,agw_group,Autre oiseau,,,
9a9ddce1-b91a-4966-bb26-7286042662ac,species,SP420,class,Aves,,,
9f7709a4-85fc-491b-884a-7121c03ba730,species,SP420,creaves_species,Etourneau roselin,,,
cdeb38b1-61d0-46c0-ab7d-f6a26c0681cb,species,SP420,family,Sturnidés,,,
26634551-2b13-41df-8e1d-b5d27aaa3fdd,species,SP420,native_status,NS1,,,
eeb4815b-fed1-4fdc-ac59-81fff55d00f8,species,SP420,order,Passériformes,,,
cdfd398e-1f8b-4342-97d2-a13aef67071a,species,SP420,species,Sturnus roseus,,,
dd81803d-eaf3-4a1e-bb97-e7f57ad9038f,species,SP420,subside_group,SG2,,,
4a46024b-1268-4650-9548-d7b3d90a1976,species,SP421,agw_group,Autre oiseau,,,
d6727ad2-ebbe-48f2-a956-c533b425b70e,species,SP421,class,Aves,,,
a8c3438e-000c-4369-bcf4-d19e500740b9,species,SP421,creaves_species,Etourneau sansonnet,,,
9c1270f3-4aef-47bb-b9ee-6910cb6eb260,species,SP421,family,Sturnidés,,,
522bf690-2304-4ec1-84c2-a396d4f55747,species,SP421,native_status,NS1,,,
bc54187b-df38-4102-8ab2-1b9aaa4118f8,species,SP421,order,Passériformes,,,
58c4c108-bda7-4964-bdf1-1db4063bfc45,species,SP421,species,Sturnus vulgaris,,,
2f73cae2-e751-421d-9f0a-d38460a93612,species,SP421,subside_group,SG2,,,
c7e5ae09-e062-4f40-8fcf-9397e8745bac,species,SP422,agw_group,Rapace,,,
02575363-b83e-4949-ab16-57d109227c48,species,SP422,class,Aves,,,
e7157733-7087-4b8d-a223-417e851002e7,species,SP422,creaves_species,Chouette épervière,,,
51f6167f-2f0d-4037-8883-62b4b7c3e9d7,species,SP422,family,Strigidés,,,
c6603666-bc64-4251-8466-254abc94bbde,species,SP422,native_status,NS1,,,
3946ebbf-de88-4dde-82a3-725c0bc36624,species,SP422,order,Strigiformes,,,
d49b59c1-e7c6-4563-8cc1-9051fc8131ca,species,SP422,species,Surnia ulula,,,
0399ffad-9160-493a-bff1-0417209a5088,species,SP422,subside_group,SG1,,,
8b90996c-0caa-4e62-9c3d-8ea7d680a55c,species,SP423,agw_group,Ongulé,,,
cd761900-6bc3-4a6d-b2ec-cfa41009a45b,species,SP423,class,Mammalia,,,
db039f64-6235-47e4-995c-fef70ea016a4,species,SP423,creaves_species,Sanglier,,,
3f6fd3dd-8408-4d9a-855b-0ce8e3e59492,species,SP423,family,Suidés,,,
5f7720f6-c59a-4347-9e45-84a5bf22cde4,species,SP423,native_status,NS1,,,
18c02e7e-7640-4989-85eb-c44094a45e99,species,SP423,order,Suina,,,
261369c2-19b7-4635-84f9-5389f3a54bc3,species,SP423,species,Sus scrofa,,,
62112d34-9142-4b28-97e0-2c0e9b4cc6d2,species,SP423,subside_group,SG3,,,
dd5a728f-0143-45cf-8e82-dca20e44f6f9,species,SP424,agw_group,Autre oiseau,,,
162e5976-ebce-4c3b-91a6-ba1492b03c53,species,SP424,class,Aves,,,
1815f5f6-3eb3-4b4a-88c1-69b4df834fc7,species,SP424,creaves_species,Fauvette à tête noire,,,
e50a3f57-6a24-44ef-916f-7d49d9538249,species,SP424,family,Sylviidés,,,
804028f7-7103-4a94-b8ef-0f2e5c5fe025,species,SP424,native_status,NS1,,,
5ba36ee8-0e29-4e38-b095-8f5605d7c228,species,SP424,order,Passériformes,,,
79950e48-228d-4022-9193-006642b2d91f,species,SP424,species,Sylvia atricapilla,,,
14be1530-38c0-4059-bec6-570d70266706,species,SP424,subside_group,SG2,,,
ef6f8c16-ffe7-4fd5-84ad-3d1ae1364882,species,SP425,agw_group,Autre oiseau,,,
dbf6571e-4ecb-4112-a43b-4f9a5d358f9c,species,SP425,class,Aves,,,
0b196b4c-2a37-43b2-b113-d829a9397ada,species,SP425,creaves_species,Fauvette des jardins,,,
937f9f85-1777-4acb-b3da-9fb6daeeb947,species,SP425,family,Sylviidés,,,
66efed9e-e7fb-4be5-bb1e-ed513137d2d1,species,SP425,native_status,NS1,,,
57ee3cc7-bc4e-4316-abef-d4581b6970d0,species,SP425,order,Passériformes,,,
ee2f32b1-9429-4eb0-8438-2015a647df00,species,SP425,species,Sylvia borin,,,
8fd09487-72e6-4e3f-ba2a-47fc2bb7f7f6,species,SP425,subside_group,SG2,,,
af43d5e4-7dc0-4225-a0d9-44aafbd8fb04,species,SP426,agw_group,Autre oiseau,,,
6358c8b9-77a0-4558-bf32-59721403fbdb,species,SP426,class,Aves,,,
3354e0a2-f231-4076-9bdd-0949665c3f85,species,SP426,creaves_species,Fauvette passerinette,,,
7c037c63-cfa4-4379-8944-92ced1176b55,species,SP426,family,Sylviidés,,,
22b7319a-b883-4ea8-8d1d-db60161a1c44,species,SP426,native_status,NS1,,,
7b80acc4-6a2b-48dd-8916-caecaa3436c0,species,SP426,order,Passériformes,,,
e7472db3-6dea-453e-a364-f08e9f8d1cca,species,SP426,species,Sylvia cantillans,,,
f384963d-2254-4f56-9e44-5a17e5c182f7,species,SP426,subside_group,SG2,,,
3c91492d-8205-4bdc-ab82-339c4f1171dd,species,SP427,agw_group,Autre oiseau,,,
cf830337-af7a-4a34-84b5-1275d4b9e435,species,SP427,class,Aves,,,
4391b818-7acc-4f5f-b059-03957c754e4e,species,SP427,creaves_species,Fauvette grisette,,,
21940814-2e55-44de-a51e-869ef4f69d21,species,SP427,family,Sylviidés,,,
d98985e2-29da-4f9a-b1a2-edf767482015,species,SP427,native_status,NS1,,,
19a98851-a999-47b1-ad9f-8068aca61d2c,species,SP427,order,Passériformes,,,
20844a69-ee53-416e-8325-63ac976c1104,species,SP427,species,Sylvia communis,,,
06c546a2-08d0-4d3a-9052-586e590e939a,species,SP427,subside_group,SG2,,,
ff3981a8-7b22-489e-b839-1dd64ad0ec44,species,SP428,agw_group,Autre oiseau,,,
85b7e198-2a56-4817-aacb-800e31cb7be9,species,SP428,class,Aves,,,
f45f7a0d-c382-44bd-b608-166b8b961183,species,SP428,creaves_species,Fauvette babillarde,,,
84ca35dc-05fa-422f-ac6b-f1cd92e82f3f,species,SP428,family,Sylviidés,,,
e668eaf4-ad0a-4663-b04e-d901f9af5371,species,SP428,native_status,NS1,,,
47d612f0-54be-4fe9-9fca-38a1fb33a7cb,species,SP428,order,Passériformes,,,
d342d2ee-db0e-4678-a786-274dcf3a17c3,species,SP428,species,Sylvia curruca,,,
ab8d20b4-29e5-4ea5-84ed-04bf6d3484dc,species,SP428,subside_group,SG2,,,
00f7b609-d8ba-4681-b415-16524b08ee70,species,SP429,agw_group,Autre oiseau,,,
6e18bd90-0d42-4111-bd1e-ae9b2c388614,species,SP429,class,Aves,,,
f502a81b-a14d-424c-94e8-ffbeeaa8eb2e,species,SP429,creaves_species,Fauvette orphée,,,
b6274d01-d7be-4a3d-982b-b8f5bacaaeb7,species,SP429,family,Sylviidés,,,
5aa02a32-d1d9-4b32-9faf-44ac1e7023c6,species,SP429,native_status,NS1,,,
08942679-f201-4314-8836-842312f7803f,species,SP429,order,Passériformes,,,
61854dc4-6225-4c98-944c-63e7f546678e,species,SP429,species,Sylvia hortensis,,,
6ede9a62-5bd2-4945-bd16-eeb2e30f2c93,species,SP429,subside_group,SG2,,,
0e27319e-fc0e-4e37-ae86-e0279899ad9a,species,SP43,agw_group,Micro-mammifère,,,
c42ed8f9-6ac2-4c88-9205-39f4a8d5c85c,species,SP43,class,Mammalia,,,
5fd17fc7-d729-4867-8aa8-bca07d7979f5,species,SP43,creaves_species,Mulot sylvestre,,,
c69f7527-f1e1-4c68-bcb5-f446551b6754,species,SP43,family,Muridés,,,
4dc6e1a1-4bd6-4ac8-81d4-2d1b9c247e2e,species,SP43,native_status,NS1,,,
c3c1ac4f-296b-4838-84a5-c03b63880b2c,species,SP43,order,Muroidea,,,
55359dfe-d3d5-4b41-9ffd-4bdc3c9da718,species,SP43,species,Apodemus sylvaticus,,,
3bb66034-4070-4c07-b4d5-5f645699a863,species,SP43,subside_group,SG3,,,
a1feb321-0e57-46ee-bf3a-667e52be348e,species,SP430,agw_group,Autre oiseau,,,
5ca4e589-0835-45c7-9f50-a55b9ef11532,species,SP430,class,Aves,,,
d275a49d-465f-4ef8-b985-63509a6e661b,species,SP430,creaves_species,Fauvette mélanocéphale,,,
9f45c460-d5f9-46ef-97a8-648c26d4cbbf,species,SP430,family,Sylviidés,,,
b696863c-4850-42de-a557-1b4a0c2f3cdb,species,SP430,native_status,NS1,,,
05ec23ef-57e8-424f-be4e-fa1279a2b639,species,SP430,order,Passériformes,,,
6746acac-8abb-4545-84ca-de26631876e0,species,SP430,species,Sylvia melanocephala,,,
0ce087c9-d5f9-4b41-9295-75a9089a7290,species,SP430,subside_group,SG2,,,
57e1bfe3-5936-4298-b0c9-92d88e7353a4,species,SP431,agw_group,Autre oiseau,,,
738f400b-ba9d-4bf1-b4c4-957e13192bbd,species,SP431,class,Aves,,,
9379c79b-1a68-43b9-ba69-eeb135abee33,species,SP431,creaves_species,Fauvette épervière,,,
d8abce26-362a-4e2f-9b97-5f2a9de2bde7,species,SP431,family,Sylviidés,,,
c0cf0ff3-4de7-45b6-9e19-b6c9f53e2520,species,SP431,native_status,NS1,,,
005a2f6a-6dc6-40a1-a092-f6356d49b7e4,species,SP431,order,Passériformes,,,
7625d88c-1705-4d43-be96-801a36a24e3f,species,SP431,species,Sylvia nisoria,,,
6a5308bc-9d25-4a17-8458-c43083a87d26,species,SP431,subside_group,SG2,,,
b8de5017-2081-46bf-bfb1-c966c7b0f975,species,SP432,agw_group,Autre oiseau,,,
41094d58-81fa-490a-8999-2702e45b3147,species,SP432,class,Aves,,,
611df934-628c-4589-bae7-286e625ee9b7,species,SP432,creaves_species,Fauvette pitchou,,,
0a13589f-7c19-4963-bcbe-501b7d4adc4e,species,SP432,family,Sylviidés,,,
2e8d4586-4cd3-4234-8911-1a3aa217707e,species,SP432,native_status,NS1,,,
b07098cd-baf2-48e1-9417-d93852519126,species,SP432,order,Passériformes,,,
3ab1ebca-9efd-47de-8a5e-9a085e9f63c8,species,SP432,species,Sylvia undata,,,
7d5c1466-0a3a-4d1d-b8a4-59b097556dc7,species,SP432,subside_group,SG2,,,
32a6ca95-90c5-44aa-b335-7bb4c079b29b,species,SP433,agw_group,Autre oiseau,,,
d274f82b-f64f-4142-8b0d-44ace4351ed0,species,SP433,class,Aves,,,
ab70b4f8-3459-4402-9180-0ba080c60f5d,species,SP433,creaves_species,Syrrhapte paradoxal,,,
47c2c270-082d-4986-a40d-283d598960c6,species,SP433,family,Pteroclidés,,,
8c7bc89a-dc43-4a0d-9865-ec92cf42dec6,species,SP433,native_status,NS1,,,
555c1010-afe2-4277-9c95-c9575b1d4f85,species,SP433,order,Pterocliformes,,,
5201fe28-74b3-439b-9518-a318aecd7425,species,SP433,species,Syrrhaptes paradoxus,,,
c5356591-2981-4207-9835-a9f22794df17,species,SP433,subside_group,SG2,,,
32a7c9f3-67b5-4bbe-81b0-f0e5f74b6476,species,SP434,agw_group,Anatidé  / grèbe,,,
3d833425-a669-4b9b-a493-2c0756e3a51a,species,SP434,class,Aves,,,
d6270e40-af73-4808-943b-ab5d54a6b561,species,SP434,creaves_species,Grèbe castagneux,,,
d1c70b2e-68f0-4985-93af-b9af33df4845,species,SP434,family,Podicipedidés,,,
733442d7-8126-4a1a-832d-4040bdfd1093,species,SP434,native_status,NS1,,,
7868d158-761f-463f-96ac-e03d8cf177f3,species,SP434,order,Podicipédiformes,,,
cd50c829-608d-4d60-9df5-7b1e10d11ab4,species,SP434,species,Tachybaptus ruficollis,,,
aa27fba4-64fd-4d4f-8e7c-047048eea0c3,species,SP434,subside_group,SG1,,,
9157f7a6-c2cd-4db0-b524-00124cb793a7,species,SP435,agw_group,Anatidé  / grèbe,,,
aa768bc5-7342-4ca0-92fe-0a74248262c4,species,SP435,class,Aves,,,
0e487b7d-ba1a-4cd9-9e22-420a42ceff9c,species,SP435,creaves_species,Tadorne de Belon,,,
80c248b3-6e66-4f00-8238-ac6ca1245e6b,species,SP435,family,Anatidés,,,
381d67aa-ce24-49bf-b67a-3775687cde44,species,SP435,native_status,NS1,,,
cfe03697-4434-454b-9c62-437715ea6e9a,species,SP435,order,Ansériformes,,,
6650d3da-fd80-4dd1-a7b6-cad2e5cd280e,species,SP435,species,Tadorna tadorna,,,
34f6d3b8-19a0-466d-92ff-03e2ef41aa50,species,SP435,subside_group,SG1,,,
aab19c17-ca21-43c4-a360-779ab3a4681e,species,SP436,agw_group,Micro-mammifère,,,
a55cba50-847d-42c8-8d4e-c8c3911b2159,species,SP436,class,Mammalia,,,
f70a36ec-7bbd-48d6-81c9-a4ad7408261d,species,SP436,creaves_species,Taupe,,,
936214d0-824d-4d84-b07f-db6920b5897f,species,SP436,family,Talpidés,,,
51667a98-5d32-4aee-abad-30b1aebcac06,species,SP436,native_status,NS1,,,
47359acb-25dd-48f7-81ca-b2458d97cc90,species,SP436,order,Eulipotyphla,,,
0b717423-da25-4f0c-9160-106bdf31e403,species,SP436,species,Talpa europaea,,,
7e3608e9-ed66-43e7-a3a8-16460701821a,species,SP436,subside_group,SG3,,,
75c408ab-eea1-4599-a7f0-836d7c8463fb,species,SP437,agw_group,Mammifère taille moyenne,,,
161ab097-a036-4e97-9dd0-ed0def9747c0,species,SP437,class,Mammalia,,,
dad9020b-7296-4d5b-aa3e-9604923d53e3,species,SP437,creaves_species,Tamia de Sibérie,,,
9da44f0b-3d64-4539-8851-8b9fe976af8f,species,SP437,family,Sciuridés,,,
747bb36d-28e6-443c-a614-67eec195ee86,species,SP437,native_status,NS3,,,
a2c8f2c6-1eb5-4e07-9eb6-01aeb3c58b62,species,SP437,order,Rodentia,,,
34e29a4f-8511-4ae4-9b14-361ba4d39777,species,SP437,species,Tamias sibiricus,,,
0b380de9-b27b-4b5a-974c-f12622f560d6,species,SP437,subside_group,SG3,,,
923053ff-ef4c-4529-83a3-e49160456a3b,species,SP438,agw_group,Autre oiseau,,,
d67fd063-0c94-4159-9d9f-bb275f2fde03,species,SP438,class,Aves,,,
dc071295-c318-4544-93a7-f5135469964f,species,SP438,creaves_species,Tetras lyre,,,
e48e9f06-c8da-47c3-84df-e144a4749641,species,SP438,family,Phasianidés,,,
f67746a2-b6f2-4081-9992-d8b3775cadc5,species,SP438,native_status,NS1,,,
7458601f-30b0-42f1-a367-32b3460eee83,species,SP438,order,Galliformes,,,
278947ff-f740-464e-9590-6a42278d557c,species,SP438,species,Tetrao tetrix,,,
8bd78215-e5a1-4fcc-b39b-abf55c2e7975,species,SP438,subside_group,SG2,,,
f67d0327-20b9-45ea-aafe-32343f6729ac,species,SP439,agw_group,Autre oiseau,,,
2236c83b-92a1-43c4-85ab-59053a09d063,species,SP439,class,Aves,,,
29656c38-5188-4c13-93ea-a050b14c9e5b,species,SP439,creaves_species,Grand Tétras,,,
2f21dd9b-da3a-487a-836c-4ec7e0cde567,species,SP439,family,Phasianidés,,,
b65a4614-ce98-4a9c-8718-75a6e555d158,species,SP439,native_status,NS1,,,
1fcd6c0c-6cae-4484-9bf9-5d4eda3b1bc0,species,SP439,order,Galliformes,,,
3b477750-2622-442e-83a3-9934e861b832,species,SP439,species,Tetrao urogallus,,,
60f8c60b-e3ae-42a1-9bdd-94c87322a1ef,species,SP439,subside_group,SG2,,,
1d6230e2-d31c-4f14-beed-de5938bb746f,species,SP44,agw_group,Autre oiseau,,,
cdd83826-6a64-45ca-af71-1f242c6412cf,species,SP44,class,Aves,,,
6207c3b1-0e87-4fdc-9070-6ba6aa43f5c7,species,SP44,creaves_species,Martinet noir,,,
f7b3f621-0f79-46c1-89e0-13e7f9955319,species,SP44,family,Apodidés,,,
e1412cf0-8074-4096-8192-6de5c20a1987,species,SP44,native_status,NS1,,,
88263428-63c8-4afb-84a5-e8ccc12208ba,species,SP44,order,Apodiformes,,,
36b549b9-39f1-4c2a-9bfa-0341bde0435c,species,SP44,species,Apus apus,,,
e4318611-81dc-4e04-b4c5-25fcaafe4839,species,SP44,subside_group,SG2,,,
50b916e9-fb3e-4804-90ae-2e30e9dfd929,species,SP440,agw_group,Autre oiseau,,,
1dcfe73e-c784-4d5c-a999-121f565d946c,species,SP440,class,Aves,,,
0555d30d-d915-4ed2-98eb-652128263205,species,SP440,creaves_species,Outarde canepetière,,,
4f02fccf-02c8-4a0f-a6a0-d3d8cf364a2b,species,SP440,family,Otididés,,,
974e3ddf-40a8-4791-b162-a79b384a002d,species,SP440,native_status,NS1,,,
65f02fcb-3e0d-455d-adf0-47d666618d28,species,SP440,order,Otidiformes,,,
3150e455-95b3-4e06-bfd0-870918f20e1d,species,SP440,species,Tetrax tetrax,,,
de240ef1-c178-41b6-aa91-0602e0241c54,species,SP440,subside_group,SG1,,,
2cfaea0d-e2e9-41de-9c91-7a3b5643ffc1,species,SP441,agw_group,Autre oiseau,,,
1a3dc05e-167d-417e-9ef9-4159ce32d843,species,SP441,class,Aves,,,
2c9a945e-8499-4717-a164-dcaa6d16836b,species,SP441,creaves_species,Tichodrome échelette,,,
28deffa5-08a6-4e67-9ee3-48c32162bb6f,species,SP441,family,Tichodromidés,,,
0a9509b8-93e3-4893-94ae-01a653b46c0d,species,SP441,native_status,NS1,,,
6ea9e821-e66b-4fdb-8854-6a2901cb9f4f,species,SP441,order,Passériformes,,,
7c26c660-6062-4528-99ac-05114700028f,species,SP441,species,Tichodroma muraria,,,
a86b6cfc-1e8f-44ed-bfd5-6b500f443711,species,SP441,subside_group,SG2,,,
b6429e49-a0be-4c73-836b-f216ce179851,species,SP442,agw_group,Reptile,,,
40ee4d7c-f5a6-4cc5-8686-871954b0dbcf,species,SP442,class,Reptilia,,,
f47a2b21-80c5-499f-9632-1ab9fbfc8fb6,species,SP442,creaves_species,Tortue aquatique,,,
bc39e2a2-e661-42c0-8dac-2817d02f5998,species,SP442,family,Emydidae,,,
bfd19830-6184-44e9-9c95-833f7c1f7a88,species,SP442,native_status,NS2,,,
bedc701e-3d3c-465b-93d9-14dddaa46e9a,species,SP442,order,Testudines,,,
dc68e2e1-02e9-4bf8-af9c-1287119dfa81,species,SP442,species,Tortue aquatique,,,
6da089fe-20de-4fcc-8ccb-f948c182ac02,species,SP442,subside_group,SG2,,,
33ae7e99-ec01-4df7-8c75-c71240dfad6f,species,SP443,agw_group,Reptile,,,
2e5bc7e6-5e48-4f57-997d-db6b58bcaf9e,species,SP443,class,Reptilia,,,
dd68be2b-da1a-498b-a7a7-67967ca4a2e7,species,SP443,creaves_species,Tortue de Floride,,,
a04a2662-4ac7-4ede-8bbc-9e9a9d95bf9b,species,SP443,family,Emydidae,,,
8c16ea09-783a-44af-959f-982d18743845,species,SP443,native_status,NS3,,,
7088b841-17b9-4985-89b3-ac2673f08987,species,SP443,order,Testudines,,,
32d8041f-d76c-4d4c-b245-639ee77e5caa,species,SP443,species,Trachemys scripta,,,
0a37d9a2-8755-4e6c-b840-a28e904862a5,species,SP443,subside_group,SG2,,,
c1df1353-65f4-4ad4-b3cb-a7ad014be946,species,SP444,agw_group,Limicole,,,
f2b88d11-3013-434c-a852-fd8545e063d3,species,SP444,class,Aves,,,
10cc3be8-f176-4a21-8863-68a1a1eb1c02,species,SP444,creaves_species,Chevalier bargette,,,
8dc49578-e88d-406d-af8b-d57893e4c3b7,species,SP444,family,Scolopacidés,,,
56d9e42b-8acb-469d-8599-d4de5bb99298,species,SP444,native_status,NS1,,,
8c113ef2-342f-446e-a91d-1f4e2a8fc8b4,species,SP444,order,Charadriiformes,,,
dafc4d86-d18c-480c-a340-e496a0456dc9,species,SP444,species,Tringa cinerea,,,
774d67f8-2582-45e2-a451-62e18111d887,species,SP444,subside_group,SG1,,,
693ab775-c180-447e-93f3-7492ae066193,species,SP445,agw_group,Limicole,,,
d3f152fb-7588-41f6-a299-0855426012e5,species,SP445,class,Aves,,,
21a4d224-52a3-4af0-aa32-c60cd1a85ece,species,SP445,creaves_species,Chevalier arlequin,,,
0e0ab4ff-aea4-4c7b-93b7-c1022bd34099,species,SP445,family,Scolopacidés,,,
a956ff11-cd2e-4b74-8170-0b0dd812c313,species,SP445,native_status,NS1,,,
8838c79f-72f1-408a-9a73-57a77050f059,species,SP445,order,Charadriiformes,,,
f3476023-cf22-420d-ba29-7d3bb19a0720,species,SP445,species,Tringa erythropus,,,
e89f2ed6-b967-43f6-849f-24822b6b3817,species,SP445,subside_group,SG1,,,
fd1bcd5e-3032-4ad4-9eda-3b6a1185be8f,species,SP446,agw_group,Limicole,,,
dde409ce-3c58-406e-bb61-122075cfc872,species,SP446,class,Aves,,,
b5ac15c4-bd23-4e3a-a76e-bb81949f1b4e,species,SP446,creaves_species,Chevalier sylvain,,,
8e53d3b8-b216-4baa-bbc8-c07759053847,species,SP446,family,Scolopacidés,,,
6aa30f6b-bd3d-4a8f-bdc7-17dc09451c45,species,SP446,native_status,NS1,,,
0836577b-0d7f-4f8a-b8b9-f4074d29e924,species,SP446,order,Charadriiformes,,,
e7b0d71d-4c7a-46e5-b6dd-2f90a6d791d4,species,SP446,species,Tringa glareola,,,
261e8df5-a8a4-42e6-9f27-26a4725f3127,species,SP446,subside_group,SG1,,,
4ae2b341-aae5-4b70-ab44-c8fe2540d9b8,species,SP447,agw_group,Limicole,,,
2aab02ec-644c-444b-a036-6c80d18961a7,species,SP447,class,Aves,,,
fde2a2bc-99fa-4782-b22f-05dacaee06a0,species,SP447,creaves_species,Chevalier aboyeur,,,
6b7b0204-6baa-4c51-94b2-3611ecc9491a,species,SP447,family,Scolopacidés,,,
630f8562-b759-4bda-b148-287bb83bf90a,species,SP447,native_status,NS1,,,
6e54a3fb-4f4a-44f7-be05-8a202e54cf3c,species,SP447,order,Charadriiformes,,,
a018bc5f-e819-4203-9189-e9dea03ca777,species,SP447,species,Tringa nebularia,,,
69cc3287-1592-4014-80d7-62e28df8f58f,species,SP447,subside_group,SG1,,,
274d7f80-a9ae-4b3b-be29-75daacdf1355,species,SP448,agw_group,Limicole,,,
ddc6a8bb-482d-41e0-8c5b-7c870ba99148,species,SP448,class,Aves,,,
2a4015f5-8952-429c-8399-2d2b6b131743,species,SP448,creaves_species,Chevalier culblanc,,,
39ff1cec-cfaa-48c6-9129-6ef1a0536aeb,species,SP448,family,Scolopacidés,,,
cc504b2f-8fab-4612-a1d3-045e47f0d7b8,species,SP448,native_status,NS1,,,
19cd54c2-8a11-4c8e-ae9d-11573dc9c162,species,SP448,order,Charadriiformes,,,
1d1e6d89-1cb3-4962-a90f-39051fcb9dba,species,SP448,species,Tringa ochropus,,,
19f83a3e-9ad2-4b3f-98f3-0ac5c0c6078c,species,SP448,subside_group,SG1,,,
0c59e5d2-690a-427a-8948-7f34e46d8f94,species,SP449,agw_group,Limicole,,,
7ecf2f49-4c6c-4556-a684-43690f927bc0,species,SP449,class,Aves,,,
bfc40275-8ba1-4883-89cf-6a34d3fe4b4e,species,SP449,creaves_species,Chevalier stagnatile,,,
6104bd53-f79e-4aa5-82fb-2039c7194ef9,species,SP449,family,Scolopacidés,,,
0ac49d55-3a4a-46f6-ba72-0f0a59e10668,species,SP449,native_status,NS1,,,
cf5640a0-4261-4d82-be2e-3da1ae904dd7,species,SP449,order,Charadriiformes,,,
2eeb1982-4c90-42b1-8566-ceef66b7158f,species,SP449,species,Tringa stagnatilis,,,
12255b64-9011-41fb-b25a-dcd5f6f3644c,species,SP449,subside_group,SG1,,,
a45a3e9b-bbeb-4033-b1d4-a50846c12ba6,species,SP45,agw_group,Autre oiseau,,,
1a45480e-10c1-484c-85b9-fc3fa29a84d5,species,SP45,class,Aves,,,
4c44b242-93bc-4769-bb74-fef0a74d9587,species,SP45,creaves_species,Martinet à ventre blanc,,,
aea9d0d4-99d0-44a2-8c32-295b9e44da45,species,SP45,family,Apodidés,,,
b3407c3a-e465-4a28-bb25-4dc7d6f0b663,species,SP45,native_status,NS1,,,
d1d9a10f-c7fe-468c-a9f4-b4eab53afe9d,species,SP45,order,Apodiformes,,,
a887de75-07dc-4c08-b333-bb664221e036,species,SP45,species,Apus melba,,,
7aedc15f-2a02-4e96-8727-205bedb6bcfb,species,SP45,subside_group,SG2,,,
52ea70fb-97d5-499d-aef0-a2e22dcd5865,species,SP450,agw_group,Limicole,,,
b86e55a4-05d7-4a41-97bb-9e12ff968656,species,SP450,class,Aves,,,
d60b208f-4bf8-43b7-9eba-4caf675cbf8b,species,SP450,creaves_species,Chevalier gambette,,,
be0e278e-a87f-47ea-bf2c-c5efb36fa7fe,species,SP450,family,Scolopacidés,,,
dd41be12-8014-4218-aa8a-9f2e0dd3ea3e,species,SP450,native_status,NS1,,,
c826a44e-1bec-41d1-876f-e80363b830f5,species,SP450,order,Charadriiformes,,,
dc88d8f3-b654-4887-a5f0-437cd3c98de2,species,SP450,species,Tringa totanus,,,
b8f7ac76-1c19-4fe0-9d78-58e1b9bf4ba3,species,SP450,subside_group,SG1,,,
56ea0092-f78d-40a7-8f62-a1e205f217f5,species,SP451,agw_group,Batracien,,,
bb9dfb70-7359-401b-a764-f87f0c576e5d,species,SP451,class,Amphibia,,,
0a40dab7-f279-4105-a96a-ead8e93d0aea,species,SP451,creaves_species,Triton crêté,,,
6be577ec-44e3-4686-9395-3f81e98b8c6c,species,SP451,family,Salamandridae,,,
3554816a-64e0-4937-9df1-43fb2cedf6b2,species,SP451,native_status,NS1,,,
7f3edc0d-c2f8-42c5-9c4b-d0506af47be3,species,SP451,order,Caudata,,,
18bccf11-1817-4731-992e-acdc4ddfe435,species,SP451,species,Triturus cristatus,,,
cba6eba9-ea1d-40e8-abc4-a265a54eb2b4,species,SP451,subside_group,SG2,,,
d695a7f1-14c9-4460-b2b5-388cb04410a9,species,SP452,agw_group,Autre oiseau,,,
642506b3-7cf9-4ae6-82b9-def46529c0a4,species,SP452,class,Aves,,,
56639c0f-4cc0-4daa-bc52-07ce745f0477,species,SP452,creaves_species,Troglodyte mignon,,,
87d5f3f2-0079-45be-9efb-fc88916ae6e9,species,SP452,family,Troglodytidés,,,
f1d8f3ea-eed7-43b4-91ae-45ff109cff43,species,SP452,native_status,NS1,,,
e099ae0d-c1c9-44e6-b237-0e85e661aeb8,species,SP452,order,Passériformes,,,
1c5406a1-270e-4ca7-8b3e-de8f6adfb0ad,species,SP452,species,Troglodytes troglodytes,,,
c683b33c-3c71-4e34-91fa-5c7c97fcc1b8,species,SP452,subside_group,SG2,,,
4df471b1-7037-4976-8f54-81405ad173c5,species,SP453,agw_group,Autre oiseau,,,
ba053c53-72ea-449d-938d-ef369572ec96,species,SP453,class,Aves,,,
66ed24b2-ca08-4621-930f-147940027834,species,SP453,creaves_species,Grive mauvis,,,
dd024d7f-d907-486a-ac7a-35b479644f22,species,SP453,family,Turdidés,,,
cc9fd0f9-0e3c-4b0b-a89e-8c8875c4cb63,species,SP453,native_status,NS1,,,
bcba53d5-d1ee-4092-a8bb-f9fc9ec2e307,species,SP453,order,Passériformes,,,
87e68232-f39b-43c1-a7aa-6c0ee8e9b708,species,SP453,species,Turdus iliacus,,,
806b1837-a79d-40ed-bf09-acac1ee02156,species,SP453,subside_group,SG2,,,
f1eddf0e-ba07-49f4-9e9a-83190ca72c3d,species,SP454,agw_group,Autre oiseau,,,
69969a6f-dcd8-4b01-a909-14bc47eba751,species,SP454,class,Aves,,,
66ec9f0c-9d12-420f-92bc-7f839d88e24d,species,SP454,creaves_species,Merle noir,,,
5281aaba-1090-47bc-919e-fecf921c3bc6,species,SP454,family,Turdidés,,,
3c9a3ccf-78c4-4819-9274-550ae2cc194c,species,SP454,native_status,NS1,,,
aef6027d-64d6-4bd8-aba7-8299b560c8f6,species,SP454,order,Passériformes,,,
843249bf-6250-46fb-9eca-4897a5fc03fb,species,SP454,species,Turdus merula,,,
90522f53-6071-4cd2-b6a8-de5c26cde554,species,SP454,subside_group,SG2,,,
11bdf248-0f28-4607-82f4-2d743ada6660,species,SP455,agw_group,Autre oiseau,,,
217b6a8f-c1ba-4150-8e4d-3f178520232e,species,SP455,class,Aves,,,
cb5024c8-39f2-41c3-bed7-87693442cb69,species,SP455,creaves_species,Grive de Nauman,,,
c0cae953-1daf-493f-b6d0-f6c0c446e946,species,SP455,family,Turdidés,,,
4905eb93-e6d8-45e5-8938-a56acfb936a2,species,SP455,native_status,NS1,,,
84e6d0f9-c939-43a2-b353-5ffa29cfac0e,species,SP455,order,Passériformes,,,
207efd52-0964-4f56-a049-38eb16541320,species,SP455,species,Turdus naumanni,,,
c9d3d5b2-3ca1-486c-8c8d-0118dfd1f11e,species,SP455,subside_group,SG2,,,
9cf3c6b8-4e82-4050-84db-dcafc1e7df71,species,SP456,agw_group,Autre oiseau,,,
d8119a9a-6fd0-4430-bce2-7b707b1f1f9f,species,SP456,class,Aves,,,
d393b43e-d49c-4d4b-96f6-15e9d2b33440,species,SP456,creaves_species,Grive obscure,,,
81e369f9-0830-47b9-8435-f00c9ebde135,species,SP456,family,Turdidés,,,
14d58fe0-734f-497a-96a4-66134d1c693a,species,SP456,native_status,NS1,,,
973c70d1-47b1-41a7-b9aa-25e7a82f1ee2,species,SP456,order,Passériformes,,,
2c9290e5-1b22-4c99-85fb-f318aea49f1b,species,SP456,species,Turdus obscurus,,,
d9af5dba-c8a9-4159-bc3e-056f5139d66d,species,SP456,subside_group,SG2,,,
b9cd5ff1-c03a-434f-869e-11b74968bc64,species,SP457,agw_group,Autre oiseau,,,
44304ac0-b142-42db-8081-7f0e610105cd,species,SP457,class,Aves,,,
c330b408-c03f-4b4f-a167-d87c68b58e4a,species,SP457,creaves_species,Grive musicienne,,,
67f027fb-e4ca-422b-943e-c44fb228ca39,species,SP457,family,Turdidés,,,
c60d7c82-7eda-4142-b3ae-20d890c5c33e,species,SP457,native_status,NS1,,,
fe349e50-e46e-4963-bf1e-99d15c166e31,species,SP457,order,Passériformes,,,
ab45cda7-7ec8-4f54-b72a-bfb51a812172,species,SP457,species,Turdus philomelos,,,
6ae8eaaa-1bc4-4794-ac8c-01a7be64042c,species,SP457,subside_group,SG2,,,
f9da387c-14d7-4fee-a246-3da12a5df93a,species,SP458,agw_group,Autre oiseau,,,
b7674c99-ac98-4a7b-91e6-fdee52133d8c,species,SP458,class,Aves,,,
028ef7fa-8049-4e56-b938-4293f2ee118a,species,SP458,creaves_species,Grive litorne,,,
f1890da2-f207-43e7-873c-4a0012959e5f,species,SP458,family,Turdidés,,,
6105fd5e-9e4c-45dd-996e-285e1dc895a1,species,SP458,native_status,NS1,,,
718441ba-4d43-41f8-b42e-afaf62b23b7d,species,SP458,order,Passériformes,,,
fd6a569e-c808-4170-a0e7-7c1fe8c46f11,species,SP458,species,Turdus pilaris,,,
48a623b8-1884-4522-a1f8-25a0d039bd14,species,SP458,subside_group,SG2,,,
256ddca1-8ee0-44f4-9ef6-a6ecbe94bd76,species,SP459,agw_group,Autre oiseau,,,
f4faa8a9-f675-43de-8a30-e235d35a6e9a,species,SP459,class,Aves,,,
b3df605b-2dde-4dea-b48c-f906ae7788b3,species,SP459,creaves_species,Grive à gorge rousse,,,
7c052153-3aa1-4c6a-804d-89996e202f1c,species,SP459,family,Turdidés,,,
35772931-6cf4-4461-bee4-27287d5ec69e,species,SP459,native_status,NS1,,,
b5837b10-fdfa-4782-89d4-65a64cdb6bf9,species,SP459,order,Passériformes,,,
06a99610-edd5-4447-97b4-74a6d67a393c,species,SP459,species,Turdus ruficollis,,,
923251ba-281f-45e6-adfd-d85cbdf7f8c5,species,SP459,subside_group,SG2,,,
8a9a454f-7ad9-4e24-80c6-2b8b9a367a29,species,SP46,agw_group,Rapace,,,
f400418a-c822-4bb5-ab52-db6048cde3a6,species,SP46,class,Aves,,,
a435e5ee-3919-4162-8502-53705f68685e,species,SP46,creaves_species,Aigle royal,,,
9e621e8b-f48e-49c8-a498-3a100fe2f86e,species,SP46,family,Accipitridés,,,
5f5c1d71-8990-4ed9-a4ed-309ca9d7c9c7,species,SP46,native_status,NS1,,,
0ecd199a-7cdf-4c32-8d75-949136ca70c8,species,SP46,order,Accipitriformes,,,
dfb2cab8-3130-4c6b-99d0-86c30211fee1,species,SP46,species,Aquila chrysaetos,,,
29bce99b-c25d-449f-8883-1c8632f67a1c,species,SP46,subside_group,SG1,,,
f22fde4d-77ca-4d00-95d5-97303b794a77,species,SP460,agw_group,Autre oiseau,,,
be547e8d-4c16-4b52-8a7a-2f71e656203d,species,SP460,class,Aves,,,
9f81fac7-5f91-4541-ab18-757e3e2c7ea0,species,SP460,creaves_species,Merle à plastron,,,
9b1fda1b-bfab-463a-8e33-60f55dc9fe31,species,SP460,family,Turdidés,,,
a7c0acd4-5ec2-4476-bf87-8d9d06d968f5,species,SP460,native_status,NS1,,,
5aa24565-e071-47f6-9f57-dbb7b58a2640,species,SP460,order,Passériformes,,,
0e0d9407-6b1a-410f-8d7f-2bab088bda45,species,SP460,species,Turdus torquatus,,,
5d1f57e9-1897-4773-901e-e5ca220b6ecb,species,SP460,subside_group,SG2,,,
b8f5c334-8fa5-43cc-88aa-bc6390bffb9d,species,SP461,agw_group,Autre oiseau,,,
30170d58-0a15-4ed7-a90f-c6d24857232a,species,SP461,class,Aves,,,
54931a14-dee9-464b-9f38-777b76093b95,species,SP461,creaves_species,Grive draine,,,
c3125452-5a87-47ff-9e09-85cbd3c9d2ff,species,SP461,family,Turdidés,,,
2ee13f95-f19c-49f7-b6c7-b3434cfd887a,species,SP461,native_status,NS1,,,
2b20afb0-9a99-4376-b42d-aa8fb07df242,species,SP461,order,Passériformes,,,
8eaa3534-88d5-45d2-a667-c4267d09acc6,species,SP461,species,Turdus viscivorus,,,
9da2f35c-08d0-405d-8899-019646c48071,species,SP461,subside_group,SG2,,,
92d652ce-ad76-414e-8993-deabf7abd938,species,SP462,agw_group,Rapace,,,
8c638553-9594-4ae4-952e-338a4c9aaf69,species,SP462,class,Aves,,,
6f22723f-56be-4feb-8588-3d5879cc0a88,species,SP462,creaves_species,Effraie des clochers,,,
eeb5e30d-4389-411c-a41c-136e92fb5c51,species,SP462,family,Tytonidés,,,
64c430a0-f0f7-4dce-99d4-21841ee15dd5,species,SP462,native_status,NS1,,,
89e38ad8-fb29-4703-929f-159f5c7a4eb3,species,SP462,order,Strigiformes,,,
32a5d032-be6c-46e7-bd2c-c0cea53b83f3,species,SP462,species,Tyto alba,,,
5c66ea6b-b85c-4884-8649-926ab1172365,species,SP462,subside_group,SG1,,,
0b6d69ed-0a51-41cb-8f41-ffd0239bfda8,species,SP463,agw_group,Autre oiseau,,,
ec47ea1a-da03-4e81-b850-a37e2e146862,species,SP463,class,Aves,,,
649df75f-e5e2-435c-8579-9e3634c40f25,species,SP463,creaves_species,Huppe fasciée,,,
3dff4bc4-1fac-4efe-9f5a-3fa671524bdf,species,SP463,family,Upudidés,,,
d28abd21-b9fe-4d0f-a887-f4a5888246f9,species,SP463,native_status,NS1,,,
e3c6796c-9d27-4fe6-82a4-e70975e0ae42,species,SP463,order,Bucérotiformes,,,
8c9b593e-fe9b-4d28-b787-ed3f1cbb20ac,species,SP463,species,Upupa epops,,,
51727595-cd88-45cb-91ed-0071b08d44f5,species,SP463,subside_group,SG2,,,
a7cbec1a-485f-4fdd-abd4-d2f5f1b8bfa4,species,SP464,agw_group,Autre oiseau d'eau,,,
1429e210-9307-4341-bdb1-778b212623cb,species,SP464,class,Aves,,,
fe42b548-300a-4434-b37f-9755a65cff85,species,SP464,creaves_species,Guillemot de Troïl,,,
f47c5c31-b590-4389-80d4-bb51e924a86d,species,SP464,family,Alcidés,,,
ae2f1198-adf1-4b36-b25a-5d5203f876b7,species,SP464,native_status,NS1,,,
f4e4029d-be1c-4f6a-9f67-d054a5a3c7d4,species,SP464,order,Charadriiformes,,,
97810cdf-1378-41f5-85c6-ba0462cf80da,species,SP464,species,Uria aalge,,,
c59ead3f-4fe7-408c-8853-2f11c1c296ae,species,SP464,subside_group,SG1,,,
01135e66-6db1-4386-8181-f274ad0fc845,species,SP465,agw_group,Limicole,,,
2426d46a-c254-413b-b0f4-be67226abec9,species,SP465,class,Aves,,,
91a365b0-2647-47bd-af9a-105e7ca49e91,species,SP465,creaves_species,Vanneau huppé,,,
0b9f4c2d-f19a-40ad-9a74-be5a8a1fcaef,species,SP465,family,Charadriidés,,,
f93ee3d7-0e8a-41ef-bb13-b0a3deeb2674,species,SP465,native_status,NS1,,,
1a22c7b5-2418-4424-865f-6ed1211fef7b,species,SP465,order,Charadriiformes,,,
caf36699-79d1-41a9-85f5-c87231046d0b,species,SP465,species,Vanellus vanellus,,,
66525846-9868-4348-aae7-9d74f8a5323b,species,SP465,subside_group,SG1,,,
fa8cfb4b-36b5-4a15-84ad-7b4bc9a5fd4a,species,SP466,agw_group,Chauve-souris,,,
9935a0a3-3195-4186-9bd3-ba54ab600b47,species,SP466,class,Mammalia,,,
c3dfc9d5-c2dd-4382-9f25-2c3b686c2117,species,SP466,creaves_species,Serotine bicolore,,,
836d2cc3-f625-417a-9d39-3e0b3fb0a14b,species,SP466,family,Verspertilionidés,,,
14ed2829-e9d6-4930-93dc-40708cbb7399,species,SP466,native_status,NS1,,,
b7be1404-d5e5-4e26-a921-2c32609147eb,species,SP466,order,Chiroptera,,,
bfcd55b1-e8d6-477f-95b3-43c473cc4794,species,SP466,species,Vespertilio murinus,,,
a8d08b1a-8edd-44e5-a198-15ed4703e817,species,SP466,subside_group,SG2,,,
30d0111b-3cd4-426c-838f-b679416fa085,species,SP467,agw_group,Reptile,,,
1c253325-b98d-473c-a87c-a29bb6f018f0,species,SP467,class,Reptilia,,,
dfa2b670-938d-4489-868d-fbb51c71bd30,species,SP467,creaves_species,Vipère péliade,,,
03d80da0-0e85-41d3-a628-a27fcf583c21,species,SP467,family,Viperidae,,,
13ba7bfe-f1fe-4ee3-ae2b-2f1810b918b4,species,SP467,native_status,NS1,,,
ed0d44a9-da98-4e31-bbea-687539748cf5,species,SP467,order,Squamata,,,
5064066a-9fa1-44b4-925b-344250b4adfd,species,SP467,species,Vipera berus,,,
4dc4bfd7-01a0-4faf-a39f-aa644d88e17e,species,SP467,subside_group,SG2,,,
41c4b810-6d6e-4b27-9600-386b12e10cf9,species,SP468,agw_group,Mammifère taille moyenne,,,
67047238-d605-47fc-942b-a28e72d6232d,species,SP468,class,Mammalia,,,
a6cd72b5-5d93-4339-ae69-2242f184a43e,species,SP468,creaves_species,Renard roux,,,
642ee249-eb5c-4d99-973f-89b2d99dbaaf,species,SP468,family,Canidés,,,
c2799c70-c307-4d0b-989f-333f1abe7e26,species,SP468,native_status,NS1,,,
4600967a-ff46-48c9-b660-cdca0d891f49,species,SP468,order,Carnivora,,,
8a3a64c2-a8d3-4893-a36b-57673dbd5265,species,SP468,species,Vulpes vulpes,,,
d95501a8-c2fd-48c0-a7eb-b2d0c5a45da0,species,SP468,subside_group,SG3,,,
ba2e0674-e7c1-4677-96c0-d9e949eb7151,species,SP469,agw_group,Batracien,,,
1e05d946-9bc8-4097-b257-a33cf66665f8,species,SP469,class,Amphibia,,,
90023d19-655a-4b86-a8b2-8f47daf8b4e5,species,SP469,creaves_species,Xénope lisse,,,
9beee3f6-5546-4e5e-9a9a-fedba9f0454c,species,SP469,family,Pipidae,,,
72914efd-cd4c-4463-b4f2-9d203d41be2e,species,SP469,native_status,NS3,,,
16b8c6cd-95e8-4cb4-a013-7e79769ae660,species,SP469,order,Anura,,,
c3c4d234-ede1-4adb-9893-5e2584cdf05a,species,SP469,species,Xenopus laevis,,,
5c384341-7700-47be-8f8d-6fda8906b8f0,species,SP469,subside_group,SG2,,,
f4d69ebe-7bbe-42b9-992b-e79965cf426b,species,SP47,agw_group,Rapace,,,
b8136042-4335-49e8-b2db-db36befb9873,species,SP47,class,Aves,,,
d6dcaf7d-8558-4b55-b647-f2a4be81382c,species,SP47,creaves_species,Aigle criard,,,
89d7daa5-7571-4d26-bc85-cd38b2bd0aee,species,SP47,family,Accipitridés,,,
e2cf9c29-3dec-4c94-a2ac-7ecbe9bbe896,species,SP47,native_status,NS1,,,
796b44ec-0f24-48c9-a70c-22a0f6863de9,species,SP47,order,Accipitriformes,,,
6bc21ab9-d029-40fe-94bd-42647927dc90,species,SP47,species,Aquila clanga,,,
bc0d4580-e310-4323-8d47-1af7459e97e4,species,SP47,subside_group,SG1,,,
1ac6bd5e-5121-4694-beaa-354afa82968a,species,SP470,agw_group,Autre oiseau,,,
7eaf1a59-dbb0-4820-b863-5987d370492f,species,SP470,class,Aves,,,
fcf62102-3e3b-4474-9aec-2d7a55fca51d,species,SP470,creaves_species,Grive dorée,,,
b32d5b7b-2b63-4ded-95d1-c548a49e97ce,species,SP470,family,Turdidés,,,
52468695-cd75-46dd-a58d-da0dc91e8389,species,SP470,native_status,NS1,,,
628cd662-150e-4418-801e-866a7ee4a957,species,SP470,order,Passériformes,,,
42ae2642-2223-45a2-9983-a6b4cd7ba354,species,SP470,species,Zoothera dauma,,,
071863e4-a045-4148-8cdd-6babecc46371,species,SP470,subside_group,SG2,,,
152cc6e0-4cc1-4a76-a1f3-aafbcb4a9f84,species,SP471,agw_group,Autre oiseau,,,
abfa2d33-3874-4095-a3fc-e37762ac066b,species,SP471,class,Aves,,,
cd1a1a74-68a9-4591-b1af-522813d0de86,species,SP471,creaves_species,Grive de Sibérie,,,
8751bc5c-0e2b-48c5-b4ea-25afc4fdd17e,species,SP471,family,Turdidés,,,
b2e2a125-309d-49ef-ab71-f10c151546bc,species,SP471,native_status,NS1,,,
792f8ed6-b833-4b05-9618-99e57a511371,species,SP471,order,Passériformes,,,
2664db87-50dd-4b62-8005-0ffdb86fcb11,species,SP471,species,Zoothera sibirica,,,
74832019-e0f8-436b-a5b9-5d4d1e84ae98,species,SP471,subside_group,SG2,,,
7be6c2ed-9c26-46c5-8114-2371edd0fe09,species,SP472,agw_group,Reptile,,,
e3d69f60-2b07-4549-b523-5957b621049c,species,SP472,class,Reptilia,,,
a9f2da54-d201-4832-9121-c4d35b3ec027,species,SP472,creaves_species,Lézard vivipare,,,
edcad136-3c65-4e8e-b63a-f46d2cc92653,species,SP472,family,Lacertidae,,,
07a5fd40-3247-456c-b254-32204d8a548d,species,SP472,native_status,NS1,,,
dc7c1fa1-0163-4a0e-aec1-d47f3e9d5981,species,SP472,order,Squamata,,,
1ae9b468-f539-4e8b-a00c-f930114a4d7b,species,SP472,species,Zootoca vivipara,,,
45ce6cc9-f9f8-45e7-8433-890ff89b3679,species,SP472,subside_group,SG2,,,
70980377-1af4-499e-981f-28138346f785,species,SP473,agw_group,Autre oiseau,,,
2ee68a4f-3f13-41af-b47c-8d67ba687fa3,species,SP473,class,Aves,,,
210da0b1-79fa-4f96-a218-6ef8a20497b6,species,SP473,creaves_species,Sizerin cabaret,,,
183765e4-1cd7-4789-9a3f-0b6493ab9e92,species,SP473,family,Fringillidés,,,
48d82923-9336-4ea0-aaca-b8fb6627205e,species,SP473,native_status,NS1,,,
88a3ace0-0e79-48dd-9ddf-aa2f8a78e70b,species,SP473,order,Passériformes,,,
dff80412-eaef-4f19-b347-77bdde608827,species,SP473,species,Acanthis cabaret,,,
a6df410f-c4c5-41be-a6a8-6dba2f0f784e,species,SP473,subside_group,SG2,,,
50a762d6-5c56-441e-9f3d-31885d632aaa,species,SP474,agw_group,Domestique,,,
cf3e9297-8d50-43f6-9553-8704c4c7e991,species,SP474,class,Aves,,,
8637aecd-12b9-4f9c-895b-9937e4406451,species,SP474,creaves_species,Canard semi-domestique,,,
5a7fffbf-fe49-4b11-9a4d-e8d3029f2e61,species,SP474,family,Anatidés,,,
c94721b8-41bd-4406-9bde-c2c198991be8,species,SP474,native_status,NS4,,,
aeda4d90-2e56-4ba4-983f-13a8430847e9,species,SP474,order,Ansériformes,,,
1e6019ce-ad18-4c2a-84a4-651d461856fd,species,SP474,species,Anas,,,
ced302dc-5aea-4cef-a7a4-be46acf96742,species,SP474,subside_group,SG4,,,
355ddd66-5517-4d2b-afc7-737ceea76897,species,SP475,agw_group,Anatidé  / grèbe,,,
ee6333fc-30f0-4874-a09f-8f94b558fe71,species,SP475,class,Aves,,,
3224ed35-7e2c-4ce8-a956-5a66aabe2f58,species,SP475,creaves_species,Oie à tête barrée,,,
be9f7f3a-0f3e-4a1d-ae66-b0cd7dbc79f4,species,SP475,family,Anatidés,,,
1e34db79-8b78-461a-ba05-239a8e9078c7,species,SP475,native_status,NS1,,,
72b79208-14c6-49ef-843f-b134f3fa3c6f,species,SP475,order,Ansériformes,,,
ec814d60-d05a-4d6c-afda-43377a965b43,species,SP475,species,Anser indicus,,,
88b0852a-087c-40c3-8d51-a4e38999978c,species,SP475,subside_group,SG1,,,
1941131e-00b7-4bb6-a09d-41e2be703c6b,species,SP476,agw_group,Micro-mammifère,,,
495b59d9-294f-47f7-8891-0be4dd1df9a9,species,SP476,class,Mammalia,,,
4eceb61c-a5da-4750-aa35-a98e940868ba,species,SP476,creaves_species,Hérisson à ventre blanc,,,
2b7ff536-dc23-4a03-b18e-f1d9a2849ca4,species,SP476,family,Érinacéidés,,,
e66182ea-ef24-4280-8556-4ab80b99a4b6,species,SP476,native_status,NS5,,,
e7816f64-e6c2-4c26-810e-1740c2239fc6,species,SP476,order,Érinaceomorphes,,,
4d01272d-0c4a-415e-8f63-55a82079f2ba,species,SP476,species,Atelerix albiventris,,,
0e9a4787-cace-4ba4-a973-daa6587e24ae,species,SP476,subside_group,SG4,,,
55c437b6-cd8c-4e92-a56e-19e5fa9421ac,species,SP477,agw_group,Autre oiseau d'eau,,,
54e85d86-9057-4f2e-bc14-505bd9abc0fe,species,SP477,class,Aves,,,
75419f77-879a-4301-8e58-18bcd08a4480,species,SP477,creaves_species,Grue royale,,,
1a48f213-4d78-4735-8f21-f1ddab47d333,species,SP477,family,Gruidés,,,
9f2f8d96-4204-4a40-9907-d4c55bc91fb8,species,SP477,native_status,NS5,,,
94be55c2-aa52-495f-8e51-6054c88eb290,species,SP477,order,Gruiformes,,,
0524658d-9209-4b42-b3ca-c4678b42c20b,species,SP477,species,Balearica regulorum,,,
eb714437-2c73-47fd-89d8-74f6114dc3f6,species,SP477,subside_group,SG4,,,
8c3e8c93-3032-4dc0-9842-60e7c51ce4ac,species,SP478,agw_group,Domestique,,,
12fd3a7f-220d-44b3-a771-2c6c3a221bb3,species,SP478,class,Aves,,,
663ca214-78b3-4672-bfc9-1c0b598a9940,species,SP478,creaves_species,Caille du Japon,,,
fad113c0-8397-4f29-a699-a3743383de2c,species,SP478,family,Phasianidés,,,
208c2d66-83e6-4ea3-9d2c-aa3c97477f96,species,SP478,native_status,NS4,,,
dd411eab-b0f8-4049-8511-b7429fb35d8d,species,SP478,order,Galliformes,,,
7a96636d-c010-48e4-b31c-b4875eed84cd,species,SP478,species,Coturnix japonica,,,
955752f6-7e6b-4533-aabe-e6628a9ec0b8,species,SP478,subside_group,SG4,,,
a39cdcf2-852f-47a7-bcc8-a8d1a5034706,species,SP479,agw_group,Reptile,,,
8c18f685-27b1-4fb7-a6eb-ea0bda6d48f1,species,SP479,class,Reptilia,,,
371fcad7-5b4e-470f-9c5c-20b68e4725b6,species,SP479,creaves_species,Cistude,,,
cf246008-823b-46d4-a9fd-22c9fb0a5d04,species,SP479,family,Emydidés,,,
f54e6161-0686-4665-b7f0-55390432d40a,species,SP479,native_status,NS5,,,
1038d3d2-21b9-45c0-adbf-6d579d6d885a,species,SP479,order,Testudines,,,
d6705269-94ca-4dda-92f7-1a89376cc3af,species,SP479,species,Emys,,,
176c7f7b-71dc-4efd-ab70-03c84864798f,species,SP479,subside_group,SG4,,,
cc8df18b-af54-49d9-b3af-1642d6175d02,species,SP48,agw_group,Rapace,,,
531466b8-50cd-4b77-9240-8865ba95aff9,species,SP48,class,Aves,,,
30c56333-81ea-48a7-b7ba-204ff63fd4bc,species,SP48,creaves_species,Aigle pomarin,,,
1e1c888d-be12-44bb-bf06-cdc77acacd99,species,SP48,family,Accipitridés,,,
21dba5d1-5240-447f-a291-8d9efa30efe9,species,SP48,native_status,NS1,,,
70129225-36d0-44ad-b898-6a382a92f1cd,species,SP48,order,Accipitriformes,,,
498d1585-8169-4283-a900-c2a1540fa0d0,species,SP48,species,Aquila pomarina,,,
fb9c3321-6694-4a07-8f82-51b3c14e2074,species,SP48,subside_group,SG1,,,
5a1ed7bd-9852-462e-baa5-66e297eff466,species,SP480,agw_group,Autre oiseau,,,
9d8d9d49-6c66-4b83-bdbd-12b6bb65dba2,species,SP480,class,Aves,,,
1f9f0bbc-6948-457b-9c74-705b8a4352a8,species,SP480,creaves_species,Paon,,,
edcfd8d1-bf77-4a5e-9122-1cd66c02f1c4,species,SP480,family,Phasianidés,,,
a2681d85-fc1f-46c2-ab69-ed75fa1d87b7,species,SP480,native_status,NS4,,,
17af8455-a79f-4578-8af0-c6ad975a1000,species,SP480,order,Galliformes,,,
1cd4d6b9-317d-4985-91ce-c811dc1c30b2,species,SP480,species,Pavo,,,
f2f0190d-6198-4087-b4ac-fe5c07877efa,species,SP480,subside_group,SG4,,,
2d90501c-5e0b-4c8c-9fd6-ea86b3399810,species,SP481,agw_group,Autre oiseau,,,
28bd6841-d0e1-4372-84cb-a0ae8d456967,species,SP481,class,Aves,,,
87f28bc7-ffa3-4483-9ee5-5e409239535f,species,SP481,creaves_species,Bouvreuil ponceau,,,
3825eec0-3920-4287-ae5a-4b8ae60984b5,species,SP481,family,Fringillidés,,,
31ed0ac8-1f2e-458a-be59-525060f02a87,species,SP481,native_status,NS4,,,
74f13f47-735f-448e-9c75-38303f71cdac,species,SP481,order,Passériformes,,,
218a1d0b-b6dc-48cc-b11f-31ada2737f39,species,SP481,species,Pyrrhula pyrrhula pyrrhula,,,
d4b7a9e0-611e-45fa-9b5a-bf3af4a44352,species,SP481,subside_group,SG4,,,
d8f15b4f-6a72-4f30-ad89-0df870e9fbc5,species,SP483,agw_group,Reptile,,,
aecc3de3-f536-40e4-a129-13e29123919d,species,SP483,class,Reptilia,,,
523222b3-0f84-442c-87d7-5ede387e367d,species,SP483,creaves_species,Tortue terrestre,,,
00efb187-6409-4af2-ba04-6b8d629b9d4c,species,SP483,family,Testudinidés,,,
779d8b65-f384-4671-83e6-cbc75da2f6bd,species,SP483,native_status,NS2,,,
014f8c69-20fc-4b00-b771-67d6325c896d,species,SP483,order,Testudines,,,
ab8069f0-be8a-4aa8-99f5-3a727964fac2,species,SP483,species,Testudinidae,,,
1517d07a-d5e2-494c-86ee-0d17c2449313,species,SP483,subside_group,SG4,,,
6d13422e-19e8-426d-b10d-820763c2f70d,species,SP484,agw_group,Reptile,,,
5ffdcf41-5945-418a-a29e-5619916ce036,species,SP484,class,Reptilia,,,
005c3f17-cb0a-4756-a058-0df3ed660073,species,SP484,creaves_species,Tortue d'Hermann,,,
a4ff2603-dc3c-4d8e-850b-194831b30f4f,species,SP484,family,Testudinidés,,,
8c8c2d22-6852-4422-a50d-eba91932bed5,species,SP484,native_status,NS5,,,
9c5b350c-ab7a-4911-aaed-ed9e4b55cbcc,species,SP484,order,Testudines,,,
f3efe449-5387-4aed-8d89-cb045eff88c0,species,SP484,species,Testudo hermanni,,,
67ae88de-ac26-4803-be0d-983e87a7944a,species,SP484,subside_group,SG4,,,
4ea3ea8b-cfda-43d8-ac4a-0e425123fcdd,species,SP487,agw_group,Domestique,,,
8ce3e926-aeeb-4dd9-9e37-2617a877b0fa,species,SP487,class,Aves,,,
8c6413d9-a885-48cb-8d64-5cbf36aadde2,species,SP487,creaves_species,Pigeon domestique,,,
f55778ed-bf7a-4829-9bf2-cdc7ff0adcb0,species,SP487,family,Colombidés,,,
a8e8eadc-e9b3-4a4d-acdb-937d913c1208,species,SP487,native_status,NS4,,,
ce67e891-1f57-4283-bd90-8ff98677b6b2,species,SP487,order,Columbiformes,,,
1dd5abb3-b256-4747-a22a-d8d42141afca,species,SP487,species,Columba livia var. domestica,,,
06832c64-b036-4dcd-9a90-ab503da91341,species,SP487,subside_group,SG4,,,
99d6065b-cbb9-47d4-b88d-9d130c1ccc65,species,SP488,agw_group,Domestique,,,
45a6fbe1-2dd9-4746-a8b7-39297b9b5762,species,SP488,class,Aves,,,
2d6a83ad-726e-4f55-be4b-be64007a74a6,species,SP488,creaves_species,Canard domestique,,,
94984a1f-f6a3-4ca5-aa42-062a3e7204d2,species,SP488,family,Anatidés,,,
b01fca07-878d-4ab6-9d82-22cd2aa0e4af,species,SP488,native_status,NS4,,,
fc9e4d1c-75d1-48e9-ac98-d52a64bb884c,species,SP488,order,Ansériformes,,,
ec51082c-311b-401e-b334-0b1b82549747,species,SP488,species,Anas,,,
edcc8d46-a3ab-438f-b0a4-676be481c66e,species,SP488,subside_group,SG4,,,
f44b86fb-989c-4303-8381-3f22f4b437f2,species,SP489,agw_group,Reptile,,,
8a47e328-686d-4ed5-903e-11dfb998afd8,species,SP489,class,Reptilia,,,
70cb24ee-1ffb-4af5-8fed-b440ed6d857d,species,SP489,creaves_species,Tarente de Maurétanie,,,
8fe73e72-6da5-45f2-b28d-4f687898a4d5,species,SP489,family,Geckonidae,,,
25c4f2b8-0250-4470-9053-c28fab94323e,species,SP489,native_status,NS2,,,
59234ebc-41ff-4e0b-bb4f-2bc818299691,species,SP489,order,Squamata,,,
311d9229-bb81-4ae5-937a-152f0fc7334e,species,SP489,species,Tarentola mauritanica,,,
d584ca3a-e588-4da9-b465-30766e498cca,species,SP489,subside_group,SG2,,,
68982189-e11c-4193-bdea-8a067f6217f5,species,SP49,agw_group,Grand échassier,,,
d0e4835d-237e-4d54-b772-64b56e178193,species,SP49,class,Aves,,,
381fd16b-72c7-459b-88d6-8bb6a6cbe0e8,species,SP49,creaves_species,Grande Aigrette,,,
adf22253-a8f0-41ff-a1eb-5361e838dbb4,species,SP49,family,Ardeidés,,,
c3b5c7e7-6ecb-49d7-951b-58d72637e59e,species,SP49,native_status,NS1,,,
ee4275cc-72d0-4556-a704-bfa0120d1ab7,species,SP49,order,Pélécaniformes,,,
10f9739c-ad00-4ad2-a914-55679e2696bc,species,SP49,species,Ardea alba,,,
d9c3b795-fb05-44bf-ad57-b92b59726d91,species,SP49,subside_group,SG1,,,
95390018-d614-4a52-b226-3d022637ae8d,species,SP490,agw_group,Autre oiseau,,,
566c8cef-5e23-416b-a5dc-e8aa2b241795,species,SP490,class,Aves,,,
94f85a92-21ab-42e0-a964-edc97b04a0fd,species,SP490,creaves_species,Perruche alexandre,,,
b68c52cb-b919-47b0-ae95-3028346c9d40,species,SP490,family,Psittaculidée,,,
a4cc8339-74a1-47a1-ae15-0277f5a760d2,species,SP490,native_status,NS5,,,
a522fc09-04df-41f6-b043-618f38f05e35,species,SP490,order,Psittaciformes,,,
25a1ee84-e8b5-4d9a-83d5-0ada2caa1dd8,species,SP490,species,Psittacula eupatria,,,
7f2f7b87-a62a-437c-82ae-deb5877cd6bb,species,SP490,subside_group,SG4,,,
ccc67666-5d42-4826-9e28-ede7d0c440c7,species,SP491,agw_group,Autre oiseau,,,
26e62533-f057-4d04-9c33-6f4a1d91c6db,species,SP491,class,Aves,,,
2cd7f8c6-a95b-49ab-9567-c7ae4d7220f7,species,SP491,creaves_species,Inséparable de Fischer,,,
8d2680dc-6135-47d4-a629-fc9e30360287,species,SP491,family,Psittaculidés,,,
67f087a4-0434-4880-82cd-a2dbd258311b,species,SP491,native_status,NS5,,,
fd7109a2-904a-416b-8b51-31a03729aaf6,species,SP491,order,Psittaciformes,,,
3bc6c17a-453b-4895-8b5a-7ada048e8951,species,SP491,species,Agapornis fischeri,,,
fbeefa11-3bd5-494a-81e2-b4876b15e2d4,species,SP491,subside_group,SG4,,,
16f3c830-5a23-4b79-90f7-1248beed4743,species,SP492,agw_group,Autre oiseau,,,
2ed70952-5b7c-401d-8ec1-801337be7707,species,SP492,class,Aves,,,
5a170d8d-061c-4b7f-992d-4ff88b16147e,species,SP492,creaves_species,Conure versicolore,,,
1205db00-60aa-4523-9e2d-0e07ac9a9cb6,species,SP492,family,Psittacidés,,,
f55e711b-df85-49b9-8e49-a7753357b6cd,species,SP492,native_status,NS5,,,
f7aadd92-30ba-4157-8b7a-93cc80571cb5,species,SP492,order,Psittaciformes,,,
301fc0ba-5069-44a4-b88e-27f9af9e3bcd,species,SP492,species,Pyrrhura picta,,,
f6589c6c-2084-47a5-a483-bcb8f304644a,species,SP492,subside_group,SG4,,,
c3562c69-ef48-4c12-9060-5bc114ef7f41,species,SP493,agw_group,Domestique,,,
aed9e8bf-32c2-4c3b-8d9c-03cb28369f4c,species,SP493,class,Aves,,,
aec154aa-317d-427f-b434-4a57097a26d4,species,SP493,creaves_species,Poule domestique,,,
0cfc07e8-c34c-40dc-a3c8-31a48b423a7d,species,SP493,family,Phasianidae,,,
fd20e47e-1bf7-4bc3-a65c-1db9092b9459,species,SP493,native_status,NS4,,,
7aa1b6c9-441e-4b15-b100-728adf2284e7,species,SP493,order,Galliformes,,,
a81dbbbb-a060-4e8a-8ec7-1772468cca51,species,SP493,species,Gallus gallus domesticus,,,
843ef182-2d9c-49db-ae4f-7302688eaaa6,species,SP493,subside_group,SG4,,,
a332947e-8d29-42a6-bf22-2ff58d3afaf7,species,SP494,agw_group,Autre oiseau,,,
7d80c197-d100-489f-901a-d2ba0fb662bd,species,SP494,class,Aves,,,
ce622cb3-964f-4a01-b352-a886257aa9f6,species,SP494,creaves_species,Diamant mandarin,,,
bef2d86f-761c-4115-af1d-b071c6cbe317,species,SP494,family,Estrildidae,,,
a087092d-503b-4db6-92cb-9fe710f5fc9d,species,SP494,native_status,NS5,,,
f5bc257e-3047-4ee3-ba9f-89621882ea08,species,SP494,order,Passériformes,,,
445bfde7-4417-4c70-b262-041546153e32,species,SP494,species,Taeniopygia guttata,,,
21b02f66-1cd0-49e8-8bec-45da7a1adf80,species,SP494,subside_group,SG4,,,
ab29dd6a-8814-4295-83dc-0e46240c045c,species,SP495,agw_group,Autre oiseau,,,
13473728-f775-45db-8f18-9165e336ba24,species,SP495,class,Aves,,,
1affda5a-6410-44d7-8e11-73c9daea62de,species,SP495,creaves_species,Conure,,,
479d72c1-232e-4b68-ba2a-79a6cd0eb2a2,species,SP495,family,Psittacidae,,,
d57594fb-1864-488b-a38e-b134ac3ae4e5,species,SP495,native_status,NS5,,,
cea74021-ea98-49ac-8ae4-ec2b99679f3c,species,SP495,order,Psittaciformes,,,
15c2ffe2-8d57-4b29-8458-b74c72ff5a8e,species,SP495,species,Pyrrhura,,,
34e92419-881c-4063-88c2-5807020f7a71,species,SP495,subside_group,SG4,,,
0da4388f-caa5-44d0-8cec-46a49e628350,species,SP496,agw_group,Domestique,,,
5fb15346-f33b-4f0e-8b35-4bb317cdb428,species,SP496,class,Mammalia,,,
b2b0da4d-fe58-4900-9319-cefc91ab0218,species,SP496,creaves_species,Cochon vitnamien,,,
25e6c8dc-7a70-457a-9de8-52d10515be53,species,SP496,family,Suidae,,,
1882b5a0-12a3-445e-abc6-f9647cb12384,species,SP496,native_status,NS4,,,
4bda8033-6cec-49be-9f14-1c4c52ec1cc0,species,SP496,order,Artiodactyles,,,
7736f49e-a858-4a84-a24f-6d6f11eef7f3,species,SP496,species,Sus scrofa domesticus,,,
cca88639-52fb-4ba0-b148-000ffa8bc511,species,SP496,subside_group,SG4,,,
3ee0106f-1789-4dd4-b162-9d8f570395f5,species,SP497,agw_group,Reptile,,,
6f63d379-3630-42f5-815b-f13d14ed1509,species,SP497,class,Reptilia,,,
55bfc8b1-6f22-40e5-9bbd-5adc3ac77924,species,SP497,creaves_species,Tortue grecque,,,
452c7497-6d5c-4a97-a36c-dba05530fa58,species,SP497,family,Testudinidae,,,
2b5a5eac-0e1c-4452-a5e1-c42623a41836,species,SP497,native_status,NS5,,,
14228bae-532c-488d-bd53-17bc7ed1cb44,species,SP497,order,Testudines,,,
6c2e93a7-2c01-467a-85ad-622ba0734d09,species,SP497,species,Testudo graeca,,,
01eb663f-85f1-4d58-a3b7-4f39733fb58b,species,SP497,subside_group,SG4,,,
c7038988-7799-405b-b573-7de1b8513395,species,SP5,agw_group,Autre oiseau,,,
f940cb95-bbee-414d-9d55-791214f7de21,species,SP5,class,Aves,,,
43d9ef30-1ed5-4505-afa0-7a649faaac34,species,SP5,creaves_species,Phragmite aquatique,,,
90af1e9d-283c-45ae-ae22-26fb13e6999c,species,SP5,family,Acrocéphalidés,,,
4fc805c3-2943-4186-b962-2b73746f6234,species,SP5,native_status,NS1,,,
6a786d4f-59bb-44c5-95ec-87ac66f2d41a,species,SP5,order,Passériformes,,,
d2b5e0bf-1ac0-4578-81dd-31a0916db858,species,SP5,species,Acrocephalus paludicola,,,
5b9e0e47-427c-4a81-aa50-f12abe2aa274,species,SP5,subside_group,SG2,,,
60eee701-a479-4f24-b3dc-8b330c275fb5,species,SP50,agw_group,Grand échassier,,,
ab92fb59-8992-44ab-b526-36d1ae06704b,species,SP50,class,Aves,,,
474a842b-3a7b-4e6c-8d68-8cc87b431e71,species,SP50,creaves_species,Héron cendré,,,
8ecbe927-876c-495e-9b6c-e40429e596fa,species,SP50,family,Ardeidés,,,
3d5cb036-84ec-4c4e-859f-4789a7d019b1,species,SP50,native_status,NS1,,,
e923d0da-bab2-417f-8490-5ee2a632d530,species,SP50,order,Pélécaniformes,,,
3d519a7d-2759-48db-b27f-27d8df6fa078,species,SP50,species,Ardea cinerea,,,
81ec2a8b-c50e-45cb-ac40-fa944da81643,species,SP50,subside_group,SG1,,,
e7ccda1c-993a-4628-a2af-daf4a4e21b39,species,SP51,agw_group,Grand échassier,,,
107637e8-8010-47f4-b659-9a46624ea2e9,species,SP51,class,Aves,,,
3cf32972-efc3-49f5-9d7d-1f9b17acbc30,species,SP51,creaves_species,Héron pourpré,,,
5127fb36-97ab-4279-94d2-b325ff441b8f,species,SP51,family,Ardeidés,,,
6fffc119-650f-4078-b268-40c393f60627,species,SP51,native_status,NS1,,,
d2b359d9-8baf-4d37-ab8a-2c21139d6fa1,species,SP51,order,Pélécaniformes,,,
2450f40a-a3b5-4e49-ba8a-fea012063d0d,species,SP51,species,Ardea purpurea,,,
41e09798-5e8b-4c2e-beee-dd278d56400a,species,SP51,subside_group,SG1,,,
6c15aa4c-8bd4-4754-a8b9-aa77d10069f9,species,SP52,agw_group,Grand échassier,,,
2651bd5c-736e-4e73-81d9-a1fec0620889,species,SP52,class,Aves,,,
1fe909f5-0d4e-466e-ad79-06ac8060a7f1,species,SP52,creaves_species,Crabier chevelu,,,
5dbbc703-c870-4dd7-a4ba-d855bf3ee7c7,species,SP52,family,Ardeidés,,,
8324a332-db92-4596-baf2-5798e59b1c0b,species,SP52,native_status,NS1,,,
672034f3-7a25-4921-a921-5239289a2602,species,SP52,order,Pélécaniformes,,,
d7444b8e-6b75-485c-99d7-399f06c80f6e,species,SP52,species,Ardeola ralloides,,,
0f1665eb-e2fb-456d-a9e5-1229fe826787,species,SP52,subside_group,SG1,,,
332db0d3-3648-494a-8896-8abedacb7a1c,species,SP53,agw_group,Limicole,,,
becfca0c-53b2-4d89-b7f3-64c2f23b0d3e,species,SP53,class,Aves,,,
cfd8d3fe-cfe2-4d13-a0ad-322a33ed7b94,species,SP53,creaves_species,Tournepierre à collier,,,
2d2b1214-3f34-4c91-ab9c-31e3da6a055c,species,SP53,family,Scolopacidés,,,
a0f3f3c2-907a-4e43-ba53-5a5000081ea4,species,SP53,native_status,NS1,,,
16c9207d-19e1-4f1d-b70a-eece59a70e03,species,SP53,order,Charadriiformes,,,
6ee2bc52-d2a6-4d86-a734-06e865122b1a,species,SP53,species,Arenaria interpres,,,
be9738c5-6784-4a0b-bf35-78dc7cc08d73,species,SP53,subside_group,SG1,,,
da4f0e7d-ed51-491e-a9f5-370f794dadaf,species,SP54,agw_group,Micro-mammifère,,,
ab20659c-17f1-4ff7-b1a1-d0fdc51fae1b,species,SP54,class,Mammalia,,,
d3af875a-0e27-423d-83a8-2ffd3796dd3a,species,SP54,creaves_species,Campagnol terrestre,,,
90f486e1-2f9c-431b-8f62-cb66476b506b,species,SP54,family,Muridés,,,
b0f3417d-fe01-4fe3-ac60-a378dabe33c6,species,SP54,native_status,NS1,,,
de7c16a9-7516-4881-9e72-75521014158a,species,SP54,order,Muroidea,,,
181dae9e-5002-49f7-8992-d24e43e1f418,species,SP54,species,Arvicola terrestris,,,
6bbd894e-f1d3-457b-8241-483e286b4a2c,species,SP54,subside_group,SG3,,,
6e34b169-e7ea-48ae-a133-542ef1d9f69c,species,SP55,agw_group,Rapace,,,
2b37d0fe-3802-4f75-ae3f-9e83ec23c7c8,species,SP55,class,Aves,,,
c12c915e-0fc2-4362-bfcb-dd77c80eb962,species,SP55,creaves_species,Hibou des marais,,,
cfcb4347-c3e5-4dee-9570-89b187ff8bca,species,SP55,family,Strigidés,,,
0ea5a643-b933-4a20-880b-eb780f33ae2f,species,SP55,native_status,NS1,,,
970ffca2-b63b-4d7f-b67e-6ab13290746e,species,SP55,order,Strigiformes,,,
4f953802-d62c-4f4d-a677-7672fcac6c82,species,SP55,species,Asio flammeus,,,
4f30dc2c-4102-4c46-a6ac-e43d607880ec,species,SP55,subside_group,SG1,,,
20c41fb7-3fa9-49e9-a4e9-1f602dc39378,species,SP56,agw_group,Rapace,,,
724211de-fd5e-46de-add7-ac99b0c5a9c8,species,SP56,class,Aves,,,
9b5dabd0-1ba3-4588-a67d-2a6d1e78a097,species,SP56,creaves_species,Hibou moyen-duc,,,
ff8b39bb-2ded-4737-95df-09c07c43ad94,species,SP56,family,Strigidés,,,
92b3cdb6-2a70-4ab2-9f87-dbe0f984b927,species,SP56,native_status,NS1,,,
378ad9ad-1b03-4b42-9d7a-bd0e7c6efdc3,species,SP56,order,Strigiformes,,,
e8bf42b9-492e-4b53-9279-b2b07ef67e3f,species,SP56,species,Asio otus,,,
0303efe6-46bb-48bc-b166-5c3d8156ce10,species,SP56,subside_group,SG1,,,
ed57b916-d6c7-4981-9407-52506163b2f9,species,SP57,agw_group,Rapace,,,
4ac91d0c-9388-4fd4-9501-1de211fb113f,species,SP57,class,Aves,,,
40582618-ae32-49c7-9a14-85979f22af60,species,SP57,creaves_species,Chevêche d'Athena,,,
064f7420-5b3d-484f-8c68-1c21ae5eef2f,species,SP57,family,Strigidés,,,
59031cf9-9593-4a87-adb7-eb6c683cda07,species,SP57,native_status,NS1,,,
46f33c22-d74b-4f57-ad9b-d1c66842ab18,species,SP57,order,Strigiformes,,,
003a9e07-1c3e-40fb-8c56-ef00f9339ea0,species,SP57,species,Athene noctua,,,
bcac3687-d160-43b1-9837-69b25f21a1a2,species,SP57,subside_group,SG1,,,
8b11d88a-354e-487d-9daf-fd8a5d6af2fb,species,SP58,agw_group,Autre oiseau,,,
97c12bb5-3077-4b8b-9bc1-5fc25c379aa4,species,SP58,class,Aves,,,
1e9a5a05-0926-48d9-a0cd-33bd1cb69dcc,species,SP58,creaves_species,Remiz penduline,,,
7d16800c-469e-426f-b7cc-9ab30ed9a0ea,species,SP58,family,Rémizidés,,,
52339d65-eb81-4279-8ed0-717ae24f3907,species,SP58,native_status,NS1,,,
132591a7-8ce8-4519-a7c5-78d1c70fe8de,species,SP58,order,Passériformes,,,
a83d5968-36e8-42dc-9f87-00e29ace95f6,species,SP58,species,Remiz pendulinus,,,
77337ad9-115b-4bdd-9443-52f679e28247,species,SP58,subside_group,SG2,,,
240ee06a-b69c-4176-ab87-f5c0a3e5f2d9,species,SP59,agw_group,Anatidé  / grèbe,,,
f069bedb-0d36-4443-987a-5b5337118217,species,SP59,class,Aves,,,
dd9e8273-0290-4a5c-b71d-595a2146e209,species,SP59,creaves_species,Fuligule à bec cerclé,,,
98379579-6e7d-4472-bd24-5ad1617f0ec5,species,SP59,family,Anatidés,,,
3f537b25-51ea-4c07-a61f-41282b918c63,species,SP59,native_status,NS1,,,
0d0a2f57-ea94-4259-9834-ee815d5d0982,species,SP59,order,Ansériformes,,,
f6999baf-763e-492b-a173-42963e75ec1d,species,SP59,species,Aythya collaris,,,
e97543f7-046c-4f1e-9cb4-ec70a3c0907a,species,SP59,subside_group,SG1,,,
f152d9f0-9840-4885-a2bd-fb5870037ef9,species,SP6,agw_group,Autre oiseau,,,
4cb6b0a1-c1c2-47b2-9864-ba652276f85f,species,SP6,class,Aves,,,
fa590a9b-cbc1-4094-9040-55a57342d2ef,species,SP6,creaves_species,Rousserolle verderolle,,,
09f622c3-171a-4ce3-9a48-45611cf59f51,species,SP6,family,Acrocéphalidés,,,
6b1df36e-9693-437f-bd54-26df37ce509d,species,SP6,native_status,NS1,,,
5f7d42b1-736c-4a91-b61f-4542b2646b24,species,SP6,order,Passériformes,,,
451206b7-af43-4ff8-b030-01c80c1852c4,species,SP6,species,Acrocephalus palustris,,,
7aeb42d2-b75d-48ec-b1c9-e485eb250431,species,SP6,subside_group,SG2,,,
25eae674-8f06-45f6-b7e4-d143f33e359a,species,SP60,agw_group,Anatidé  / grèbe,,,
c1ef03f4-4e1f-48f8-824b-99d9ec018e46,species,SP60,class,Aves,,,
894287e3-6bd6-4975-938a-1361ce81a985,species,SP60,creaves_species,Fuligule milouin,,,
dc356071-711b-4ed5-b359-a9e95c79a127,species,SP60,family,Anatidés,,,
9e6556a3-b63a-4263-abc7-4b46c503daf9,species,SP60,native_status,NS1,,,
09dd102c-b328-4e76-bb05-a77c65a3ebe5,species,SP60,order,Ansériformes,,,
7652f6ec-28ab-43b6-925c-2052411ff415,species,SP60,species,Aythya ferina,,,
fde2bbb9-6720-47e3-941d-9126f50c0487,species,SP60,subside_group,SG1,,,
53624409-031f-4f51-ae94-2cbf9b7e8782,species,SP61,agw_group,Anatidé  / grèbe,,,
ee20f5b2-b9fe-4ca3-92ba-bd14eb95bb2f,species,SP61,class,Aves,,,
fd5f99a1-3603-4b0f-8838-8477907cbcf1,species,SP61,creaves_species,Fuligule morillon,,,
763afbdf-981f-4627-a0bc-e7de1c37ab92,species,SP61,family,Anatidés,,,
512dc345-b50b-4db3-bed5-fe471385217a,species,SP61,native_status,NS1,,,
92ec34d8-ddac-4fd5-9b94-d8eadbd5edd8,species,SP61,order,Ansériformes,,,
0eab40d0-0a4e-4649-821d-e6ebc8f9835e,species,SP61,species,Aythya fuligula,,,
3d3bacea-fa38-4dd4-b7dd-698dac661d59,species,SP61,subside_group,SG1,,,
c0ace59d-e11b-4079-9162-ed5225e42623,species,SP62,agw_group,Anatidé  / grèbe,,,
05b14b33-4dcc-4246-a694-731168545303,species,SP62,class,Aves,,,
b17c901d-90ef-497f-9298-a69fe3b1ee0d,species,SP62,creaves_species,Fuligule milouinan,,,
e4cdccb4-df6a-444a-b845-c1f9424b4423,species,SP62,family,Anatidés,,,
ec98b6fd-c9dd-485e-981b-adb0fcb12e9d,species,SP62,native_status,NS1,,,
ee5341e6-dfac-4473-92ad-5ee67314200c,species,SP62,order,Ansériformes,,,
717c1e0e-9f5a-4849-a42f-064a5a32c55e,species,SP62,species,Aythya marila,,,
3cf6ba8d-e7bd-43bd-bf02-c13bf66ab35c,species,SP62,subside_group,SG1,,,
881afe20-d7fd-4f25-bad3-56471935a9e4,species,SP63,agw_group,Anatidé  / grèbe,,,
db18dee8-034e-4960-b8d4-d62349068a49,species,SP63,class,Aves,,,
26270385-1898-4134-88db-30c189f9ea5d,species,SP63,creaves_species,Fuligule nyroca,,,
2912cb06-ae16-49a8-adc4-18ee44ccef49,species,SP63,family,Anatidés,,,
307cbbef-4f5c-46b4-9cfa-03076429eca3,species,SP63,native_status,NS1,,,
4877d520-bb25-457a-bf81-45b477d763a3,species,SP63,order,Ansériformes,,,
fd231826-b454-4447-b262-873e83d26ddc,species,SP63,species,Aythya nyroca,,,
5e4f5bac-b114-43cc-9e66-2a481df52d7e,species,SP63,subside_group,SG1,,,
cfd4709c-b6cc-4f95-80f6-4ca318f552fb,species,SP64,agw_group,Chauve-souris,,,
f9ef8d94-5dc3-433a-9b67-9c95d21f9545,species,SP64,class,Mammalia,,,
9a8104ba-5932-4c23-806a-4cdf1ce95895,species,SP64,creaves_species,Barbastelle,,,
81885c57-aacd-4fbe-ae2c-cc3474f8540f,species,SP64,family,Verspertilionidés,,,
192568d2-636a-48d3-8e78-0199637b436d,species,SP64,native_status,NS1,,,
409cbaab-7ecd-4708-b145-85a156b16ee2,species,SP64,order,Chiroptera,,,
76f725fb-9dba-41cc-bb30-de931258a109,species,SP64,species,Barbastella barbastellus,,,
e2246bbe-b973-4156-bfd7-84a846b1ac23,species,SP64,subside_group,SG2,,,
2119064b-0221-4cad-a073-56f2057572fc,species,SP65,agw_group,Batracien,,,
b0348925-7638-4e2b-98da-c76074254d78,species,SP65,class,Amphibia,,,
33004f1a-6d50-4561-ac5e-c49d0b3b1a51,species,SP65,creaves_species,Sonneur à ventre jaune,,,
19d9a1c3-ba55-477b-8622-f3a58097733d,species,SP65,family,Bombinatoridae,,,
98f8888f-5202-4032-86e8-2a293c3e8a67,species,SP65,native_status,NS1,,,
39ecc0cb-0eb7-42cf-b227-5bd1b51f7056,species,SP65,order,Anura,,,
9336364f-bcac-4bc1-ba9b-50b3ca0f63a8,species,SP65,species,Bombina variegata,,,
e010efe5-cb56-4ba8-90ac-ba51b248e38b,species,SP65,subside_group,SG2,,,
20a614ac-0982-4b40-882a-60ba44fe4ec6,species,SP66,agw_group,Autre oiseau,,,
e61f0c5b-4641-480d-bf95-5fc9e058a613,species,SP66,class,Aves,,,
74b7c81a-4611-4bf7-865a-82685fef5c35,species,SP66,creaves_species,Jaseur boréal,,,
6a2716a7-6d8b-44b8-b3b3-14975a9d2a25,species,SP66,family,Bombycillidés,,,
57b183a7-93b3-4f56-9329-4f32840315c4,species,SP66,native_status,NS1,,,
c7fc0958-bf36-4f8d-8c16-1857c6f4370a,species,SP66,order,Passériformes,,,
58dde641-582d-4afb-9550-d696d8fc0eb6,species,SP66,species,Bombycilla garrulus,,,
918c4787-375a-47ec-8704-825e255ada5a,species,SP66,subside_group,SG2,,,
83f9d4ed-54b7-4cc4-8414-99244949e9be,species,SP67,agw_group,Autre oiseau,,,
1dad929e-0e42-42ec-ab28-f7055d0e0735,species,SP67,class,Aves,,,
0a468e86-b1a0-46ad-b89a-79fd3ea5a8c6,species,SP67,creaves_species,Gélinotte des bois,,,
84ebdc1e-94a9-4493-af5f-cc18e9450816,species,SP67,family,Phasianidés,,,
d116e565-94d8-4106-acd8-51ee915d54cd,species,SP67,native_status,NS1,,,
9c4e905c-c8ce-4da2-b645-fff67a2bb868,species,SP67,order,Galliformes,,,
adce37bf-e5aa-4bc8-8ace-1791b6bf6596,species,SP67,species,Bonasa bonasia,,,
b3cc4d48-cffc-4a09-8723-328742da5c3b,species,SP67,subside_group,SG2,,,
28bc32f6-7def-4452-9ce0-163c32536ca9,species,SP68,agw_group,Grand échassier,,,
06308e74-57d9-432a-848d-0174c131caac,species,SP68,class,Aves,,,
02823aa1-90eb-4dac-96f3-93ec1f0478bf,species,SP68,creaves_species,Butor étoilé,,,
1ff34455-a1c6-480d-8e65-093d618d4a9f,species,SP68,family,Ardeidés,,,
ed172725-87ee-49ac-bf1a-1867584501ea,species,SP68,native_status,NS1,,,
d9d4951f-0860-46a5-b428-2367a8107737,species,SP68,order,Pélécaniformes,,,
a7014d2a-5a7e-4576-adff-a547528d7c66,species,SP68,species,Botaurus stellaris,,,
e3f12287-57ea-47b7-b389-d63ea1912120,species,SP68,subside_group,SG1,,,
2242fc1f-e0aa-46ae-89c7-bf9dfa46dd25,species,SP69,agw_group,Anatidé  / grèbe,,,
be4c1ba1-1253-4e6d-a3aa-4cac737c134b,species,SP69,class,Aves,,,
39c621b9-7b78-4d31-97bb-1dc5748af4af,species,SP69,creaves_species,Bernache cravant,,,
82f1c9e2-7f9b-4b34-a441-cd96e67462c3,species,SP69,family,Anatidés,,,
88b6b621-00a2-4671-af5d-28c61a673934,species,SP69,native_status,NS1,,,
9a50cb99-8ca5-48d2-ba93-0b60f8ff2b2d,species,SP69,order,Ansériformes,,,
0597879c-7264-449d-bc25-0a1f687886bd,species,SP69,species,Branta bernicla,,,
ac7c6bcb-dcc9-4ed1-afb3-18b2961a4191,species,SP69,subside_group,SG1,,,
968d847c-d92f-4146-a893-8e6e68ebf67d,species,SP7,agw_group,Autre oiseau,,,
26721c35-e635-4bf7-9687-f87eafc063f2,species,SP7,class,Aves,,,
7865ac51-ce77-46b9-b6ac-b879b46753f4,species,SP7,creaves_species,Phragmite des joncs,,,
fb24733f-5d2a-4685-8559-b497c11b945e,species,SP7,family,Acrocéphalidés,,,
b1bcdd79-7ee2-4049-b417-08607abdba3e,species,SP7,native_status,NS1,,,
5ed35ed5-e2eb-4135-9600-b7dc61b1146b,species,SP7,order,Passériformes,,,
187a7f88-b57f-40e9-a021-604adf8858c7,species,SP7,species,Acrocephalus schoenobaenus,,,
00c6633c-904e-463f-99f7-e82c86026c1a,species,SP7,subside_group,SG2,,,
37c63adf-90ce-4f59-9152-501f40cca0fe,species,SP70,agw_group,Anatidé  / grèbe,,,
7125f8b2-cf98-41de-ae0a-f3dd56d7f86d,species,SP70,class,Aves,,,
1cb6280a-07ac-4dd1-8a54-d853a34b8251,species,SP70,creaves_species,Bernache du Canada,,,
fa8bf568-9832-478e-beea-af18cd4cf9e9,species,SP70,family,Anatidés,,,
649269d0-cd3d-4d0e-9599-753c5b236a27,species,SP70,native_status,NS2,,,
6361924e-5ba3-4538-8c64-db2b5a88c52f,species,SP70,order,Ansériformes,,,
25f8969a-52f8-46fd-bc4e-eb69fc3ec366,species,SP70,species,Branta canadensis,,,
22f4c4ed-6f79-4d5f-816b-36d15f76c080,species,SP70,subside_group,SG1,,,
f51b972b-ba02-44e8-9952-ef646e8f5cd9,species,SP71,agw_group,Anatidé  / grèbe,,,
aa2f17e1-9820-43b8-839a-1ce7746e6e4f,species,SP71,class,Aves,,,
1388d1c2-6ab6-4642-bb59-982c5d0737c1,species,SP71,creaves_species,Bernache nonnette,,,
6ede5b18-2847-45b3-8c11-2014ba9088af,species,SP71,family,Anatidés,,,
8709391b-75f1-4a5b-b651-dd2f1ed0396b,species,SP71,native_status,NS1,,,
1acec12b-7158-4137-8773-93e349e78663,species,SP71,order,Ansériformes,,,
cf40080a-bde1-432d-bb63-07082733d287,species,SP71,species,Branta leucopsis,,,
e1592f59-81ec-4559-80c3-99707327d744,species,SP71,subside_group,SG1,,,
df565af7-6814-4728-9388-01ce0367b002,species,SP72,agw_group,Anatidé  / grèbe,,,
9314b119-0c80-44ab-9b84-0732f1e75d5a,species,SP72,class,Aves,,,
cb5c5f90-4e1b-4bc9-a133-2cae31b20ab9,species,SP72,creaves_species,Bernache à cou roux,,,
8c524dda-37ac-4973-9f0a-574fdce899ba,species,SP72,family,Anatidés,,,
fa360f9d-5740-46b2-9939-0c3d2209531c,species,SP72,native_status,NS1,,,
7e80b8b0-2940-4726-8002-02c4a0564d8b,species,SP72,order,Ansériformes,,,
f86b1aaa-19f2-4016-80dc-f87fe5ccd486,species,SP72,species,Branta ruficollis,,,
6d8d7272-4916-4943-86bb-1bf932a0e253,species,SP72,subside_group,SG1,,,
e3dd0ba0-77f4-4dad-be30-0196a076035b,species,SP73,agw_group,Rapace,,,
d800e398-bfef-47b4-a2fa-085513c694a1,species,SP73,class,Aves,,,
199de138-d60e-46f1-be6d-1ddfd64d9719,species,SP73,creaves_species,Grand-Duc d'Europe,,,
b25806cd-a1bc-4c09-ab0b-12f5161a1c59,species,SP73,family,Strigidés,,,
0d1dce29-fae0-4f5c-a5b2-46a23dadcd92,species,SP73,native_status,NS1,,,
b569453e-db0d-4f51-8101-0d2afdba6e9a,species,SP73,order,Strigiformes,,,
ca524b64-8bcd-45c1-8457-cf3444b74b61,species,SP73,species,Bubo bubo,,,
b978d3d6-9d35-4697-a29e-b9c959e1edd3,species,SP73,subside_group,SG1,,,
924df28b-0821-4fa9-891a-f9939ac6bffe,species,SP74,agw_group,Grand échassier,,,
7c80cf7f-47b7-4ebd-bc83-15421ff023da,species,SP74,class,Aves,,,
b817b0ec-1605-4a14-94a9-c4078f263f24,species,SP74,creaves_species,Héron garde-boeufs,,,
b8336360-5838-4121-aac9-e3a3228020ee,species,SP74,family,Ardeidés,,,
9d3ab1c8-5d5b-4d9c-8ff7-fdcf64dd2a6a,species,SP74,native_status,NS1,,,
08304b6e-c436-496f-85b1-3d4481093a8a,species,SP74,order,Pélécaniformes,,,
5469ffab-bdaf-4394-83a8-c4add6642811,species,SP74,species,Bubulcus ibis,,,
31dd90e2-ec8b-4851-8173-467c8e334ae8,species,SP74,subside_group,SG1,,,
55d36f61-7751-4475-b542-b5628ca332f9,species,SP75,agw_group,Anatidé  / grèbe,,,
03fdd411-9ebf-4637-beeb-7190be56f313,species,SP75,class,Aves,,,
0db59ad3-daee-442d-a2fb-d8ba2bbba264,species,SP75,creaves_species,Garrot à oeil d'or,,,
1a4ecbc5-82bf-45cf-84fd-09e16f4b86b5,species,SP75,family,Anatidés,,,
9850a0bb-8fb2-4e45-9a5b-4cc8f5d8ae91,species,SP75,native_status,NS1,,,
9d4e724f-c8a7-4276-b974-b1c7bbd3ff56,species,SP75,order,Ansériformes,,,
b14e090a-2537-480d-a73a-f3194c36afe9,species,SP75,species,Bucephala clangula,,,
fa2c2e9e-bcb1-453b-ae64-fae1a0b5f67f,species,SP75,subside_group,SG1,,,
e86e236a-3504-4680-9c8c-ed0afc9a83d7,species,SP76,agw_group,Batracien,,,
b68430a5-be05-4cd7-b663-e324c528f67e,species,SP76,class,Amphibia,,,
279c812a-253c-46fe-9f0c-08686197cefa,species,SP76,creaves_species,Crapaud commun,,,
3bec584d-61e2-485b-b763-ccced60f8877,species,SP76,family,Bufonidae,,,
ad3db0f9-f54d-4230-9911-34feae5c62de,species,SP76,native_status,NS1,,,
559ec34d-9009-491b-b183-fd1c27dfbadf,species,SP76,order,Anura,,,
9a68dd0f-fa2e-4270-8a64-4c457fe1f560,species,SP76,species,Bufo bufo,,,
9bc596b0-4bd4-4ef0-aa62-4815e90ee429,species,SP76,subside_group,SG2,,,
8e57e733-1dc4-4352-92bd-244a6ff0e175,species,SP77,agw_group,Batracien,,,
dbc82d85-aee9-424c-b986-d6e06bb00faa,species,SP77,class,Amphibia,,,
476a2944-6350-4a50-b82d-4253bdd8eeea,species,SP77,creaves_species,Crapaud calamite,,,
b050bc81-d543-4b8f-9d41-ffdd44b22a76,species,SP77,family,Bufonidae,,,
17b67709-8c86-431f-87c2-84ff53f5a1c2,species,SP77,native_status,NS1,,,
a367d967-55c4-4f6c-8dc6-1de91591aceb,species,SP77,order,Anura,,,
0148892d-cf24-4d39-9cf6-cc3d4de23b3a,species,SP77,species,Bufo calamita,,,
769c396a-df09-47cc-b9aa-18571e0090f6,species,SP77,subside_group,SG2,,,
077c8560-0746-4322-bab5-df689af6825a,species,SP78,agw_group,Limicole,,,
c2faf0e2-7f40-4fa6-ab32-dedd5f4412dd,species,SP78,class,Aves,,,
440bee88-d3aa-46f1-8d9e-df10c35820d9,species,SP78,creaves_species,Oedicnème criard,,,
d41fa59d-ea49-43b2-a9f5-afb8a15d8004,species,SP78,family,Burhinidés,,,
b60123b6-c038-4a9d-901e-e0f717ad7fb4,species,SP78,native_status,NS1,,,
bc58ea22-590d-48f0-846c-9fe29d414a35,species,SP78,order,Charadriiformes,,,
bd5cff5d-10a8-4153-859f-95a886fc002c,species,SP78,species,Burhinus oedicnemus,,,
59084d37-4e23-4258-8d0f-049456fc5264,species,SP78,subside_group,SG1,,,
c19e96f0-9681-4aa6-8b25-cdcd0f727a9e,species,SP79,agw_group,Rapace,,,
56a93f52-be5b-4b52-a5a2-2bc87450b833,species,SP79,class,Aves,,,
ffa9e8f2-367e-43b8-b61a-616c1653884f,species,SP79,creaves_species,Buse variable,,,
7f157fdc-02bd-447c-92e3-29deb0fbc9db,species,SP79,family,Accipitridés,,,
b78f2f76-377c-45f5-9559-79e969777531,species,SP79,native_status,NS1,,,
62537694-13de-4470-b32a-2a350cbea70d,species,SP79,order,Accipitriformes,,,
6f3d022d-789b-4cd5-8a04-81c7d54ea6a0,species,SP79,species,Buteo buteo,,,
f610cdcc-1fc2-4d76-a9db-b19e0df5497c,species,SP79,subside_group,SG1,,,
ef762ff2-fff7-4568-a3ab-55b7f98f218a,species,SP8,agw_group,Autre oiseau,,,
89fca58b-7782-4844-a460-08d7e80c40e7,species,SP8,class,Aves,,,
4ac38fe6-680b-4fa3-b9bd-b859757cc5f0,species,SP8,creaves_species,Rousserolle effarvatte,,,
e8fba0db-9038-4de5-b366-5c295bcf479b,species,SP8,family,Acrocéphalidés,,,
650df5eb-7529-45dd-bf26-add851691b9f,species,SP8,native_status,NS1,,,
2c853256-9560-427e-9fc5-482957773e80,species,SP8,order,Passériformes,,,
6c3106b2-8766-4ab9-bf6e-c2874b518eec,species,SP8,species,Acrocephalus scirpaceus,,,
72ff0d11-ecbb-4269-a594-a867b7e24980,species,SP8,subside_group,SG2,,,
27282c8b-cc57-4fde-9ebd-beb3cc600147,species,SP80,agw_group,Rapace,,,
0a098f26-6c1b-4e26-b5ad-7e3ab325508c,species,SP80,class,Aves,,,
6ae53c8c-01a4-47a8-9bda-0b47cf4e845f,species,SP80,creaves_species,Buse pattue,,,
223d8a09-878c-420d-b237-6fc386f7bd50,species,SP80,family,Accipitridés,,,
60b178a1-1d40-4bf5-bd99-070bdb321190,species,SP80,native_status,NS1,,,
eebe00e8-dbd2-482d-bfbe-3fafd169f5a0,species,SP80,order,Accipitriformes,,,
c2f29383-ac04-457e-ae30-2038194a7569,species,SP80,species,Buteo lagopus,,,
bc703728-0f30-407d-8a4d-2d30b79ea9b4,species,SP80,subside_group,SG1,,,
e3c9f70e-81c5-4adb-bb1a-b458183f2ec6,species,SP81,agw_group,Domestique,,,
f2bb6f2a-badd-48bf-88da-f7c4558ebbdf,species,SP81,class,Aves,,,
6b1161db-b7f5-41d8-a97d-b841383f0e5a,species,SP81,creaves_species,Canard de barbarie,,,
fef88890-7dc8-4202-abe6-f96d70140177,species,SP81,family,Anatidés,,,
1d5ce3c2-db63-42e3-9c31-5e5a0c85398c,species,SP81,native_status,NS4,,,
5415c1e5-90a9-4b68-bf61-abdd17946312,species,SP81,order,Ansériformes,,,
3ccb945f-54d8-409c-83bc-89be6978bdbe,species,SP81,species,Cairina moschata,,,
49717e08-0d83-4475-ac07-7a2dd6580b4e,species,SP81,subside_group,SG4,,,
03d297c0-2a69-427f-9dbd-568d1573c7e2,species,SP82,agw_group,Autre oiseau,,,
a2c16ce9-9ea6-42ea-abe1-8110844b0adc,species,SP82,class,Aves,,,
3708fc3e-70f2-4ead-a1b1-58fac8ec6f66,species,SP82,creaves_species,Alouette calandrelle,,,
9308acfd-4399-46d4-a08c-2fb137db05af,species,SP82,family,Alaudidés,,,
3d4eb929-a514-4407-9917-b7287f5c601a,species,SP82,native_status,NS1,,,
f4d5e967-2fa3-46aa-9b12-75553581361f,species,SP82,order,Passériformes,,,
255c3bb3-bf30-4791-a3b7-ff5bf54daa5e,species,SP82,species,Calandrella brachydactyla,,,
48499dbf-35f8-406e-85ab-13264dad5b5e,species,SP82,subside_group,SG2,,,
12fc1456-6ed3-4fd7-9a14-bef737fe203d,species,SP83,agw_group,Autre oiseau,,,
5fd4ff0d-98cb-4268-8bf2-485f2275b20c,species,SP83,class,Aves,,,
a66b916a-3094-471d-a575-cbf38c1e6eac,species,SP83,creaves_species,Bruant lapon,,,
fbd129d0-63ef-4055-bb4d-260001184742,species,SP83,family,Emberizidés,,,
5e9fb9d7-4d2f-4948-935e-7751ef9aa685,species,SP83,native_status,NS1,,,
545fb454-997d-47ea-848e-43e0bb81b88e,species,SP83,order,Passériformes,,,
b8e40d5f-258c-4c4d-8cac-a20216c8909f,species,SP83,species,Calcarius lapponicus,,,
f97b1e6b-8889-4483-b5e0-1cd128fef8bf,species,SP83,subside_group,SG2,,,
5bc5a3c0-83fc-48a4-a1b5-2a4a6dca1775,species,SP84,agw_group,Limicole,,,
fe9b3066-9994-47f1-b43e-23791dd01067,species,SP84,class,Aves,,,
43f5222f-caa5-4316-8826-a3fe7fde05e7,species,SP84,creaves_species,Bécasseau à queue pointue,,,
4b2870be-d27c-4e31-84a1-f70c25074f3d,species,SP84,family,Scolopacidés,,,
d4f29d52-9509-49e4-91aa-6e9562931d81,species,SP84,native_status,NS1,,,
81bf6b6b-2396-42c4-8d13-b22bfb5bb2e1,species,SP84,order,Charadriiformes,,,
5c137f99-fe24-4490-97aa-215314820afd,species,SP84,species,Calidris acuminata,,,
d1d99816-5ca3-40e4-8fdc-558caf9e8eda,species,SP84,subside_group,SG1,,,
2f58d404-ff83-4c63-a775-516b5407141c,species,SP85,agw_group,Limicole,,,
c37a0acd-f3c8-4373-b8dc-24b11a9fc061,species,SP85,class,Aves,,,
0200a459-1864-430a-8cf2-33c62b621944,species,SP85,creaves_species,Bécasseau sanderling,,,
7b784612-a892-4161-ada8-43338d8cf49a,species,SP85,family,Scolopacidés,,,
916cb3d7-4e71-4eb7-8a3c-97af4e9654e8,species,SP85,native_status,NS1,,,
fbb1b2b1-dd00-4f58-b8ee-d11dfd49b614,species,SP85,order,Charadriiformes,,,
008eaeab-4aca-49ab-b853-f53626d4a7af,species,SP85,species,Calidris alba,,,
932fbb2b-0712-4f4b-93db-cd81f1239e36,species,SP85,subside_group,SG1,,,
643c5560-2404-42fe-ae06-feffa7b513a5,species,SP86,agw_group,Limicole,,,
767f9327-cb4d-4b37-b53c-bb9a4e3bb612,species,SP86,class,Aves,,,
eabeb671-6744-4e3f-8231-cec6c03c793c,species,SP86,creaves_species,Bécasseau variable,,,
15588f23-50ba-4151-a057-9981a65a596a,species,SP86,family,Scolopacidés,,,
fb847e57-fae8-4611-8da2-fcbbedd581f8,species,SP86,native_status,NS1,,,
8878f8f4-9fa4-4989-abf0-3245618faeeb,species,SP86,order,Charadriiformes,,,
9bb09d5a-ea21-4765-bf82-f3a1a6625b63,species,SP86,species,Calidris alpina,,,
c8fb7bd9-5941-41b2-912c-1e67d0d1f34b,species,SP86,subside_group,SG1,,,
91d83bad-1535-4db6-a453-9c2621e41a39,species,SP87,agw_group,Limicole,,,
809e5fe3-1fba-4fe1-a347-401cc0306c3e,species,SP87,class,Aves,,,
de8a3f32-53ec-4196-98b4-7723590fa342,species,SP87,creaves_species,Bécasseau maubèche,,,
946e14bc-519d-49a7-bc56-392255583018,species,SP87,family,Scolopacidés,,,
5f2e952b-8487-4090-84d5-6405437e7fa9,species,SP87,native_status,NS1,,,
01f664c4-d80a-450e-b2d5-94538f97c9e4,species,SP87,order,Charadriiformes,,,
feeb4f3b-ac9d-4752-9b5e-71632e9a4feb,species,SP87,species,Calidris canutus,,,
6a5adb81-a172-41d4-9a69-07588642c467,species,SP87,subside_group,SG1,,,
14389ba2-ed00-4b12-af94-ec6aa59d5ff4,species,SP88,agw_group,Limicole,,,
4106a1ca-4c76-4a10-be88-10d4bd99093a,species,SP88,class,Aves,,,
e5a3bc5c-a760-4335-aa06-f869d2b23072,species,SP88,creaves_species,Bécasseau cocorli,,,
32be5fb4-e870-41a9-b186-b32762d88366,species,SP88,family,Scolopacidés,,,
683e2825-340f-4044-a1bf-150fe256239b,species,SP88,native_status,NS1,,,
11223549-0633-42b5-9584-9538871cbefe,species,SP88,order,Charadriiformes,,,
a3c8bde2-d178-431b-88c4-103d74b5e8dd,species,SP88,species,Calidris ferruginea,,,
87e4983d-ca55-42e0-9880-1f6c767700fb,species,SP88,subside_group,SG1,,,
f8bfb37d-0c57-4ee1-a9f7-c0f7ee787070,species,SP89,agw_group,Limicole,,,
3e1d47f2-8051-40c2-8e47-93d3e53080a2,species,SP89,class,Aves,,,
7915ba6d-4ba5-4426-b38d-8c2c4a06bade,species,SP89,creaves_species,Bécasseau de Bonaparte,,,
5d2d6007-9dd4-43cc-9e30-1657325c2736,species,SP89,family,Scolopacidés,,,
c959ecfd-f425-4216-9002-86144bacc31a,species,SP89,native_status,NS1,,,
946b540e-855c-4fb1-8b23-05e944ccaaf0,species,SP89,order,Charadriiformes,,,
a1efaf7c-3c98-42ac-a536-52027292d63e,species,SP89,species,Calidris fuscicollis,,,
ec10fffb-e741-4175-af04-0b7b584f935d,species,SP89,subside_group,SG1,,,
e5181837-d64d-4355-ac2d-1378409e0495,species,SP9,agw_group,Limicole,,,
f1d5a8ed-e37b-4d29-b6d8-65e04c9c6f58,species,SP9,class,Aves,,,
602b5fb2-0f4b-4b06-bc59-bc20cdb4ec3b,species,SP9,creaves_species,Chevalier guignette,,,
7a4616fa-7331-4cd3-9dc0-8aef5ffdd719,species,SP9,family,Scolopacidés,,,
c5d0c752-194b-452a-9f2f-213b50c26aa4,species,SP9,native_status,NS1,,,
c6835279-fb88-4bb3-886d-75652238caf9,species,SP9,order,Charadriiformes,,,
6fa49e99-ee2d-441d-aba8-26f2f2ca36b2,species,SP9,species,Actitis hypoleucos,,,
30b9feec-94af-4390-9e30-f458859b6bcc,species,SP9,subside_group,SG1,,,
849e5b85-f53b-415b-aba7-2a6ac58a8b55,species,SP90,agw_group,Limicole,,,
ba3d4c24-4ce7-40c2-b11a-c2514ba14605,species,SP90,class,Aves,,,
39454399-8613-487b-8f99-2f1f4dff3729,species,SP90,creaves_species,Bécasseau tacheté,,,
dfa531cf-c2d9-407d-8020-2498092597c4,species,SP90,family,Scolopacidés,,,
769a155d-b1a9-43ad-9f68-810d9ba8dee7,species,SP90,native_status,NS1,,,
eb3e6346-df8b-4be9-8780-3abc5dff34b1,species,SP90,order,Charadriiformes,,,
2f20c015-14bf-4bd5-b7f1-7b8f8625f565,species,SP90,species,Calidris melanotos,,,
365d601a-9753-4703-a0f9-7699ad95995b,species,SP90,subside_group,SG1,,,
94ab1be0-22d0-4e4f-b934-c9fd7497dead,species,SP91,agw_group,Limicole,,,
891e5600-0646-4b8a-ac1e-d14a0ffa5589,species,SP91,class,Aves,,,
b6a77e77-336f-4344-b21b-aeaf9ca0d7a1,species,SP91,creaves_species,Bécasseau minute,,,
c6c20267-094d-49cf-9d72-1f392044cc0f,species,SP91,family,Scolopacidés,,,
67f0f965-136c-4173-a156-a3b4a28297e9,species,SP91,native_status,NS1,,,
be3cbfd8-1786-4213-b280-401d4fede565,species,SP91,order,Charadriiformes,,,
e0bb2198-cf0f-4ed1-b4c4-edb0ac0f3011,species,SP91,species,Calidris minuta,,,
7e511590-76d4-4417-88de-2410a30c5e52,species,SP91,subside_group,SG1,,,
4f9fd179-72b2-43be-ba29-a9b51efd420e,species,SP92,agw_group,Limicole,,,
003bbba4-6dc8-477c-8c6f-a0a24946067a,species,SP92,class,Aves,,,
35304d4c-0fec-421c-9780-da09c29d36eb,species,SP92,creaves_species,Bécasseau de Temminck,,,
c4fbd752-b2b6-4c5a-98d1-da307b9aa4f2,species,SP92,family,Scolopacidés,,,
ed045909-d504-4c52-ac7a-7a8714ccf363,species,SP92,native_status,NS1,,,
3ffe56d3-61c0-4ac3-93a9-b5b39fb105f8,species,SP92,order,Charadriiformes,,,
3ae8394e-7667-4f3d-950f-e013f34608e2,species,SP92,species,Calidris temminckii,,,
35c96c36-9a71-4fa2-be36-b87d4bdc05cf,species,SP92,subside_group,SG1,,,
065fc707-08c4-4e9a-a758-66cfc585256b,species,SP93,agw_group,Mammifère taille moyenne,,,
14bae4be-fd30-49cf-9afe-225f31dcf0b8,species,SP93,class,Mammalia,,,
9ddd0420-3095-40b3-9838-3749d4e7b279,species,SP93,creaves_species,Loup,,,
7e7fc5e0-7952-4710-a57f-4ae20c3d0074,species,SP93,family,Canidés,,,
68e228a9-615a-4fd8-84fb-a51585332d98,species,SP93,native_status,NS1,,,
90ef4d9e-8aa9-4365-9a38-20c6e7dabd2c,species,SP93,order,Carnivora,,,
dd4fc423-ff96-48ce-8441-328c53688996,species,SP93,species,Canis lupus,,,
1e0d6082-9f37-4da4-80d9-3f12e0c97799,species,SP93,subside_group,SG3,,,
1f44ed90-8938-4b09-803c-80f341c99d36,species,SP94,agw_group,Ongulé,,,
9a6590c3-a893-42ee-8766-dea27e84ed2b,species,SP94,class,Mammalia,,,
98bd8a57-3dbf-4108-a9d5-d17282b12c48,species,SP94,creaves_species,Chevreuil,,,
aa5db251-a801-4330-a244-a1e06e536563,species,SP94,family,Cervidés,,,
483d9432-fc19-4107-81af-ce60ab5ed5d5,species,SP94,native_status,NS1,,,
9786aabc-97cd-4eab-b775-691a6b15b98b,species,SP94,order,Pecora,,,
663ecf53-173c-4bfe-88ac-75cc9b88f83c,species,SP94,species,Capreolus capreolus,,,
fa3b37a8-dfcb-4307-89de-0f434290eb93,species,SP94,subside_group,SG3,,,
3225a276-5c58-48be-ae08-13f7783f6f08,species,SP95,agw_group,Autre oiseau,,,
4142d0fa-6ce8-4251-b62b-b581397d2f41,species,SP95,class,Aves,,,
50a4900d-5354-4e1e-9981-4c26bda4dd60,species,SP95,creaves_species,Engoulevent d'Europe,,,
aa5deb01-5ab2-4bc3-9651-3998f913b047,species,SP95,family,Caprimulgidés,,,
a406c671-6c2f-4480-b5e0-9ac4031eeb81,species,SP95,native_status,NS1,,,
1460643c-9af9-4d9c-82db-e35abdd6ccbf,species,SP95,order,Caprimulgiformes,,,
7be8c6ed-e94a-4aae-b9da-1bcb55068902,species,SP95,species,Caprimulgus europaeus,,,
a07c3219-428a-41ba-b101-f2a037e1cd40,species,SP95,subside_group,SG2,,,
3894414a-5513-4df3-a448-26808272bbc5,species,SP96,agw_group,Autre oiseau,,,
c7a6f292-f5d7-43c4-a15f-cc9947a0a714,species,SP96,class,Aves,,,
c30d3bc2-2f64-420a-91b0-f5cdae975ad7,species,SP96,creaves_species,Linotte mélodieuse,,,
59fdd060-9117-406d-bbf8-cf4a65ddd553,species,SP96,family,Fringillidés,,,
88d8b1c2-da23-46ff-967e-e195680d0dc4,species,SP96,native_status,NS1,,,
a18d819c-b7dd-4111-9b7e-66b85da20cbd,species,SP96,order,Passériformes,,,
4fb514a1-ecb9-4d3b-bc8e-65424a1c7abd,species,SP96,species,Carduelis cannabina,,,
a8821efc-c3c3-4df9-ad0d-dc711801e4f8,species,SP96,subside_group,SG2,,,
fea076ad-c700-4767-abc9-ea790b718122,species,SP97,agw_group,Autre oiseau,,,
081c84fd-9d5c-4d21-b2a0-44edf72f2de3,species,SP97,class,Aves,,,
78722bfd-d18e-4744-81be-0d402da9682e,species,SP97,creaves_species,Chardonneret élégant,,,
69bf45cf-ce6a-4976-9f1e-8083856a7cba,species,SP97,family,Fringillidés,,,
2af13cc0-b07f-4e9b-9eb4-23362a1ee878,species,SP97,native_status,NS1,,,
35e6e579-c2ce-41f4-8d71-f48a9e0a9225,species,SP97,order,Passériformes,,,
64a23960-7d47-4a66-8efa-83862b5c8d6d,species,SP97,species,Carduelis carduelis,,,
5899a9b5-7035-4249-b2eb-abf48a3710d6,species,SP97,subside_group,SG2,,,
e62d503d-48f0-4080-b07e-3dca6184f1cf,species,SP98,agw_group,Autre oiseau,,,
3f5e19a9-bf47-428b-9d87-8aa4803795ba,species,SP98,class,Aves,,,
54ba9a53-1f3b-44a9-b40e-49d72a7d55a8,species,SP98,creaves_species,Verdier d'Europe,,,
f68f0d96-59cf-4c07-a0da-1a818926ce67,species,SP98,family,Fringillidés,,,
ecf4f766-2f3c-4cb2-b05c-256410c1c4f8,species,SP98,native_status,NS1,,,
ad552385-a7b7-4541-aee7-2ef78c5cc36a,species,SP98,order,Passériformes,,,
dee12f90-30c9-47f8-9b3a-3e333a541f9f,species,SP98,species,Carduelis chloris,,,
9d18d9f0-591b-48e4-a061-bcc57372c6ae,species,SP98,subside_group,SG2,,,
8ab1057f-d99f-430e-92b4-e6542702bd7d,species,SP99,agw_group,Autre oiseau,,,
7b5fcc4b-a44c-43c0-a9fd-bfd8e7ef48db,species,SP99,class,Aves,,,
7ccbb1c8-e7d2-4473-b8fe-c8d7cf04b74d,species,SP99,creaves_species,Sizerin flammé,,,
c7e8a38d-2368-471b-aad9-99977a9e2ad1,species,SP99,family,Fringillidés,,,
cf2bde11-1842-4142-b05e-0af5bd313766,species,SP99,native_status,NS1,,,
12227cac-8fa3-4a96-92a3-d3847c19f0ba,species,SP99,order,Passériformes,,,
49613ca8-88e4-4720-8a83-aa61dd867105,species,SP99,species,Carduelis flammea,,,
e431cbae-9a31-4176-b3e2-6637ea6dd5b2,species,SP99,subside_group,SG2,,,
